INSERT INTO "public"."store_tool" ("name", "schema", "runnables", "unique_name", "group_name", "definition_name", "definition_group_name")
VALUES ('应用创建工具', '{"name":"应用创建工具","description":"这是一个用于应用创建的工具。","parameters":{"type":"object","properties":{"appInfo":{"type":"string","description":"应用创建的信息。"},"userId": {"type": "string","description": "应用id。"}},"required":["appInfo","userId"]},"order":["appInfo","userId"],"return":{"type":"string"}}', '{"FIT":{"fitableId":"default","genericableId":"modelengine.fit.jober.aipp.tool.create.app"}}', '1afdab63-62e3-4965-ac91-a7a66099f068', 'application-create-tool-group-name', 'application-create-tool-def-name', 'application-create-tool-def-group-name') ON CONFLICT ("unique_name", "version") DO NOTHING;
INSERT INTO "public"."store_definition" ( "name", "schema", "definition_group_name" )
VALUES( 'application-create-tool-def-name', '{"name":"应用创建工具","description":"这是一个用于应用创建的工具。","parameters":{"type":"object","properties":{"appInfo":{"type":"string","description":"应用创建的信息。"},"userId": {"type": "string","description": "应用id。"}},"required":["appInfo","userId"]},"order":["appInfo","userId"],"return":{"type":"string"}}', 'application-create-tool-def-group-name') ON CONFLICT ("definition_group_name", "name") DO NOTHING;
INSERT INTO "public"."store_tag" ("tool_unique_name", "name")
VALUES ('1afdab63-62e3-4965-ac91-a7a66099f068', 'FIT') ON CONFLICT ("tool_unique_name", "name") DO NOTHING;
INSERT INTO "public"."store_tag" ("tool_unique_name", "name")
VALUES ('1afdab63-62e3-4965-ac91-a7a66099f068', 'BUILTIN') ON CONFLICT ("tool_unique_name", "name") DO NOTHING;
INSERT INTO "public"."store_plugin" ("plugin_id", "plugin_name", "extension", "is_builtin") VALUES ('1256dfcef2355b7b4e76dc53626a98a4b863c3e33c12c43221d03907c025bce0', '应用创建工具', '{"name":"应用创建工具","version":"1.0.0","type":"python","description":"","pluginFullName":"python_plugin3.zip"}', TRUE) ON CONFLICT ("plugin_id") DO NOTHING;
INSERT INTO "public"."store_plugin_tool" ("tool_name", "plugin_id", "tool_unique_name") VALUES ('应用创建工具', '1256dfcef2355b7b4e76dc53626a98a4b863c3e33c12c43221d03907c025bce0', '1afdab63-62e3-4965-ac91-a7a66099f068') ON CONFLICT ("plugin_id", "tool_unique_name") DO NOTHING;

INSERT INTO "public"."store_tool" ("name", "schema", "runnables", "unique_name", "group_name", "definition_name", "definition_group_name")
VALUES ('创建应用', '{"fitableId":"water.flow.invoke","name":"创建应用","description":"根据用户问题智能生成应用配置信息，并自动创建应用，支持创建助手、数字人、智能体、机器人等。","manualIntervention":true,"parameters":{"type":"object","properties":{"aippId":{"description":"the aipp id of the waterFlow tool","default":"a35828ed08974b1b96be55f4e0f47bbe","type":"string"},"tenantId":{"description":"the tenant id of the waterFlow tool","default":"31f20efc7e0848deab6a6bc10fc3021e","type":"string"},"inputParams":{"type":"object","properties":{"traceId":{"type":"string"},"callbackId":{"type":"string"},"query":{"type":"String","description":"这是用户输入的问题"}}},"version":{"description":"the aipp version of the waterFlow tool","default":"1.0.0","type":"string"}},"required":["tenantId","aippId","version","inputParams"]},"order":["tenantId","aippId","version","inputParams"],"return":{"type":"string"}}', '{"FIT":{"fitableId": "water.flow.invoke","genericableId":"07b51bd246594c159d403164369ce1db"},"APP":{"appId":"4a1d6b117b7d4c8f8c5b6c3358608c9c"}}', 'c04cee50-13e4-499b-a008-077459a2e552', 'application-create-app-group-name', 'application-create-app-def-name', 'application-create-app-def-group-name') ON CONFLICT ("unique_name", "version") DO NOTHING;
INSERT INTO "public"."store_definition" ( "name", "schema", "definition_group_name" )
VALUES( 'application-create-app-def-name', '{"fitableId":"water.flow.invoke","name":"创建应用","description":"根据用户问题智能生成应用配置信息，并自动创建应用，支持创建助手、数字人、智能体、机器人等。","manualIntervention":true,"parameters":{"type":"object","properties":{"aippId":{"description":"the aipp id of the waterFlow tool","default":"a35828ed08974b1b96be55f4e0f47bbe","type":"string"},"tenantId":{"description":"the tenant id of the waterFlow tool","default":"31f20efc7e0848deab6a6bc10fc3021e","type":"string"},"inputParams":{"type":"object","properties":{"traceId":{"type":"string"},"callbackId":{"type":"string"},"query":{"type":"String","description":"这是用户输入的问题"}}},"version":{"description":"the aipp version of the waterFlow tool","default":"1.0.0","type":"string"}},"required":["tenantId","aippId","version","inputParams"]},"order":["tenantId","aippId","version","inputParams"],"return":{"type":"string"}}', 'application-create-app-def-group-name') ON CONFLICT ("definition_group_name", "name") DO NOTHING;
INSERT INTO "public"."store_tag" ("tool_unique_name", "name")
VALUES ('c04cee50-13e4-499b-a008-077459a2e552', 'WATERFLOW') ON CONFLICT ("tool_unique_name", "name") DO NOTHING;
INSERT INTO "public"."store_tag" ("tool_unique_name", "name")
VALUES ('c04cee50-13e4-499b-a008-077459a2e552', 'BUILTIN') ON CONFLICT ("tool_unique_name", "name") DO NOTHING;
INSERT INTO "public"."store_plugin" ("plugin_id", "plugin_name", "extension", "is_builtin", "source") VALUES ('5678dfcef2355b7b4e76dc53626a98a4b863c3e33c12c43221d03907c025bce0', '创建应用', '{"name":"创建应用","version":"1.0.0","type":"python","description":"","pluginFullName":"python_plugin3.zip"}', TRUE, 'huawei') ON CONFLICT ("plugin_id") DO NOTHING;
INSERT INTO "public"."store_plugin_tool" ("tool_name", "plugin_id", "tool_unique_name", "source") VALUES ('创建应用', '5678dfcef2355b7b4e76dc53626a98a4b863c3e33c12c43221d03907c025bce0', 'c04cee50-13e4-499b-a008-077459a2e552', 'huawei') ON CONFLICT ("plugin_id", "tool_unique_name") DO NOTHING;

INSERT INTO "public"."store_tool" ("name", "schema", "runnables", "unique_name", "group_name", "definition_name", "definition_group_name")
VALUES ('代码', '{"name":"代码","description":"执行用户定义的代码，生成用户定义的配置","parameters":{"type":"object","properties":{"args":{"type":"object","description":"代码节点引用的流程中的参数。"},"code":{"type":"string","description":"用户定义的数据处理代码"},"language":{"type":"string", "description":"用户代码语言"}, "output":{"type":"object","description":"代码节点返参校验规范。"}},"required":["args","code","language"]},"order":["args","code","language", "output"],"return":{"type":"object"}}','{"FIT":{"fitableId":"default","genericableId":"modelengine.fit.jober.aipp.code.execute"}}','e147f301-957a-4335-a155-1e86d1a45ae5', 'code-group-name', 'code-def-name', 'code-def-group-name') ON CONFLICT ("unique_name", "version") DO NOTHING;
INSERT INTO "public"."store_definition" ( "name", "schema", "definition_group_name" )
VALUES( 'code-def-name', '{"name":"代码","description":"执行用户定义的代码，生成用户定义的配置","parameters":{"type":"object","properties":{"args":{"type":"object","description":"代码节点引用的流程中的参数。"},"code":{"type":"string","description":"用户定义的数据处理代码"},"language":{"type":"string", "description":"用户代码语言"}, "output":{"type":"object","description":"代码节点返参校验规范。"}},"required":["args","code","language"]},"order":["args","code","language", "output"],"return":{"type":"object"}}', 'code-def-group-name') ON CONFLICT ("definition_group_name", "name") DO NOTHING;;
INSERT INTO "public"."store_tag" ("tool_unique_name", "name")
VALUES ('e147f301-957a-4335-a155-1e86d1a45ae5', 'FIT') ON CONFLICT ("tool_unique_name", "name") DO NOTHING;
INSERT INTO "public"."store_tag" ("tool_unique_name", "name")
VALUES ('e147f301-957a-4335-a155-1e86d1a45ae5', 'CODENODESTATE') ON CONFLICT ("tool_unique_name", "name") DO NOTHING;
INSERT INTO "public"."store_tag" ("tool_unique_name", "name")
VALUES ('e147f301-957a-4335-a155-1e86d1a45ae5', 'BASIC') ON CONFLICT ("tool_unique_name", "name") DO NOTHING;
INSERT INTO "public"."store_plugin" ("plugin_id", "plugin_name", "extension", "deploy_status", "is_builtin") VALUES ('6789dfcef2355b7b4e76dc53626a98a4b863c3e33c12c43221d03907c025bce0', '代码', '{"name":"代码","version":"1.0.0","type":"python","description":"","pluginFullName":"python_plugin3.zip"}', 'DEPLOYED', TRUE) ON CONFLICT ("plugin_id") DO NOTHING;
INSERT INTO "public"."store_plugin_tool" ("tool_name", "plugin_id", "tool_unique_name") VALUES ('代码', '6789dfcef2355b7b4e76dc53626a98a4b863c3e33c12c43221d03907c025bce0', 'e147f301-957a-4335-a155-1e86d1a45ae5') ON CONFLICT ("plugin_id", "tool_unique_name") DO NOTHING;

INSERT INTO "public"."store_tool" ("name", "schema", "runnables", "unique_name", "group_name", "definition_name", "definition_group_name")
VALUES ('问题优化', '{"name":"问题优化","description":"用户可使用默认模板进行问题优化，或进行自定义优化","parameters":{"type":"object","properties":{"rewriteParam":{"type":"object","properties":{"strategy":{"type":"string","description":"重写策略，有内置和自定义两种","enum":["builtin","custom"]},"args":{"type":"object","description": "输入参数，必须包含 `query`"},"template":{"type":"string","description": "模板，内置模式代表问题背景、自定义模式代表提示词模板"},"model":{"type":"string","description":"模型名"},"temperature":{"type":"number","description":"温度"}},"required":["strategy","args","template","model","temperature"]},"memoryConfig":{"type":"object","properties":{"windowAlg":{"type":"string","description":"历史记录消费策略","enum":["buffer_window","token_window"]},"serializeAlg":{"type":"string","description":"历史记录序列化策略","enum":["full","question_only"]},"property":{"type":"integer","description":"配置参数，对话轮次或者最大 token 数目"}},"required":["windowAlg","serializeAlg","property"]},"histories":{"type":"array","item":{"type":"object","properties":{"question":{"type":"string","description":"用户问题"},"answer":{"type":"string","description":"模型输出"}},"required":["question","answer"]}}},"required": ["rewriteParam","memoryConfig","histories"]},"order":["rewriteParam","memoryConfig","histories"],"return":{"type":"array","item":{"type":"string","description":"重写后的问题"}}}','{"FIT":{"fitableId":"aipp","genericableId":"modelengine.jober.aipp.rewrite.query"}}','6e5f0019-f8a5-4ca3-a73a-6b8512388587', 'query-optimization-group-name', 'query-optimization-def-name', 'query-optimization-def-group-name') ON CONFLICT ("unique_name", "version") DO NOTHING;
INSERT INTO "public"."store_definition" ( "name", "schema", "definition_group_name" )
VALUES( 'query-optimization-def-name', '{"name":"问题优化","description":"用户可使用默认模板进行问题优化，或进行自定义优化","parameters":{"type":"object","properties":{"rewriteParam":{"type":"object","properties":{"strategy":{"type":"string","description":"重写策略，有内置和自定义两种","enum":["builtin","custom"]},"args":{"type":"object","description": "输入参数，必须包含 `query`"},"template":{"type":"string","description": "模板，内置模式代表问题背景、自定义模式代表提示词模板"},"model":{"type":"string","description":"模型名"},"temperature":{"type":"number","description":"温度"}},"required":["strategy","args","template","model","temperature"]},"memoryConfig":{"type":"object","properties":{"windowAlg":{"type":"string","description":"历史记录消费策略","enum":["buffer_window","token_window"]},"serializeAlg":{"type":"string","description":"历史记录序列化策略","enum":["full","question_only"]},"property":{"type":"integer","description":"配置参数，对话轮次或者最大 token 数目"}},"required":["windowAlg","serializeAlg","property"]},"histories":{"type":"array","item":{"type":"object","properties":{"question":{"type":"string","description":"用户问题"},"answer":{"type":"string","description":"模型输出"}},"required":["question","answer"]}}},"required": ["rewriteParam","memoryConfig","histories"]},"order":["rewriteParam","memoryConfig","histories"],"return":{"type":"array","item":{"type":"string","description":"重写后的问题"}}}', 'query-optimization-def-group-name') ON CONFLICT ("definition_group_name", "name") DO NOTHING;
INSERT INTO "public"."store_tag" ("tool_unique_name", "name")
VALUES ('6e5f0019-f8a5-4ca3-a73a-6b8512388587', 'FIT') ON CONFLICT ("tool_unique_name", "name") DO NOTHING;
INSERT INTO "public"."store_tag" ("tool_unique_name", "name")
VALUES ('6e5f0019-f8a5-4ca3-a73a-6b8512388587', 'QUERYOPTIMIZATIONNODESTATE') ON CONFLICT ("tool_unique_name", "name") DO NOTHING;
INSERT INTO "public"."store_tag" ("tool_unique_name", "name")
VALUES ('6e5f0019-f8a5-4ca3-a73a-6b8512388587', 'BASIC') ON CONFLICT ("tool_unique_name", "name") DO NOTHING;
INSERT INTO "public"."store_plugin" ("plugin_id", "plugin_name", "extension", "deploy_status", "is_builtin") VALUES ('5525dfcef2355b7b4e76dc53626a98a4b863c3e33c12c43221d03907c025bce0', '问题优化', '{"name":"问题优化","version":"1.0.0","type":"java","description":"","pluginFullName":"java_plugin3.zip"}', 'DEPLOYED', TRUE) ON CONFLICT ("plugin_id") DO NOTHING;
INSERT INTO "public"."store_plugin_tool" ("tool_name", "plugin_id", "tool_unique_name") VALUES ('问题优化', '5525dfcef2355b7b4e76dc53626a98a4b863c3e33c12c43221d03907c025bce0', '6e5f0019-f8a5-4ca3-a73a-6b8512388587') ON CONFLICT ("plugin_id", "tool_unique_name") DO NOTHING;

INSERT INTO "public"."store_tool" ("name", "schema", "runnables", "extensions", "unique_name", "version", "is_latest", "group_name", "definition_name", "definition_group_name") VALUES ('知识检索', '{"name":"知识检索","description":"通过用户问题和知识库配置检索知识文档。","parameters":{"properties":{"query":{"description":"用户问题","oneOf":[{"type":"array","items":{"type":"string"}},{"type":"string"}]},"knowledgeRepos":{"description":"知识库标识","type":"array","items":{"type":"object"}},"option":{"description":"检索参数配置","type":"object","properties":{"indexType":{"type":"object","properties":{"type":{"description":"检索方式类型","type":"string"},"name":{"description":"检索方式名称","type":"string"},"description":{"description":"检索方式描述","type":"string"}}},"referenceLimit":{"type":"object","properties":{"type":{"description":"引用上限类型","type":"string"},"value":{"description":"引用上限数值","type":"integer"}}},"similarityThreshold":{"type":"number","description":"检索相似度阈值"},"rerankParam":{"type":"object","properties":{"enableRerank":{"description":"重排使能标记","type":"boolean"},"model":{"description":"重排模型的名称","type":"string"},"baseUri":{"description":"重排模型的资源标识符","type":"string"},"topK":{"description":"重排后保留最相关的文档数量","type":"integer"}}}}},"userId":{"type":"string","description":"用户id"}},"required":["query","knowledgeRepos","option","userId"],"type":"object"},"return":{"type":"array","items":{"type":"object","description":"知识文档","properties":{"id":{"description":"文档标识","type":"string"},"text":{"description":"文档内容","type":"string"},"score":{"description":"文档分数","type":"number"},"metadata":{"type":"object","description":"知识文档","properties":{"fileName":{"description":"文档名称","type":"string"}}}}}}}', '{"FIT":{"fitableId":"knowledge.service.invoke","genericableId":"modelengine.jade.knowledge.service.retrieve"}}', '{}', '25887d76-e358-4121-800c-31eb3390fdbd', '1.0.0', 't', 'knowledge-retrieval-group-name', 'knowledge-retrieval-def-name', 'knowledge-retrieval-def-group-name') ON CONFLICT ("unique_name", "version") DO NOTHING;
INSERT INTO "public"."store_definition" ("name", "schema", "definition_group_name") VALUES ('knowledge-retrieval-def-name', '{"name":"知识检索","description":"通过用户问题和知识库配置检索知识文档。","parameters":{"properties":{"query":{"description":"用户问题","oneOf":[{"type":"array","items":{"type":"string"}},{"type":"string"}]},"knowledgeRepos":{"description":"知识库标识","type":"array","items":{"type":"object"}},"option":{"description":"检索参数配置","type":"object","properties":{"indexType":{"type":"object","properties":{"type":{"description":"检索方式类型","type":"string"},"name":{"description":"检索方式名称","type":"string"},"description":{"description":"检索方式描述","type":"string"}}},"referenceLimit":{"type":"object","properties":{"type":{"description":"引用上限类型","type":"string"},"value":{"description":"引用上限数值","type":"integer"}}},"similarityThreshold":{"type":"number","description":"检索相似度阈值"},"rerankParam":{"type":"object","properties":{"enableRerank":{"description":"重排使能标记","type":"boolean"},"model":{"description":"重排模型的名称","type":"string"},"baseUri":{"description":"重排模型的资源标识符","type":"string"},"topK":{"description":"重排后保留最相关的文档数量","type":"integer"}}}}},"userId":{"type":"string","description":"用户id"}},"required":["query","knowledgeRepos","option","userId"],"type":"object"},"return":{"type":"array","items":{"type":"object","description":"知识文档","properties":{"id":{"description":"文档标识","type":"string"},"text":{"description":"文档内容","type":"string"},"score":{"description":"文档分数","type":"number"},"metadata":{"type":"object","description":"知识文档","properties":{"fileName":{"description":"文档名称","type":"string"}}}}}}}', 'knowledge-retrieval-def-group-name') ON CONFLICT ("definition_group_name", "name") DO NOTHING;
INSERT INTO "public"."store_tag" ("tool_unique_name", "name")
VALUES ('25887d76-e358-4121-800c-31eb3390fdbd', 'FIT') ON CONFLICT ("tool_unique_name", "name") DO NOTHING;
INSERT INTO "public"."store_tag" ("tool_unique_name", "name")
VALUES ('25887d76-e358-4121-800c-31eb3390fdbd', 'KNOWLEDGERETRIEVALNODESTATE') ON CONFLICT ("tool_unique_name", "name") DO NOTHING;
INSERT INTO "public"."store_tag" ("tool_unique_name", "name")
VALUES ('25887d76-e358-4121-800c-31eb3390fdbd', 'BASIC') ON CONFLICT ("tool_unique_name", "name") DO NOTHING;
INSERT INTO "public"."store_plugin" ("plugin_id", "plugin_name", "extension", "deploy_status", "is_builtin") VALUES ('a125dfcef2355b7b4e76dc53626a98a4b863c3e33c12c43221d03907c025bce0', '知识检索', '{"name":"知识检索","version":"1.0.0","type":"java","description":"","pluginFullName":"java_plugin3.zip"}', 'DEPLOYED', TRUE) ON CONFLICT ("plugin_id") DO NOTHING;
INSERT INTO "public"."store_plugin_tool" ("tool_name", "plugin_id", "tool_unique_name") VALUES ('知识检索', 'a125dfcef2355b7b4e76dc53626a98a4b863c3e33c12c43221d03907c025bce0', '25887d76-e358-4121-800c-31eb3390fdbd') ON CONFLICT ("plugin_id", "tool_unique_name") DO NOTHING;

INSERT INTO "public"."store_tool" ("name", "schema", "runnables", "unique_name", "group_name", "definition_name", "definition_group_name")
VALUES ('问题分类', '{"name":"问题分类","description":"用户可使用默认模板进行问题分类，或进行自定义优化","parameters":{"type":"object","properties":{"classifyQuestionParam":{"type":"object","properties":{"accessInfo":{"type":"object","description":"模型信息","properties":{"serviceName":{"type":"string","description":"模型名称"},"tag":{"type":"string","description":"模型标签"}},"required":["serviceName","tag"]},"temperature":{"type":"number","description":"温度"},"template":{"type":"string","description":"模板，内置模式代表问题背景、自定义模式代表提示词模板"},"args":{"type":"object","description":"输入参数，必须包含 `query`"},"questionTypeList":{"type":"array","item":{"type":"object","properties":{"id":{"type":"string","description":"问题分类ID"},"questionTypeDesc":{"type":"string","description":"问题分类描述"}},"required":["id","questionTypeDesc"]}}},"required":["accessInfo","temperature","args","questionTypeList"]},"memoryConfig":{"type":"object","properties":{"windowAlg":{"type":"string","description":"历史记录消费策略","enum":["buffer_window","token_window"]},"serializeAlg":{"type":"string","description":"历史记录序列化策略","enum":["full","question_only"]},"property":{"type":"integer","description":"配置参数，对话轮次或者最大 token 数目"}},"required":["windowAlg","serializeAlg","property"]},"histories":{"type":"array","item":{"type":"object","properties":{"question":{"type":"string","description":"用户问题"},"answer":{"type":"string","description":"模型输出"}},"required":["question","answer"]}}},"required":["classifyQuestionParam","memoryConfig","histories"]},"order":["classifyQuestionParam","memoryConfig","histories"],"return":{"type":"string","description":"分类后返回的类型ID"}}','{"FIT":{"fitableId":"aipp","genericableId":"modelengine.jober.aipp.classify.question"}}','70d1adbd-3421-4cb0-9231-fa357688b706', 'application-question-classification-group-name', 'application-question-classification-def-name', 'application-question-classification-def-group-name') ON CONFLICT ("unique_name", "version") DO NOTHING;
INSERT INTO "public"."store_definition" ( "name", "schema", "definition_group_name" )
VALUES( 'application-question-classification-def-name', '{"name":"问题分类","description":"用户可使用默认模板进行问题分类，或进行自定义优化","parameters":{"type":"object","properties":{"classifyQuestionParam":{"type":"object","properties":{"accessInfo":{"type":"object","description":"模型信息","properties":{"serviceName":{"type":"string","description":"模型名称"},"tag":{"type":"string","description":"模型标签"}},"required":["serviceName","tag"]},"temperature":{"type":"number","description":"温度"},"template":{"type":"string","description":"模板，内置模式代表问题背景、自定义模式代表提示词模板"},"args":{"type":"object","description":"输入参数，必须包含 `query`"},"questionTypeList":{"type":"array","item":{"type":"object","properties":{"id":{"type":"string","description":"问题分类ID"},"questionTypeDesc":{"type":"string","description":"问题分类描述"}},"required":["id","questionTypeDesc"]}}},"required":["accessInfo","temperature","args","questionTypeList"]},"memoryConfig":{"type":"object","properties":{"windowAlg":{"type":"string","description":"历史记录消费策略","enum":["buffer_window","token_window"]},"serializeAlg":{"type":"string","description":"历史记录序列化策略","enum":["full","question_only"]},"property":{"type":"integer","description":"配置参数，对话轮次或者最大 token 数目"}},"required":["windowAlg","serializeAlg","property"]},"histories":{"type":"array","item":{"type":"object","properties":{"question":{"type":"string","description":"用户问题"},"answer":{"type":"string","description":"模型输出"}},"required":["question","answer"]}}},"required":["classifyQuestionParam","memoryConfig","histories"]},"order":["classifyQuestionParam","memoryConfig","histories"],"return":{"type":"string","description":"分类后返回的类型ID"}}', 'application-question-classification-def-group-name') ON CONFLICT ("definition_group_name", "name") DO NOTHING;
INSERT INTO "public"."store_tag" ("tool_unique_name", "name")
VALUES ('70d1adbd-3421-4cb0-9231-fa357688b706', 'FIT') ON CONFLICT ("tool_unique_name", "name") DO NOTHING;
INSERT INTO "public"."store_tag" ("tool_unique_name", "name")
VALUES ('70d1adbd-3421-4cb0-9231-fa357688b706', 'QUESTIONCLASSIFICATIONNODECONDITION') ON CONFLICT ("tool_unique_name", "name") DO NOTHING;
INSERT INTO "public"."store_tag" ("tool_unique_name", "name")
VALUES ('70d1adbd-3421-4cb0-9231-fa357688b706', 'BASIC') ON CONFLICT ("tool_unique_name", "name") DO NOTHING;
INSERT INTO "public"."store_plugin" ("plugin_id", "plugin_name", "extension",  "deploy_status", "is_builtin") VALUES ('08e4eb332c227346b98a37e614577a0b44ff7dbcdc1d79a27b4412def29af226', '问题分类', '{"name":"问题分类","version":"1.0.0","type":"java","description":"","pluginFullName":"java_plugin3.zip"}', 'DEPLOYED', TRUE) ON CONFLICT ("plugin_id") DO NOTHING;
INSERT INTO "public"."store_plugin_tool" ("tool_name", "plugin_id", "tool_unique_name") VALUES ('问题分类', '08e4eb332c227346b98a37e614577a0b44ff7dbcdc1d79a27b4412def29af226', '70d1adbd-3421-4cb0-9231-fa357688b706') ON CONFLICT ("plugin_id", "tool_unique_name") DO NOTHING;

INSERT INTO "public"."store_tool" ("name", "schema", "runnables", "unique_name", "group_name", "definition_name", "definition_group_name")
VALUES ('文本提取', '{"name":"文本提取","description":"从文本中提取结构化数据。","parameters":{"type":"object","properties":{"extractParam":{"type":"object","properties":{"text":{"type":"string","description":"需要提取的文本"},"desc":{"type":"string","description":"提取要求描述"},"outputSchema":{"type":"string","description":"输出结构描述"},"accessInfo":{"type":"object","properties":{"serviceName":{"type":"string"},"tag":{"type":"string"}}},"temperature":{"type":"number","description":"温度"}},"required":["text","outputSchema","model","temperature"]},"memoryConfig":{"type":"object","properties":{"windowAlg":{"type":"string","description":"历史记录消费策略","enum":["buffer_window","token_window"]},"serializeAlg":{"type":"string","description":"历史记录序列化策略","default":"full","enum":["full"]},"property":{"type":"integer","description":"配置参数，对话轮次或者最大 token 数目"}},"required":["windowAlg","property"]},"histories":{"type":"array","item":{"type":"object","properties":{"question":{"type":"string","description":"用户问题"},"answer":{"type":"string","description":"模型输出"}},"required":["question","answer"]}}},"required":["extractParam","memoryConfig","histories"]},"return":{"type":"object","properties":{"success":{"type":"boolean","description":"是否提取成功"},"data":{"type":"object"},"required":["success","data"]}}}', '{"FIT":{"fitableId":"aipp","genericableId":"modelengine.jober.aipp.extract"}}','3bca6a3f-9623-4228-b120-1a5e0d41dc14', 'application-text-extraction-group-name', 'application-text-extraction-def-name', 'application-text-extraction-def-group-name') ON CONFLICT ("unique_name", "version") DO NOTHING;
INSERT INTO "public"."store_definition" ( "name", "schema", "definition_group_name" )
VALUES( 'application-text-extraction-def-name', '{"name":"文本提取","description":"从文本中提取结构化数据。","parameters":{"type":"object","properties":{"extractParam":{"type":"object","properties":{"text":{"type":"string","description":"需要提取的文本"},"desc":{"type":"string","description":"提取要求描述"},"outputSchema":{"type":"string","description":"输出结构描述"},"accessInfo":{"type":"object","properties":{"serviceName":{"type":"string"},"tag":{"type":"string"}}},"temperature":{"type":"number","description":"温度"}},"required":["text","outputSchema","model","temperature"]},"memoryConfig":{"type":"object","properties":{"windowAlg":{"type":"string","description":"历史记录消费策略","enum":["buffer_window","token_window"]},"serializeAlg":{"type":"string","description":"历史记录序列化策略","default":"full","enum":["full"]},"property":{"type":"integer","description":"配置参数，对话轮次或者最大 token 数目"}},"required":["windowAlg","property"]},"histories":{"type":"array","item":{"type":"object","properties":{"question":{"type":"string","description":"用户问题"},"answer":{"type":"string","description":"模型输出"}},"required":["question","answer"]}}},"required":["extractParam","memoryConfig","histories"]},"return":{"type":"object","properties":{"success":{"type":"boolean","description":"是否提取成功"},"data":{"type":"object"},"required":["success","data"]}}}', 'application-text-extraction-def-group-name') ON CONFLICT ("definition_group_name", "name") DO NOTHING;
INSERT INTO "public"."store_tag" ("tool_unique_name", "name")
VALUES ('3bca6a3f-9623-4228-b120-1a5e0d41dc14', 'FIT') ON CONFLICT ("tool_unique_name", "name") DO NOTHING;
INSERT INTO "public"."store_tag" ("tool_unique_name", "name")
VALUES ('3bca6a3f-9623-4228-b120-1a5e0d41dc14', 'TEXTEXTRACTIONNODESTATE') ON CONFLICT ("tool_unique_name", "name") DO NOTHING;
INSERT INTO "public"."store_tag" ("tool_unique_name", "name")
VALUES ('3bca6a3f-9623-4228-b120-1a5e0d41dc14', 'BASIC') ON CONFLICT ("tool_unique_name", "name") DO NOTHING;
INSERT INTO "public"."store_plugin" ("plugin_id", "plugin_name", "extension",  "deploy_status", "is_builtin") VALUES ('6d5622e67c96b0fcd0cdccc90b38c31b876e4f1e4d6c6e57dc39de62eebfee17', '文本提取', '{"name":"文本提取","version":"1.0.0","type":"java","description":"","pluginFullName":"java_plugin3.zip"}', 'DEPLOYED', TRUE) ON CONFLICT ("plugin_id") DO NOTHING;
INSERT INTO "public"."store_plugin_tool" ("tool_name", "plugin_id", "tool_unique_name") VALUES ('文本提取', '6d5622e67c96b0fcd0cdccc90b38c31b876e4f1e4d6c6e57dc39de62eebfee17', '3bca6a3f-9623-4228-b120-1a5e0d41dc14') ON CONFLICT ("plugin_id", "tool_unique_name") DO NOTHING;

INSERT INTO "public"."store_tool" ("name", "schema", "runnables", "unique_name", "group_name", "definition_name", "definition_group_name")
VALUES ('http调用', '{"name":"http调用","description":"用户可使用该工具进行http调用","parameters":{"type":"object","properties":{"httpRequest":{"type":"object","properties":{"httpMethod":{"type":"string","description":"http调用方法"},"url":{"type":"string","description":"http调用路径"},"timeout":{"type":"integer","description":"http调用超时时间"},"args":{"type":"object","description":"引用参数"},"headers":{"type":"object","description":"http请求头"},"params":{"type":"object","description":"http请求参数"},"requestBody":{"type":"object","properties":{"type":{"type":"string","description":"http请求体类型，form-data/json/text等"},"data":{"type":"object","description":"http请求体数据"}}},"authentication":{"type":"object","properties":{"type":{"type":"string","description":"http鉴权类型"},"header":{"type":"string","description":"http鉴权请求头"},"authKey":{"type":"string","description":"http鉴权key"}}}},"required":["httpMethod","url"]}},"required":["httpRequest"]},"order":["httpRequest"],"return":{"type":"object","properties":{"status":{"type":"integer","description":"http响应码"},"errorMsg":{"type":"string","description":"http错误信息"},"data":{"type":"object","description":"原始http返回信息"}},"description":"http调用结果"}}', '{"FIT":{"fitableId":"aipp","genericableId":"modelengine.jober.aipp.http.call"}}','1d68d2a4-0410-4a72-93f4-9a5a3d8def27', 'application-http-call-group-name', 'application-http-call-def-name', 'application-http-call-def-group-name') ON CONFLICT ("unique_name", "version") DO NOTHING;
INSERT INTO "public"."store_definition" ( "name", "schema", "definition_group_name" )
VALUES( 'application-http-call-def-name', '{"name":"http调用","description":"用户可使用该工具进行http调用","parameters":{"type":"object","properties":{"httpRequest":{"type":"object","properties":{"httpMethod":{"type":"string","description":"http调用方法"},"url":{"type":"string","description":"http调用路径"},"timeout":{"type":"integer","description":"http调用超时时间"},"args":{"type":"object","description":"引用参数"},"headers":{"type":"object","description":"http请求头"},"params":{"type":"object","description":"http请求参数"},"requestBody":{"type":"object","properties":{"type":{"type":"string","description":"http请求体类型，form-data/json/text等"},"data":{"type":"object","description":"http请求体数据"}}},"authentication":{"type":"object","properties":{"type":{"type":"string","description":"http鉴权类型"},"header":{"type":"string","description":"http鉴权请求头"},"authKey":{"type":"string","description":"http鉴权key"}}}},"required":["httpMethod","url"]}},"required":["httpRequest"]},"order":["httpRequest"],"return":{"type":"object","properties":{"status":{"type":"integer","description":"http响应码"},"errorMsg":{"type":"string","description":"http错误信息"},"data":{"type":"object","description":"原始http返回信息"}},"description":"http调用结果"}}', 'application-http-call-def-group-name') ON CONFLICT ("definition_group_name", "name") DO NOTHING;
INSERT INTO "public"."store_tag" ("tool_unique_name", "name")
VALUES ('1d68d2a4-0410-4a72-93f4-9a5a3d8def27', 'FIT') ON CONFLICT ("tool_unique_name", "name") DO NOTHING;
INSERT INTO "public"."store_tag" ("tool_unique_name", "name")
VALUES ('1d68d2a4-0410-4a72-93f4-9a5a3d8def27', 'HTTPNODESTATE') ON CONFLICT ("tool_unique_name", "name") DO NOTHING;
INSERT INTO "public"."store_tag" ("tool_unique_name", "name")
VALUES ('1d68d2a4-0410-4a72-93f4-9a5a3d8def27', 'BASIC') ON CONFLICT ("tool_unique_name", "name") DO NOTHING;
INSERT INTO "public"."store_plugin" ("plugin_id", "plugin_name", "extension", "deploy_status", "is_builtin") VALUES ('3a781117bcf93338fcf58e94c40779ea01cf9176973f718224bcaa6e269e3b4b', 'http调用', '{"name":"http调用","version":"1.0.0","type":"java","description":"","pluginFullName":"java_plugin3.zip"}', 'DEPLOYED', TRUE) ON CONFLICT ("plugin_id") DO NOTHING;
INSERT INTO "public"."store_plugin_tool" ("tool_name", "plugin_id", "tool_unique_name") VALUES ('http调用', '3a781117bcf93338fcf58e94c40779ea01cf9176973f718224bcaa6e269e3b4b', '1d68d2a4-0410-4a72-93f4-9a5a3d8def27') ON CONFLICT ("plugin_id", "tool_unique_name") DO NOTHING;

INSERT INTO "public"."store_tool" ("name", "schema", "runnables", "unique_name", "group_name", "definition_name", "definition_group_name")
VALUES ('变量聚合', '{"name":"变量聚合","description":"对多个变量聚合返回合适的变量","parameters":{"type":"object","properties":{"variables":{"type":"array","item":{"type":"object","description":"变量列表"}}},"required":["variables"]},"order":["variables"],"return":{"type":"object","description":"返回的变量"}}', '{"FIT":{"fitableId":"aipp","genericableId":"modelengine.jober.aipp.variable.aggregation"}}','c71f3d85-d69e-45e4-9549-479e46dc3167', 'application-variable-aggregation-group-name', 'application-variable-aggregation-def-name', 'application-variable-aggregation-def-group-name') ON CONFLICT ("unique_name", "version") DO NOTHING;
INSERT INTO "public"."store_definition" ( "name", "schema", "definition_group_name" )
VALUES( 'application-variable-aggregation-def-name', '{"name":"变量聚合","description":"对多个变量聚合返回合适的变量","parameters":{"type":"object","properties":{"variables":{"type":"array","item":{"type":"object","description":"变量列表"}}},"required":["variables"]},"order":["variables"],"return":{"type":"object","description":"返回的变量"}}', 'application-variable-aggregation-def-group-name') ON CONFLICT ("definition_group_name", "name") DO NOTHING;
INSERT INTO "public"."store_tag" ("tool_unique_name", "name")
VALUES ('c71f3d85-d69e-45e4-9549-479e46dc3167', 'FIT') ON CONFLICT ("tool_unique_name", "name") DO NOTHING;
INSERT INTO "public"."store_tag" ("tool_unique_name", "name")
VALUES ('c71f3d85-d69e-45e4-9549-479e46dc3167', 'VARIABLEAGGREGATIONNODESTATE') ON CONFLICT ("tool_unique_name", "name") DO NOTHING;
INSERT INTO "public"."store_tag" ("tool_unique_name", "name")
VALUES ('c71f3d85-d69e-45e4-9549-479e46dc3167', 'BASIC') ON CONFLICT ("tool_unique_name", "name") DO NOTHING;
INSERT INTO "public"."store_plugin" ("plugin_id", "plugin_name", "extension", "deploy_status", "is_builtin") VALUES ('3b65a7aed166416a9823aac1fe66b2447dd12c9092ca4649b7876b50bd677424', '变量聚合', '{"name":"变量聚合","version":"1.0.0","type":"java","description":"","pluginFullName":"java_plugin3.zip"}', 'DEPLOYED', TRUE) ON CONFLICT ("plugin_id") DO NOTHING;
INSERT INTO "public"."store_plugin_tool" ("tool_name", "plugin_id", "tool_unique_name") VALUES ('变量聚合', '3b65a7aed166416a9823aac1fe66b2447dd12c9092ca4649b7876b50bd677424', 'c71f3d85-d69e-45e4-9549-479e46dc3167') ON CONFLICT ("plugin_id", "tool_unique_name") DO NOTHING;

INSERT INTO "public"."store_tool" ("name", "schema", "runnables", "unique_name", "group_name", "definition_name", "definition_group_name")
VALUES ('多模态文件提取', '{"name":"多模态文件提取","description":"提取文档、图片和音频中的内容。","parameters":{"properties":{"filePath":{"description":"文件路径","type":"string"}},"required":["filePath"],"type":"object"},"return":{"type":"object","properties":{"success":{"type":"boolean","description":"是否提取成功"},"data":{"type":"string"},"required":["success","data"]}}}', '{"FIT":{"fitableId":"document.service.extract","genericableId":"modelengine.jade.document.service.extract"}}', 'e1d24716-9ffa-46e5-bd36-d3a8d8142559', 'document-extractor-group-name', 'document-extractor-def-name', 'document-extractor-def-group-name') ON CONFLICT ("unique_name", "version") DO NOTHING;
INSERT INTO "public"."store_definition" ( "name", "schema", "definition_group_name" )
VALUES( 'document-extractor-def-name', '{"name":"多模态文件提取","description":"提取文档、图片和音频中的内容。","parameters":{"properties":{"filePath":{"description":"文件路径","type":"string"}},"required":["filePath"],"type":"object"},"return":{"type":"object","properties":{"success":{"type":"boolean","description":"是否提取成功"},"data":{"type":"string"},"required":["success","data"]}}}', 'document-extractor-def-group-name') ON CONFLICT ("definition_group_name", "name") DO NOTHING;
INSERT INTO "public"."store_tag" ("tool_unique_name", "name")
VALUES ('e1d24716-9ffa-46e5-bd36-d3a8d8142559', 'DOCUMENTEXTRACTORNODE') ON CONFLICT ("tool_unique_name", "name") DO NOTHING;
INSERT INTO "public"."store_tag" ("tool_unique_name", "name")
VALUES ('e1d24716-9ffa-46e5-bd36-d3a8d8142559', 'FIT') ON CONFLICT ("tool_unique_name", "name") DO NOTHING;
INSERT INTO "public"."store_tag" ("tool_unique_name", "name")VALUES ('e1d24716-9ffa-46e5-bd36-d3a8d8142559', 'DOCUMENTEXTRACTORNODE') ON CONFLICT ("tool_unique_name", "name") DO NOTHING;
INSERT INTO "public"."store_tag" ("tool_unique_name", "name")
VALUES ('e1d24716-9ffa-46e5-bd36-d3a8d8142559', 'BASIC') ON CONFLICT ("tool_unique_name", "name") DO NOTHING;
INSERT INTO "public"."store_plugin" ("plugin_id", "plugin_name", "extension", "deploy_status", "is_builtin")
VALUES ('b125dfcef2355b7b4e76dc53626a98a4b863c3e33c12c43221d03907c025bce0', '多模态文件提取', '{"name":"多模态文件提取","version":"1.0.0","type":"java","description":"","pluginFullName":"java_plugin3.zip"}', 'DEPLOYED', TRUE) ON CONFLICT ("plugin_id") DO NOTHING;INSERT INTO "public"."store_plugin_tool" ("tool_name", "plugin_id", "tool_unique_name") VALUES ('多模态文件提取', 'b125dfcef2355b7b4e76dc53626a98a4b863c3e33c12c43221d03907c025bce0', 'e1d24716-9ffa-46e5-bd36-d3a8d8142559') ON CONFLICT ("plugin_id", "tool_unique_name") DO NOTHING;
INSERT INTO "public"."store_plugin_tool" ("tool_name", "plugin_id", "tool_unique_name")
VALUES ('多模态文件提取', 'b125dfcef2355b7b4e76dc53626a98a4b863c3e33c12c43221d03907c025bce0', 'e1d24716-9ffa-46e5-bd36-d3a8d8142559') ON CONFLICT ("plugin_id", "tool_unique_name") DO NOTHING;

INSERT INTO "public"."store_tool" ("name", "schema", "runnables", "unique_name", "group_name", "definition_name", "definition_group_name")
VALUES ('文件提取', '{"name":"impl-aipp-file-tool-extract","description":"解析文件内容","parameters":{"type":"object","properties":{"filePath":{"name":"filePath","type":"string","required":false}},"required":[]},"order":["filePath"],"return":{"type":"string","convertor":""}}', '{"FIT":{"genericableId":"modelengine.fit.jober.aipp.tool.extract.file","fitableId":"extract.multi.type"}}', 'c2a796db-afa5-45c9-bd36-008426347988', 'implGroup-aipp-file-tool', 'def-aipp-file-tool-extract', 'defGroup-aipp-file-tool') ON CONFLICT ("unique_name", "version") DO NOTHING;
INSERT INTO "public"."store_definition" ( "name", "schema", "definition_group_name" )
VALUES( 'def-aipp-file-tool-extract', '{"name":"impl-aipp-file-tool-extract","description":"解析文件内容","parameters":{"type":"object","properties":{"filePath":{"name":"filePath","type":"string","required":false}},"required":[]},"order":["filePath"],"return":{"type":"string","convertor":""}}', 'defGroup-aipp-file-tool') ON CONFLICT ("definition_group_name", "name") DO NOTHING;
INSERT INTO "public"."store_tag" ("tool_unique_name", "name")
VALUES ('c2a796db-afa5-45c9-bd36-008426347988', 'FIT') ON CONFLICT ("tool_unique_name", "name") DO NOTHING;
INSERT INTO "public"."store_tag" ("tool_unique_name", "name")
VALUES ('c2a796db-afa5-45c9-bd36-008426347988', 'FILETOOL') ON CONFLICT ("tool_unique_name", "name") DO NOTHING;
INSERT INTO "public"."store_tag" ("tool_unique_name", "name")
VALUES ('c2a796db-afa5-45c9-bd36-008426347988', 'BASIC') ON CONFLICT ("tool_unique_name", "name") DO NOTHING;
INSERT INTO "public"."store_plugin" ("plugin_id", "plugin_name", "extension",  "deploy_status", "is_builtin")
VALUES ('e325dfcef2352b7b4e76dc53626a93a4b86323e33c12c43221d03907c025bce0', '文件提取', '{"name":"文件提取","version":"1.0.0","type":"java","description":"","pluginFullName":"java_plugin3.zip"}', 'DEPLOYED', TRUE) ON CONFLICT ("plugin_id") DO NOTHING;
INSERT INTO "public"."store_plugin_tool" ("tool_name", "plugin_id", "tool_unique_name")
VALUES ('文件提取', 'e325dfcef2352b7b4e76dc53626a93a4b86323e33c12c43221d03907c025bce0', 'c2a796db-afa5-45c9-bd36-008426347988') ON CONFLICT ("plugin_id", "tool_unique_name") DO NOTHING;

INSERT INTO "public"."store_tool" ("name", "schema", "runnables", "unique_name", "group_name", "definition_name", "definition_group_name")
VALUES ('文生图', '{ "name": "文生图", "description": "从文本中生成图片。", "parameters": { "type": "object", "properties": { "imageParam": { "type": "object", "properties": { "args": { "type": "object", "description": "需求描述中的填充字段" }, "description": { "type": "string", "description": "图片生成需求描述" }, "imageCount": { "type": "integer", "description": "生成图片数量" } }, "required": [ "args", "description", "imageCount" ] } }, "required": [ "imageParam" ] }, "return": { "type": "array" } }', '{"FIT":{"fitableId":"default","genericableId":"modelengine.jade.app.engine.image.service.generateImage"}}','eeedf03c-10aa-41f1-b5e3-6623914242c8', 'image-generation-group-name', 'image-generation-def-name', 'image-generation-def-group-name') ON CONFLICT ("unique_name", "version") DO NOTHING;
INSERT INTO "public"."store_definition" ( "name", "schema", "definition_group_name" )
VALUES( 'image-generation-def-name', '{ "name": "文生图", "description": "从文本中生成图片。", "parameters": { "type": "object", "properties": { "imageParam": { "type": "object", "properties": { "args": { "type": "object", "description": "需求描述中的填充字段" }, "description": { "type": "string", "description": "图片生成需求描述" }, "imageCount": { "type": "integer", "description": "生成图片数量" } }, "required": [ "args", "description", "imageCount" ] } }, "required": [ "imageParam" ] }, "return": { "type": "array" } }', 'image-generation-def-group-name') ON CONFLICT ("definition_group_name", "name") DO NOTHING;
INSERT INTO "public"."store_tag" ("tool_unique_name", "name")
VALUES ('eeedf03c-10aa-41f1-b5e3-6623914242c8', 'FIT') ON CONFLICT ("tool_unique_name", "name") DO NOTHING;
INSERT INTO "public"."store_tag" ("tool_unique_name", "name")
VALUES ('eeedf03c-10aa-41f1-b5e3-6623914242c8', 'TEXTTOIMAGENODESTATE') ON CONFLICT ("tool_unique_name", "name") DO NOTHING;
INSERT INTO "public"."store_tag" ("tool_unique_name", "name")
VALUES ('eeedf03c-10aa-41f1-b5e3-6623914242c8', 'BASIC') ON CONFLICT ("tool_unique_name", "name") DO NOTHING;
INSERT INTO "public"."store_plugin" ("plugin_id", "plugin_name", "extension",  "deploy_status", "is_builtin")
VALUES ('58e0885b5c2509e83fce7b46ec88689dd3e3decdbf085362e42c93b2126bc390', '文生图', '{"name":"文生图","version":"1.0.0","type":"java","description":"","pluginFullName":"java_plugin3.zip"}', 'DEPLOYED', TRUE) ON CONFLICT ("plugin_id") DO NOTHING;
INSERT INTO "public"."store_plugin_tool" ("tool_name", "plugin_id", "tool_unique_name") VALUES ('文生图', '58e0885b5c2509e83fce7b46ec88689dd3e3decdbf085362e42c93b2126bc390', 'eeedf03c-10aa-41f1-b5e3-6623914242c8') ON CONFLICT ("plugin_id", "tool_unique_name") DO NOTHING;

INSERT INTO "public"."store_tool" ("name", "schema", "runnables", "unique_name", "group_name", "definition_name", "definition_group_name")
VALUES ('多模态文档提取', '{ "name": "多模态文档提取", "description": "从多模态文档提取内容。", "parameters": { "type": "object", "properties": { "fileExtractionParam": { "type": "object", "properties": { "files": { "type": "array", "description": "文件链接" }, "prompt": { "type": "string", "description": "文档提取提示词" } }, "required": [ "files", "prompt" ] } }, "required": [ "fileExtractionParam" ] }, "return": { "type": "string" } }', '{"FIT":{"fitableId":"document.service.extract","genericableId":"modelengine.jade.document.service.extract"}}','e2bd847f-2cfa-4cdc-b326-4d15a15c6a0d', 'document-extraction-group-name', 'document-extraction-def-name', 'document-extraction-def-group-name') ON CONFLICT ("unique_name", "version") DO NOTHING;
INSERT INTO "public"."store_definition" ( "name", "schema", "definition_group_name" )
VALUES('document-extraction-def-name', '{ "name": "多模态文档提取", "description": "从多模态文档提取内容。", "parameters": { "type": "object", "properties": { "fileExtractionParam": { "type": "object", "properties": { "files": { "type": "array", "description": "文件链接" }, "prompt": { "type": "string", "description": "文档提取提示词" } }, "required": [ "files", "prompt" ] } }, "required": [ "fileExtractionParam" ] }, "return": { "type": "string" } }', 'document-extraction-def-group-name') ON CONFLICT ("definition_group_name", "name") DO NOTHING;
INSERT INTO "public"."store_tag" ("tool_unique_name", "name")
VALUES ('e2bd847f-2cfa-4cdc-b326-4d15a15c6a0d', 'FIT') ON CONFLICT ("tool_unique_name", "name") DO NOTHING;
INSERT INTO "public"."store_tag" ("tool_unique_name", "name")
VALUES ('e2bd847f-2cfa-4cdc-b326-4d15a15c6a0d', 'FILEEXTRACTNODESTATE') ON CONFLICT ("tool_unique_name", "name") DO NOTHING;
INSERT INTO "public"."store_tag" ("tool_unique_name", "name")
VALUES ('e2bd847f-2cfa-4cdc-b326-4d15a15c6a0d', 'BASIC') ON CONFLICT ("tool_unique_name", "name") DO NOTHING;
INSERT INTO "public"."store_plugin" ("plugin_id", "plugin_name", "extension",  "deploy_status", "is_builtin")
VALUES ('3b0be5ee63ed30ff58e4760847cada0a6a2a84fbff1ddb73de71fb65a38df32c', '多模态文档提取', '{"name":"多模态文档提取","version":"1.0.0","type":"java","description":"","pluginFullName":"java_plugin3.zip"}', 'DEPLOYED', TRUE) ON CONFLICT ("plugin_id") DO NOTHING;
INSERT INTO "public"."store_plugin_tool" ("tool_name", "plugin_id", "tool_unique_name")
VALUES ('多模态文档提取', '3b0be5ee63ed30ff58e4760847cada0a6a2a84fbff1ddb73de71fb65a38df32c', 'e2bd847f-2cfa-4cdc-b326-4d15a15c6a0d') ON CONFLICT ("plugin_id", "tool_unique_name") DO NOTHING;

DELETE FROM "public"."store_tool" WHERE unique_name = 'ec122366-4fd2-4e6f-b8ec-2c17706432f4' AND version='1.0.0';
DELETE FROM "public"."store_definition" WHERE definition_group_name = 'LoopTool' AND name = 'loopTool';

INSERT INTO "public"."store_tool" ("name", "schema", "runnables", "unique_name", "group_name", "definition_name", "definition_group_name", "version")
VALUES ('loopToolDefault', '{"name":"loopTool","description":"用于循环执行工具","parameters":{"type":"object","properties":{"args":{"defaultValue":"","description":"循环调用工具时的入参","name":"args","type":"object","examples":"","required":true},"config":{"defaultValue":"","description":"循环调用的配置，指定循环的字段","name":"config","type":"object","properties":{"loopKeys":{"type":"array","items":{"type":"string"}}},"examples":"","required":true},"toolInfo":{"defaultValue":"","description":"循环调用的工具信息","name":"toolInfo","type":"object","properties":{"uniqueName":{"type":"string"},"params":{"type":"array","items":{"type":"object","properties":{"name":{"type":"string"}}}}},"examples":"","required":true},"context":{"defaultValue":"","description":"循环调用的上下文","name":"context","type":"object","properties":{},"examples":"","required":false}},"required":["args","config","toolInfo"]},"order":["args","config","toolInfo","context"],"parameterExtensions":null,"return":{"type":"array","items":{"type":"object"},"convertor":""}}', '{"FIT":{"genericableId":"modelengine.jober.aipp.tool.loop","fitableId":"default"}}', 'ec122366-4fd2-4e6f-b8ec-2c17706432f4', 'LoopToolImpl', 'loopTool', 'LoopTool', '1.0.0') ON CONFLICT ("unique_name", "version") DO NOTHING;
INSERT INTO "public"."store_definition" ("name", "schema", "definition_group_name")
VALUES ('loopTool', '{"name":"loopTool","description":"用于循环执行工具","parameters":{"type":"object","properties":{"args":{"defaultValue":"","description":"循环调用工具时的入参","name":"args","type":"object","examples":"","required":true},"config":{"defaultValue":"","description":"循环调用的配置，指定循环的字段","name":"config","type":"object","properties":{"loopKeys":{"type":"array","items":{"type":"string"}}},"examples":"","required":true},"toolInfo":{"defaultValue":"","description":"循环调用的工具信息","name":"toolInfo","type":"object","properties":{"uniqueName":{"type":"string"},"params":{"type":"array","items":{"type":"object","properties":{"name":{"type":"string"}}}}},"examples":"","required":true},"context":{"defaultValue":"","description":"循环调用的上下文","name":"context","type":"object","properties":{},"examples":"","required":false}},"required":["args","config","toolInfo"]},"order":["args","config","toolInfo","context"],"parameterExtensions":null,"return":{"type":"array","items":{"type":"object"},"convertor":""}}', 'LoopTool') ON CONFLICT ("definition_group_name", "name") DO NOTHING;
INSERT INTO "public"."store_tag" ("tool_unique_name", "name")
VALUES ('ec122366-4fd2-4e6f-b8ec-2c17706432f4', 'FIT') ON CONFLICT ("tool_unique_name", "name") DO NOTHING;
INSERT INTO "public"."store_tag" ("tool_unique_name", "name")
VALUES ('ec122366-4fd2-4e6f-b8ec-2c17706432f4', 'LOOPNODESTATE') ON CONFLICT ("tool_unique_name", "name") DO NOTHING;
INSERT INTO "public"."store_tag" ("tool_unique_name", "name")
VALUES ('ec122366-4fd2-4e6f-b8ec-2c17706432f4', 'BASIC') ON CONFLICT ("tool_unique_name", "name") DO NOTHING;
INSERT INTO "public"."store_plugin" ("plugin_id", "plugin_name", "extension", "deploy_status", "is_builtin")
VALUES ('b5ef98e2c8f3966e51eadd47e1dad9bc8b7a96b4ec91208fac65e2c0688564d4', '循环执行工具', '{"uniqueness.groupId":"modelengine.fit.default","pluginFullName":"aipp-loop-tool-1.0.0-SNAPSHOT_1741760172729.jar","checksum":"5758b70a3cf60f0a7fe5517c51b21a9e9cab2a470e0df1a7d12f25072f5e4c84","name":"循环执行工具","description":"循环执行工具","uniqueness.artifactId":"tool.loop","type":"java"}', 'DEPLOYED', TRUE) ON CONFLICT ("plugin_id") DO NOTHING;
INSERT INTO "public"."store_plugin_tool" ("tool_name", "plugin_id", "tool_unique_name")
VALUES ('loopToolDefault', 'b5ef98e2c8f3966e51eadd47e1dad9bc8b7a96b4ec91208fac65e2c0688564d4', 'ec122366-4fd2-4e6f-b8ec-2c17706432f4') ON CONFLICT ("plugin_id", "tool_unique_name") DO NOTHING;