INSERT INTO task_type ("id", "tree_id", "parent_id", "name", "created_by", "created_at", "updated_by", "updated_at", "task_id") VALUES ('e53a9e917b314096ae8808914825d810', '06edca4b091248d18f99ce5f917241a3', '00000000000000000000000000000000', 'A3000数据清洗', 'A3000', '2023-10-31 16:36:35.679', 'A3000', '2023-10-31 16:36:35.679', 'a657f09f7400486190373eea3b9597e9') ON CONFLICT (id) DO NOTHING;

-- 数据清洗
DELETE FROM "public"."fitable_usage" WHERE definition_id = 'bc767069a372425ea4de955cd978f8b6';

DELETE FROM "public"."flow_definition" WHERE definition_id = 'd7633efabb6640d3801a75d1344e499a';

DELETE FROM "public"."fitable_usage" WHERE definition_id = 'd7633efabb6640d3801a75d1344e499a';

DELETE FROM "public"."tag_usage" WHERE id = 'f4ab0558dfd841e3aaac316cc5fb22c3';

DELETE FROM "public"."flow_definition" WHERE definition_id = '5820f2c7cb1e455d85001e541a3b31d7';

DELETE FROM "public"."tag_usage" WHERE id = 'd95d57e3ebbb4c189a383092965bec8e';

DELETE FROM "public"."fitable_usage" WHERE definition_id = '5820f2c7cb1e455d85001e541a3b31d7';

DELETE FROM "public"."flow_graph" WHERE id = 'f2cbb42cea69464db79558d1d5eb989f' AND version = '1.0.1';
DELETE FROM "public"."flow_definition" WHERE definition_id = 'c5287c5204614c68a087bddeaeb6592f';
DELETE FROM "public"."tag_usage" WHERE id = 'e4ecf1a0b7da41eb9637a043007f95c8';
DELETE FROM "public"."fitable_usage" WHERE definition_id = 'c5287c5204614c68a087bddeaeb6592f';

DELETE FROM "public"."flow_graph" WHERE id = 'f2cbb42cea69464db79558d1d5eb989f' AND version = '1.0.2';
DELETE FROM "public"."flow_definition" WHERE definition_id = '9828e490833b4b268e6a44644409e5da';
DELETE FROM "public"."tag_usage" WHERE id = 'efbd3b62d764495fbf11510a4de88f10';
DELETE FROM "public"."fitable_usage" WHERE definition_id = '9828e490833b4b268e6a44644409e5da';

DELETE FROM "public"."flow_graph" WHERE id = 'f2cbb42cea69464db79558d1d5eb989f' AND version = '1.0.3';
DELETE FROM "public"."flow_definition" WHERE definition_id = '463263733cac4efd8a1322c3c10196e6';
DELETE FROM "public"."tag_usage" WHERE id = 'efbd3b62d764495fbf11510a4de88f10';
DELETE FROM "public"."fitable_usage" WHERE definition_id = '463263733cac4efd8a1322c3c10196e6';

DELETE FROM "public"."tag" WHERE id = 'ab9f3ef555d2418e8a99ff0458d2690e';
DELETE FROM "public"."tag_usage" WHERE id = '4370f5ff5a07415295b662c999e55ef9';
DELETE FROM "public"."tag_usage" WHERE id = 'd4aa143de98549f7ab14269c36366dfd';
DELETE FROM "public"."tag_usage" WHERE id = '9a3743e46435498789373f7bac94208e';
DELETE FROM "public"."tag_usage" WHERE id = 'c3b63533b6cc463f8514a5c9d0505b01';
DELETE FROM "public"."tag_usage" WHERE id = '7618766600f74a2891532dd41f515c0f';
DELETE FROM "public"."tag_usage" WHERE id = '5fe564768c1b4d1997eee6413ca1cf56';
DELETE FROM "public"."tag_usage" WHERE id = 'd3bf7f5d29154f0590ee56bc0aab4dff';
DELETE FROM "public"."tag_usage" WHERE id = '2d33617ca65643dcb8550825fd2b9996';
DELETE FROM "public"."tag_usage" WHERE id = '542d3e5e068d4d3bb23988fff7bae24a';
DELETE FROM "public"."tag_usage" WHERE id = '960481b8566d4558bb92cc5fbcc9b89c';
DELETE FROM "public"."tag_usage" WHERE id = 'd0aeffae81e842dfbffca6117d1d3724';


--创建tag
INSERT INTO "public"."tag" ("id", "name", "description", "created_by", "created_at", "updated_by", "updated_at") VALUES ('1234787ca7e54b39bcddaa4131a8e1c8', 'data clean text local', '', 'A3000', '2023-11-10 09:45:09.736', 'com.huawei.a3000', '2024-02-29 03:49:03.082') ON CONFLICT (id) DO NOTHING;;
INSERT INTO "public"."tag" ("id", "name", "description", "created_by", "created_at", "updated_by", "updated_at") VALUES ('c370982fef874b41b8285d3077d873e9', 'data clean text nas', '', 'A3000', '2023-11-10 09:45:09.736', 'com.huawei.a3000', '2024-02-29 03:49:03.082') ON CONFLICT (id) DO NOTHING;;
INSERT INTO "public"."tag" ("id", "name", "description", "created_by", "created_at", "updated_by", "updated_at") VALUES ('426fb6ea353b44e7958ff7cc96d7b5e6', 'data clean text obs', '', 'A3000', '2023-11-10 09:45:09.736', 'com.huawei.a3000', '2024-02-29 03:49:03.082') ON CONFLICT (id) DO NOTHING;;

INSERT INTO "public"."tag" ("id", "name", "description", "created_by", "created_at", "updated_by", "updated_at") VALUES ('c6f276857d844339bbd45b84ace054a6', 'data clean image local', '', 'A3000', '2024-01-29 06:54:49.427', 'com.huawei.a3000', '2024-02-29 03:55:12.813') ON CONFLICT (id) DO NOTHING;;
INSERT INTO "public"."tag" ("id", "name", "description", "created_by", "created_at", "updated_by", "updated_at") VALUES ('1feb21baf20d42e0befd83bc325c7cd3', 'data clean image nas', '', 'A3000', '2024-01-29 06:54:49.427', 'com.huawei.a3000', '2024-02-29 03:55:12.813') ON CONFLICT (id) DO NOTHING;;
INSERT INTO "public"."tag" ("id", "name", "description", "created_by", "created_at", "updated_by", "updated_at") VALUES ('06339eb6db7c42d6aa01e62bae5f1442', 'data clean image obs', '', 'A3000', '2024-01-29 06:54:49.427', 'com.huawei.a3000', '2024-02-29 03:55:12.813') ON CONFLICT (id) DO NOTHING;;

-- local
INSERT INTO "public"."flow_graph" ("id", "version", "tenant", "status", "name", "data", "created_by", "created_at", "updated_by", "updated_at", "previous", "is_deleted") VALUES ('e6a7470e0eb94c2a9e509d5d21e05614', '1.0.0', '4b1f59a7ccdd4faf930f29b4f1f946b3', 'active', '文本清洗模板-本地文件', '{"id":"e6a7470e0eb94c2a9e509d5d21e05614","title":"文本清洗模板-本地文件","source":"elsa","type":"graph","tenant":"default","setting":{"borderColor":"steelblue","backColor":"whitesmoke","headColor":"steelblue","fontColor":"steelblue","captionfontColor":"whitesmoke","fontFace":"arial","captionfontFace":"arial black","fontSize":12,"captionfontSize":14,"fontStyle":"normal","captionfontStyle":"normal","fontWeight":"lighter","captionfontWeight":"lighter","hAlign":"center","vAlign":"top","captionhAlign":"center","lineHeight":1.5,"lineWidth":2,"captionlineHeight":1,"focusMargin":0,"focusBorderColor":"darkorange","focusFontColor":"darkorange","focusBackColor":"whitesmoke","mouseInColor":"orange","mouseInBorderColor":"orange","mouseInFontColor":"orange","mouseInBackColor":"whitesmoke","borderWidth":1,"globalAlpha":1,"backAlpha":0.15,"cornerRadius":4,"dashWidth":0,"autoText":false,"autoHeight":false,"autoWidth":false,"margin":25,"pad":10,"code":"","rotateDegree":0,"shadow":false,"shadowData":"2px 2px 4px","outstanding":false,"pDock":"none","dockMode":"none","priority":0,"infoType":{"next":"INFORMATION","name":"none"},"progressStatus":{"next":"UNKNOWN","color":"gray","name":"NONE"},"progressPercent":0.65,"showedProgress":false,"itemPad":[5,5,5,5],"itemScroll":{"x":0,"y":0},"scrollLock":{"x":false,"y":false},"resizeable":true,"selectable":true,"rotateAble":true,"editable":true,"moveable":true,"dragable":true,"visible":true,"deletable":true,"allowLink":true,"shared":false,"strikethrough":false,"underline":false,"numberedList":false,"bulletedList":false,"enableAnimation":false,"enableSocial":true,"emphasized":false,"bulletSpeed":1,"tag":{}},"pages":[{"type":"page","id":"elsa-page:yek17n","text":"--","namespace":"elsa","x":0,"y":0,"width":2489,"height":1195,"bold":false,"italic":false,"dockAlign":"top","division":-1,"itemSpace":5,"itemPad":[0,0,0,0],"itemScroll":{"x":0,"y":0},"hideText":true,"dockMode":"none","shapesAs":{},"borderColor":"white","backColor":"white","fontSize":18,"fontFace":"arial","fontColor":"#ECD0A7","fontWeight":"bold","fontStyle":"normal","hAlign":"left","vAlign":"top","enableContextMenu":true,"moveable":true,"container":"elsa-page:yek17n","dirty":false,"isPage":true,"mode":"configuration","shapes":[{"id":"07x541","allowLink":false,"backColor":"white","beginArrow":false,"beginArrowEmpty":false,"beginArrowSize":4,"bold":false,"borderWidth":1,"comments":[],"createTime":{"$date":"2023-10-24T10:27:32.097Z"},"createUser":"a3000","curvePoint1":{"x":0,"y":0},"curvePoint2":{"x":0,"y":0},"dashWidth":0,"definedFromConnector":"E","definedToConnector":"W","dirty":true,"endArrow":true,"endArrowEmpty":false,"endArrowSize":4,"endpointOffsetX":0,"endpointOffsetY":0,"fromShape":"9vsv7l","hAlign":"center","height":0,"hideText":false,"inShared":"","index":100,"isDeleted":false,"italic":false,"lineMode":{"type":"broken"},"lineWidth":2,"margin":30,"namespace":"flowable","oldId":"i3fwk9","pad":0,"preInShared":"","text":"","textInnerHtml":"<p id=\"disn46\"><br data-cke-filler=\"true\"></p>","toShape":"gyj1b9","type":"event","updateTime":{"$date":"2024-02-28T09:02:03.83Z"},"updateUser":"a3000","version":"1.0.5","width":64,"x":1016,"y":436,"container":"elsa-page:yek17n"},{"id":"yl0vfm","autoHeight":true,"autoWidth":true,"bold":false,"comments":[],"completedTask":0,"createTime":{"$date":"2023-10-24T10:27:32.097Z"},"createUser":"a3000","dirty":true,"enableAnimation":true,"fitables":["ee38955917ba4e86b5003e49968dc02f"],"height":30,"inShared":"","index":101,"isDeleted":false,"italic":false,"jober":{"fitables":["com.huawei.eDataMate.operators.remove_file_with_short_or_long_length_plugin","com.huawei.eDataMate.operators.file_with_high_repeat_word_rate_filter_plugin","com.huawei.eDataMate.operators.file_with_high_repeat_phrase_rate_filter_plugin","com.huawei.eDataMate.operators.file_with_high_special_char_rate_filter_plugin","com.huawei.eDataMate.operators.remove_file_with_many_sensitive_words_plugin"],"entity":{"retryNum":2,"code":"let context1 = entity{\n    .id = \"com.huawei.eDataMate.operators.remove_file_with_short_or_long_length_plugin\";\n.async = true;\n.format = \"cbor\";\n};\nlet f1 = fit::handleTask(context1);\n\nlet context2 = entity{\n    .id = \"com.huawei.eDataMate.operators.file_with_high_repeat_word_rate_filter_plugin\";\n.async = true;\n.format = \"cbor\";\n};\nlet f2 = fit::handleTask(context2);\n\nlet context3 = entity{\n    .id = \"com.huawei.eDataMate.operators.file_with_high_repeat_phrase_rate_filter_plugin\";\n.async = true;\n.format = \"cbor\";\n};\nlet f3 = fit::handleTask(context3);\n\nlet context4 = entity{\n    .id = \"com.huawei.eDataMate.operators.file_with_high_special_char_rate_filter_plugin\";\n.async = true;\n.format = \"cbor\";\n};\nlet f4 = fit::handleTask(context4);\n\nlet context5 = entity{\n    .id = \"com.huawei.eDataMate.operators.remove_file_with_many_sensitive_words_plugin\";\n.async = true;\n.format = \"cbor\";\n};\nlet f5 = fit::handleTask(context5);\n\next::context >> f1 >> f2 >> f3 >> f4 >> f5"},"fitablesConfig":[{"id":"com.huawei.eDataMate.operators.remove_file_with_short_length_plugin","timeout":5,"retryNum":2}],"type":"ohscript_jober","retryNum":2},"joberFilter":{"threshold":1,"type":"BATCH_FILTER"},"namespace":"flowable","oldId":"kdodmx","pad":6,"preInShared":"","rotateAble":false,"runningTask":0,"task":{},"taskFilter":{"threshold":1},"text":[{"attributes":{"id":"clpv99"},"name":"paragraph","children":[{"data":"文档过滤"}],"x":828,"y":405.52,"width":48,"height":18}],"textInnerHtml":"<p id=\"clpv99\">文档过滤</p>","triggerMode":"auto","type":"state","updateTime":{"$date":"2024-02-28T09:02:03.83Z"},"updateUser":"a3000","version":"1.0.5","warningTask":0,"width":63,"x":680,"y":421,"container":"elsa-page:yek17n"},{"id":"on6f9m","allowLink":false,"backColor":"white","beginArrow":false,"beginArrowEmpty":false,"beginArrowSize":4,"bold":false,"borderWidth":1,"comments":[],"createTime":{"$date":"2023-10-24T10:27:32.097Z"},"createUser":"a3000","curvePoint1":{"x":0,"y":0},"curvePoint2":{"x":0,"y":0},"dashWidth":0,"definedFromConnector":"E","definedToConnector":"W","dirty":true,"endArrow":true,"endArrowEmpty":false,"endArrowSize":4,"endpointOffsetX":0,"endpointOffsetY":0,"fromShape":"jx1zqx","hAlign":"center","height":0,"hideText":false,"inShared":"","index":102,"isDeleted":false,"italic":false,"lineMode":{"type":"broken"},"lineWidth":2,"margin":30,"namespace":"flowable","oldId":"kudhm2","pad":0,"preInShared":"","text":"","textInnerHtml":"<p id=\"mgzr6j\"><br data-cke-filler=\"true\"></p>","toShape":"9vsv7l","type":"event","updateTime":{"$date":"2024-02-28T09:02:03.83Z"},"updateUser":"a3000","version":"1.0.5","width":65,"x":888,"y":436,"container":"elsa-page:yek17n"},{"id":"9vsv7l","autoHeight":true,"autoWidth":true,"bold":false,"comments":[],"completedTask":0,"createTime":{"$date":"2023-10-24T10:27:32.097Z"},"createUser":"a3000","description":"配置filter，等待前面的所有都执行完（考虑前面节点的批次来识别）","dirty":true,"enableAnimation":true,"fitables":["ee38955917ba4e86b5003e49968dc02f"],"height":30,"inShared":"","index":103,"isDeleted":false,"italic":false,"jober":{"fitables":["com.huawei.eDataMate.operators.remove_duplicate_sentences_plugin","com.huawei.eDataMate.operators.remove_duplicate_file_plugin"],"entity":{"retryNum":2,"code":"let context1 = entity{\n    .id = \"com.huawei.eDataMate.operators.remove_duplicate_sentences_plugin\";\n.async = true;\n.format = \"cbor\";\n};\nlet f1 = fit::handleTask(context1);\n\nlet context2 = entity{\n    .id = \"com.huawei.eDataMate.operators.remove_duplicate_file_plugin\";\n.async = true;\n.format = \"cbor\";\n};\nlet f2 = fit::handleTask(context2);\n\next::context >> f1 >> f2"},"fitablesConfig":[{"id":"com.huawei.eDataMate.operators.remove_duplicate_sentences_plugin","timeout":5,"retryNum":2}],"type":"ohscript_jober","retryNum":2},"joberFilter":{"threshold":1,"type":"BATCH_FILTER"},"namespace":"flowable","oldId":"s5laek","pad":6,"preInShared":"","rotateAble":false,"runningTask":0,"task":{},"taskFilter":{"threshold":1},"text":[{"attributes":{"id":"skjeni"},"name":"paragraph","children":[{"data":"数据去重"}],"x":1072,"y":404.52,"width":48,"height":18}],"textInnerHtml":"<p id=\"skjeni\">数据去重</p>","triggerMode":"auto","type":"state","updateTime":{"$date":"2024-02-28T09:02:03.83Z"},"updateUser":"a3000","version":"1.0.5","warningTask":0,"width":63,"x":953,"y":421,"container":"elsa-page:yek17n"},{"id":"jx1zqx","autoHeight":true,"autoWidth":true,"bold":false,"comments":[],"completedTask":0,"createTime":{"$date":"2023-10-24T10:27:32.097Z"},"createUser":"a3000","dirty":true,"enableAnimation":true,"height":30,"inShared":"","index":104,"isDeleted":false,"italic":false,"jober":{"fitables":["com.huawei.eDataMate.operators.unicode_space_cleaner_plugin","com.huawei.eDataMate.operators.extra_space_cleaner_plugin","com.huawei.eDataMate.operators.full_width_characters_cleaner_plugin","com.huawei.eDataMate.operators.invisible_characters_cleaner_plugin","com.huawei.eDataMate.operators.content_cleaner_plugin","com.huawei.eDataMate.operators.legend_cleaner_plugin","com.huawei.eDataMate.operators.emoji_cleaner_plugin","com.huawei.eDataMate.operators.html_tag_cleaner_plugin","com.huawei.eDataMate.operators.traditional_chinese_plugin","com.huawei.eDataMate.operators.garble_characters_cleaner_plugin"],"entity":{"retryNum":2,"order":"parallel","code":"let context1 = entity{\n    .id = \"com.huawei.eDataMate.operators.unicode_space_cleaner_plugin\";\n.async = true;\n.format = \"cbor\";\n};\nlet f1 = fit::handleTask(context1);\n\nlet context2 = entity{\n    .id = \"com.huawei.eDataMate.operators.extra_space_cleaner_plugin\";\n.async = true;\n.format = \"cbor\";\n};\nlet f2 = fit::handleTask(context2);\n\nlet context3 = entity{\n    .id = \"com.huawei.eDataMate.operators.full_width_characters_cleaner_plugin\";\n.async = true;\n.format = \"cbor\";\n};\nlet f3 = fit::handleTask(context3);\n\nlet context4 = entity{\n    .id = \"com.huawei.eDataMate.operators.invisible_characters_cleaner_plugin\";\n.async = true;\n.format = \"cbor\";\n};\nlet f4 = fit::handleTask(context4);\n\nlet context5 = entity{\n    .id = \"com.huawei.eDataMate.operators.content_cleaner_plugin\";\n.async = true;\n.format = \"cbor\";\n};\nlet f5 = fit::handleTask(context5);\n\nlet context6 = entity{\n    .id = \"com.huawei.eDataMate.operators.legend_cleaner_plugin\";\n.async = true;\n.format = \"cbor\";\n};\nlet f6 = fit::handleTask(context6);\n\nlet context7 = entity{\n    .id = \"com.huawei.eDataMate.operators.emoji_cleaner_plugin\";\n.async = true;\n.format = \"cbor\";\n};\nlet f7 = fit::handleTask(context7);\n\nlet context8 = entity{\n    .id = \"com.huawei.eDataMate.operators.html_tag_cleaner_plugin\";\n.async = true;\n.format = \"cbor\";\n};\nlet f8 = fit::handleTask(context8);\n\nlet context9 = entity{\n    .id = \"com.huawei.eDataMate.operators.traditional_chinese_plugin\";\n.async = true;\n.format = \"cbor\";\n};\nlet f9 = fit::handleTask(context9);\n\nlet context10 = entity{\n    .id = \"com.huawei.eDataMate.operators.garble_characters_cleaner_plugin\";\n.async = true;\n.format = \"cbor\";\n};\nlet f10 = fit::handleTask(context10);\n\next::context >> f1 >> f2 >> f3 >> f4 >> f5 >> f6 >> f7 >> f8 >> f9 >> f10"},"type":"ohscript_jober","fitablesConfig":[{"id":"com.huawei.eDataMate.operators.content_cleaner_plugin","timeout":5,"retryNum":2},{"id":"com.huawei.eDataMate.operators.legend_cleaner_plugin","timeout":5,"retryNum":2},{"id":"com.huawei.eDataMate.operators.full_width_characters_cleaner_plugin","timeout":5,"retryNum":2},{"id":"com.huawei.eDataMate.operators.invisible_characters_cleaner_plugin","timeout":5,"retryNum":2},{"id":"com.huawei.eDataMate.operators.unicode_space_cleaner_plugin","timeout":5,"retryNum":2},{"id":"com.huawei.eDataMate.operators.extra_space_cleaner_plugin","timeout":5,"retryNum":2},{"id":"com.huawei.eDataMate.operators.traditional_chinese_plugin","timeout":5,"retryNum":2},{"id":"com.huawei.eDataMate.operators.emoji_cleaner_plugin","timeout":5,"retryNum":2},{"id":"com.huawei.eDataMate.operators.html_tag_cleaner_plugin","timeout":5,"retryNum":2}],"retryNum":2},"joberFilter":{"threshold":1,"type":"BATCH_FILTER"},"namespace":"flowable","oldId":"tvlo98","pad":6,"preInShared":"","rotateAble":false,"runningTask":0,"task":{},"taskFilter":{"threshold":1},"text":[{"attributes":{"id":"yjt4gm"},"name":"paragraph","children":[{"data":"异常清洗"}],"x":981,"y":331.52,"width":48,"height":18}],"textInnerHtml":"<p id=\"yjt4gm\">异常清洗</p>","triggerMode":"auto","type":"state","updateTime":{"$date":"2024-02-28T09:02:03.83Z"},"updateUser":"a3000","version":"1.0.5","warningTask":0,"width":63,"x":825,"y":421,"container":"elsa-page:yek17n"},{"id":"gyj1b9","autoHeight":true,"autoWidth":true,"bold":false,"comments":[],"completedTask":0,"createTime":{"$date":"2023-10-24T10:27:32.097Z"},"createUser":"a3000","dirty":true,"enableAnimation":true,"height":30,"inShared":"","index":105,"isDeleted":false,"italic":false,"jober":{"fitables":["com.huawei.eDataMate.operators.url_cleaner_plugin","com.huawei.eDataMate.operators.sexual_and_violent_word_cleaner_plugin","com.huawei.eDataMate.operators.political_word_cleaner_plugin","com.huawei.eDataMate.operators.phone_number_cleaner_plugin","com.huawei.eDataMate.operators.credit_card_number_cleaner_plugin","com.huawei.eDataMate.operators.email_cleaner_plugin","com.huawei.eDataMate.operators.ip_address_cleaner_plugin","com.huawei.eDataMate.operators.id_number_cleaner_plugin"],"entity":{"retryNum":2,"order":"parallel","code":"let context1 = entity{\n    .async = true; .format = \"cbor\"; .id = \"com.huawei.eDataMate.operators.url_cleaner_plugin\";\n};\nlet f1 = fit::handleTask(context1);\n\nlet context2 = entity{\n    .async = true; .format = \"cbor\"; .id = \"com.huawei.eDataMate.operators.sexual_and_violent_word_cleaner_plugin\";\n};\nlet f2 = fit::handleTask(context2);\n\nlet context3 = entity{\n    .async = true; .format = \"cbor\"; .id = \"com.huawei.eDataMate.operators.political_word_cleaner_plugin\";\n};\nlet f3 = fit::handleTask(context3);\n\nlet context4 = entity{\n    .async = true; .format = \"cbor\"; .id = \"com.huawei.eDataMate.operators.phone_number_cleaner_plugin\";\n};\nlet f4 = fit::handleTask(context4);\n\nlet context5 = entity{\n    .async = true; .format = \"cbor\"; .id = \"com.huawei.eDataMate.operators.credit_card_number_cleaner_plugin\";\n};\nlet f5 = fit::handleTask(context5);\n\nlet context6 = entity{\n    .async = true; .format = \"cbor\"; .id = \"com.huawei.eDataMate.operators.email_cleaner_plugin\";\n};\nlet f6 = fit::handleTask(context6);\n\nlet context7 = entity{\n    .async = true; .format = \"cbor\"; .id = \"com.huawei.eDataMate.operators.ip_address_cleaner_plugin\";\n};\nlet f7 = fit::handleTask(context7);\n\nlet context8 = entity{\n    .async = true; .format = \"cbor\"; .id = \"com.huawei.eDataMate.operators.id_number_cleaner_plugin\";\n};\nlet f8 = fit::handleTask(context8);\n\next::context >> f1 >> f2 >> f3 >> f4 >> f5 >> f6 >> f7 >> f8"},"fitablesConfig":[{"id":"com.huawei.eDataMate.operators.url_cleaner_plugin","timeout":5,"retryNum":2},{"id":"com.huawei.eDataMate.operators.sexual_and_violent_word_cleaner_plugin","timeout":5,"retryNum":2},{"id":"com.huawei.eDataMate.operators.political_word_cleaner_plugin","timeout":5,"retryNum":2},{"id":"com.huawei.eDataMate.operators.phone_number_cleaner_plugin","timeout":5,"retryNum":2},{"id":"com.huawei.eDataMate.operators.credit_card_number_cleaner_plugin","timeout":5,"retryNum":2},{"id":"com.huawei.eDataMate.operators.email_cleaner_plugin","timeout":5,"retryNum":2},{"id":"com.huawei.eDataMate.operators.ip_address_cleaner_plugin","timeout":5,"retryNum":2},{"id":"com.huawei.eDataMate.operators.id_number_cleaner_plugin","timeout":5,"retryNum":2}],"type":"ohscript_jober","retryNum":2},"joberFilter":{"threshold":1,"type":"BATCH_FILTER"},"namespace":"flowable","oldId":"uxamc4","pad":6,"preInShared":"","rotateAble":false,"runningTask":0,"task":{},"taskFilter":{"threshold":1},"text":[{"attributes":{"id":"p2xy5m"},"name":"paragraph","children":[{"data":"特殊词替换"}],"x":1196,"y":394.88,"width":66,"height":18}],"textInnerHtml":"<p id=\"p2xy5m\">特殊词替换</p>","triggerMode":"auto","type":"state","updateTime":{"$date":"2024-02-28T09:02:03.831Z"},"updateUser":"a3000","version":"1.0.5","warningTask":0,"width":75,"x":1080,"y":421,"container":"elsa-page:yek17n"},{"id":"ea4t0g","allowLink":false,"backColor":"white","beginArrow":false,"beginArrowEmpty":false,"beginArrowSize":4,"bold":false,"borderWidth":1,"comments":[],"createTime":{"$date":"2023-10-24T10:27:32.097Z"},"createUser":"a3000","curvePoint1":{"x":0,"y":0},"curvePoint2":{"x":0,"y":0},"dashWidth":0,"definedFromConnector":"","definedToConnector":"W","dirty":true,"endArrow":true,"endArrowEmpty":false,"endArrowSize":4,"endpointOffsetX":0,"endpointOffsetY":0,"fromShape":"gyj1b9","hAlign":"center","height":0,"hideText":false,"inShared":"","index":106,"isDeleted":false,"italic":false,"lineMode":{"type":"broken"},"lineWidth":2,"margin":30,"namespace":"flowable","oldId":"9iwn4b","pad":0,"preInShared":"","text":"","textInnerHtml":"<p id=\"j1ai22\"><br data-cke-filler=\"true\"></p>","toShape":"hhjyq8","type":"event","updateTime":{"$date":"2024-02-28T09:02:03.831Z"},"updateUser":"a3000","version":"1.0.5","width":43,"x":1155,"y":436,"container":"elsa-page:yek17n"},{"id":"vgsoe0","allowLink":false,"backColor":"white","beginArrow":false,"beginArrowEmpty":false,"beginArrowSize":4,"bold":false,"borderWidth":1,"comments":[],"createTime":{"$date":"2023-10-24T10:27:32.097Z"},"createUser":"a3000","curvePoint1":{"x":0,"y":0},"curvePoint2":{"x":0,"y":0},"dashWidth":0,"definedFromConnector":"E","definedToConnector":"","dirty":true,"endArrow":true,"endArrowEmpty":false,"endArrowSize":4,"endpointOffsetX":0,"endpointOffsetY":0,"fromShape":"hhjyq8","hAlign":"center","height":0,"hideText":false,"inShared":"","index":107,"isDeleted":false,"italic":false,"lineMode":{"type":"broken"},"lineWidth":2,"margin":30,"namespace":"flowable","oldId":"1jeiug","pad":0,"preInShared":"","text":"","textInnerHtml":"<p id=\"9aej91\"><br data-cke-filler=\"true\"></p>","toShape":"fusjoh","type":"event","updateTime":{"$date":"2024-02-28T09:02:03.831Z"},"updateUser":"a3000","version":"1.0.5","width":67,"x":1261,"y":436,"container":"elsa-page:yek17n"},{"id":"hhjyq8","autoHeight":true,"autoWidth":true,"bold":false,"comments":[],"completedTask":0,"createTime":{"$date":"2023-10-24T10:27:32.097Z"},"createUser":"a3000","dirty":true,"enableAnimation":true,"height":30,"inShared":"","index":108,"isDeleted":false,"italic":false,"jober":{"fitables":["com.huawei.eDataMate.operators.persist_file_plugin","6a6084c0d1e243e7b327cb1a0ba068e2"],"entity":{"retryNum":2,"order":"parallel","code":"let context1 = entity{\n    .id = \"com.huawei.eDataMate.operators.persist_file_plugin\";\n.async = true;\n.format = \"cbor\";\n};\nlet f1 = fit::handleTask(context1);\n\nlet context2 = entity{\n    .id = \"6a6084c0d1e243e7b327cb1a0ba068e2\";\n.async = true;\n.format = \"cbor\";\n};\nlet f2 = fit::handleTask(context2);\n\nlet ans = ext::context >> f1;\nans.get(0).put(\"contextData\", ext::context.get(0).get(\"contextData\"));\nans >> f2"},"fitablesConfig":[{"id":"com.huawei.eDataMate.operators.localized_file_plugin","timeout":5,"retryNum":2},{"id":"6a6084c0d1e243e7b327cb1a0ba068e2","timeout":5,"retryNum":2}],"type":"ohscript_jober","retryNum":2},"joberFilter":{"threshold":1,"type":"BATCH_FILTER"},"namespace":"flowable","oldId":"29rz9d","pad":6,"preInShared":"","rotateAble":false,"runningTask":0,"task":{"fitables":[],"entity":{"retryNum":2}},"taskFilter":{"threshold":1},"text":[{"attributes":{"id":"nxh983"},"name":"paragraph","children":[{"data":"文件落盘"}],"x":1352,"y":402.52,"width":66,"height":18}],"textInnerHtml":"<p id=\"nxh983\">文件落盘</p>","triggerMode":"auto","type":"state","updateTime":{"$date":"2024-02-28T09:02:03.831Z"},"updateUser":"a3000","version":"1.0.5","warningTask":0,"width":63,"x":1198,"y":421,"container":"elsa-page:yek17n"},{"id":"fusjoh","autoWidth":false,"bold":false,"borderWidth":0,"comments":[],"completedTask":0,"createTime":{"$date":"2023-10-24T10:27:32.097Z"},"createUser":"a3000","dirty":true,"enableAnimation":true,"height":30,"hideText":true,"inShared":"","index":109,"isDeleted":false,"italic":false,"joberFilter":{"threshold":1},"margin":10,"namespace":"flowable","oldId":"41vzrj","pad":6,"preInShared":"","rotateAble":false,"runningTask":0,"text":"结束","triggerMode":"auto","type":"end","updateTime":{"$date":"2024-02-28T09:02:03.831Z"},"updateUser":"a3000","version":"1.0.5","warningTask":0,"width":30,"x":1328,"y":421,"container":"elsa-page:yek17n"},{"id":"71w87n","allowLink":false,"backColor":"white","beginArrow":false,"beginArrowEmpty":false,"beginArrowSize":4,"bold":false,"borderWidth":1,"createTime":{"$date":"2023-11-08T11:23:51.883Z"},"createUser":"a3000","curvePoint1":{"x":0,"y":0},"curvePoint2":{"x":0,"y":0},"dashWidth":0,"definedFromConnector":"E","definedToConnector":"W","dirty":true,"endArrow":true,"endArrowEmpty":false,"endArrowSize":4,"endpointOffsetX":0,"endpointOffsetY":0,"fromShape":"35bubo","hAlign":"center","height":0,"hideText":false,"index":110,"isDeleted":false,"italic":false,"lineMode":{"type":"broken"},"lineWidth":2,"margin":30,"namespace":"flowable","oldId":"zl1jmr","pad":0,"text":"","textInnerHtml":"<p id=\"rkdv74\"><br data-cke-filler=\"true\"></p>","textX":0,"textY":0,"toShape":"yl0vfm","type":"event","updateTime":{"$date":"2024-02-28T09:02:03.831Z"},"updateUser":"a3000","version":"1.0.5","width":75,"x":605,"y":436,"container":"elsa-page:yek17n"},{"id":"dhsrbf","autoWidth":false,"bold":false,"borderWidth":0,"completedTask":0,"createTime":{"$date":"2024-02-20T09:04:07.606Z"},"createUser":"a3000","dirty":true,"enableAnimation":true,"height":30,"hideText":true,"index":111,"isDeleted":false,"italic":false,"joberFilter":{"threshold":1,"type":"BATCH_FILTER"},"margin":10,"namespace":"flowable","pad":6,"rotateAble":false,"runningTask":0,"text":"开始","triggerMode":"auto","type":"start","updateTime":{"$date":"2024-02-28T09:02:03.831Z"},"updateUser":"a3000","version":"1.0.5","warningTask":0,"width":30,"x":128,"y":421,"container":"elsa-page:yek17n","oldId":"0xbg6p"},{"id":"nqopzg","allowLink":false,"backColor":"white","beginArrow":false,"beginArrowEmpty":false,"beginArrowSize":4,"bold":false,"borderWidth":1,"createTime":{"$date":"2024-02-20T09:04:07.606Z"},"createUser":"a3000","curvePoint1":{"x":0,"y":0},"curvePoint2":{"x":0,"y":0},"dashWidth":0,"definedFromConnector":"E","definedToConnector":"","dirty":true,"endArrow":true,"endArrowEmpty":false,"endArrowSize":4,"endpointOffsetX":0,"endpointOffsetY":0,"fromShape":"dhsrbf","hAlign":"center","height":0,"hideText":false,"index":112,"isDeleted":false,"italic":false,"lineMode":{"type":"broken"},"lineWidth":2,"margin":30,"namespace":"flowable","pad":0,"text":"","textInnerHtml":"<p id=\"xa8i31\"><br data-cke-filler=\"true\"></p>","textX":0,"textY":0,"toShape":"5ovf6e","type":"event","updateTime":{"$date":"2024-02-28T09:02:03.831Z"},"updateUser":"a3000","version":"1.0.5","width":96,"x":158,"y":436,"container":"elsa-page:yek17n","oldId":"8ap8ro"},{"id":"z1cvia","allowLink":false,"backColor":"white","beginArrow":false,"beginArrowEmpty":false,"beginArrowSize":4,"bold":false,"borderWidth":1,"createTime":{"$date":"2023-11-07T14:12:08.709Z"},"createUser":"a3000","curvePoint1":{"x":0,"y":0},"curvePoint2":{"x":0,"y":0},"dashWidth":0,"definedFromConnector":"","definedToConnector":"W","dirty":true,"endArrow":true,"endArrowEmpty":false,"endArrowSize":4,"endpointOffsetX":0,"endpointOffsetY":0,"fromShape":"yl0vfm","hAlign":"center","height":0,"hideText":false,"index":113,"isDeleted":false,"italic":false,"lineMode":{"type":"broken"},"lineWidth":2,"margin":30,"namespace":"flowable","oldId":"eqoxq1","pad":0,"text":"","textInnerHtml":"<p id=\"p2ukn2\"><br data-cke-filler=\"true\"></p>","toShape":"jx1zqx","type":"event","updateTime":{"$date":"2024-02-28T09:02:03.831Z"},"updateUser":"a3000","version":"1.0.5","width":82,"x":743,"y":436,"container":"elsa-page:yek17n"},{"id":"35bubo","autoHeight":true,"autoWidth":true,"bold":false,"comments":[],"completedTask":0,"createTime":{"$date":"2023-10-24T10:27:32.097Z"},"createUser":"a3000","dirty":true,"enableAnimation":true,"fitables":["http"],"height":30,"inShared":"","index":114,"isDeleted":false,"italic":false,"jober":{"fitables":["com.huawei.eDataMate.operators.pdf_extractor_plugin","com.huawei.eDataMate.operators.word_extractor_plugin","com.huawei.eDataMate.operators.md_extractor_plugin","com.huawei.eDataMate.operators.xml_extractor_plugin","com.huawei.eDataMate.operators.txt_extractor_plugin","com.huawei.eDataMate.operators.html_extractor_plugin"],"entity":{"retryNum":2,"order":"parallel","code":"var type = ext::context.get(0).get(\"passData\").get(\"meta\").get(\"fileType\");\n\nif(type==\"pdf\"){\n    let context1 = entity{\n        .async = true; .format = \"cbor\"; .id = \"com.huawei.eDataMate.operators.pdf_extractor_plugin\";\n    };\n    let f1 = fit::handleTask(context1);\n    ext::context >> f1\n}\n\nif (type == \"word\") {\n    let context1 = entity{\n        .async = true; .format = \"cbor\"; .id = \"com.huawei.eDataMate.operators.word_extractor_plugin\";\n    };\n    let f1 = fit::handleTask(context1);\n    ext::context >> f1\n}\n\nif (type == \"md\") {\n    let context1 = entity{\n        .async = true; .format = \"cbor\"; .id = \"com.huawei.eDataMate.operators.md_extractor_plugin\";\n    };\n    let f1 = fit::handleTask(context1);\n    ext::context >> f1\n}\n\nif (type == \"markdown\") {\n    let context1 = entity{\n        .async = true; .format = \"cbor\"; .id = \"com.huawei.eDataMate.operators.md_extractor_plugin\";\n    };\n    let f1 = fit::handleTask(context1);\n    ext::context >> f1\n}\n\nif (type == \"xml\") {\n    let context1 = entity{\n        .async = true; .format = \"cbor\"; .id = \"com.huawei.eDataMate.operators.xml_extractor_plugin\";\n    };\n    let f1 = fit::handleTask(context1);\n    ext::context >> f1\n}\n\nif (type == \"html\") {\n    let context1 = entity{\n        .async = true; .format = \"cbor\"; .id = \"com.huawei.eDataMate.operators.html_extractor_plugin\";\n    };\n    let f1 = fit::handleTask(context1);\n    ext::context >> f1\n}\n\nif (type == \"txt\") {\n    let context1 = entity{\n        .async = true; .format = \"cbor\"; .id = \"com.huawei.eDataMate.operators.txt_extractor_plugin\";\n    };\n    let f1 = fit::handleTask(context1);\n    ext::context >> f1\n} else {\n        let context1 = entity{\n        .async = true; .format = \"cbor\"; .id = \"5abc15280ea44cada216e094e3a76937\";\n    };\n    let f1 = fit::handleTask(context1);\n    ext::context >> f1\n}"},"type":"ohscript_jober","fitablesConfig":[{"id":"com.huawei.eDataMate.operators.pdf_extractor_plugin","timeout":5,"retryNum":2},{"id":"com.huawei.eDataMate.operators.word_extractor_plugin","timeout":5,"retryNum":2},{"id":"com.huawei.eDataMate.operators.md_extractor_plugin","timeout":5,"retryNum":2},{"id":"com.huawei.eDataMate.operators.xml_extractor_plugin","timeout":5,"retryNum":2},{"id":"com.huawei.eDataMate.operators.txt_extractor_plugin","timeout":5,"retryNum":2},{"id":"com.huawei.eDataMate.operators.html_extractor_plugin","timeout":5,"retryNum":2}],"retryNum":2},"joberFilter":{"threshold":1,"type":"BATCH_FILTER"},"namespace":"flowable","oldId":"7tr9sm","pad":6,"preInShared":"","rotateAble":false,"runningTask":0,"task":{},"text":[{"attributes":{"id":"l6p34f"},"name":"paragraph","children":[{"data":"文本抽取"}],"x":619,"y":746,"width":48,"height":18}],"textInnerHtml":"<p id=\"l6p34f\">文本抽取</p>","triggerMode":"auto","type":"state","updateTime":{"$date":"2024-02-28T09:02:03.831Z"},"updateUser":"a3000","version":"1.0.5","warningTask":0,"width":63,"x":542,"y":421,"container":"elsa-page:yek17n"},{"id":"36rxat","allowLink":false,"backColor":"white","beginArrow":false,"beginArrowEmpty":false,"beginArrowSize":4,"bold":false,"borderWidth":1,"createTime":{"$date":"2024-02-20T09:04:07.606Z"},"createUser":"a3000","curvePoint1":{"x":0,"y":0},"curvePoint2":{"x":0,"y":0},"dashWidth":0,"definedFromConnector":"E","definedToConnector":"","dirty":true,"endArrow":true,"endArrowEmpty":false,"endArrowSize":4,"endpointOffsetX":0,"endpointOffsetY":0,"fromShape":"5ovf6e","hAlign":"center","height":0,"hideText":false,"index":115,"isDeleted":false,"italic":false,"lineMode":{"type":"broken"},"lineWidth":2,"margin":30,"namespace":"flowable","pad":0,"text":"","textInnerHtml":"<p id=\"yttpmc\"><br data-cke-filler=\"true\"></p>","textX":0,"textY":0,"toShape":"1yxmg1","type":"event","updateTime":{"$date":"2024-02-28T09:02:03.831Z"},"updateUser":"a3000","version":"1.0.5","width":87,"x":297,"y":436,"container":"elsa-page:yek17n","oldId":"5i39ps"},{"id":"b8u1zi","allowLink":false,"backColor":"white","beginArrow":false,"beginArrowEmpty":false,"beginArrowSize":4,"bold":false,"borderWidth":1,"createTime":{"$date":"2024-02-20T09:04:07.606Z"},"createUser":"a3000","curvePoint1":{"x":0,"y":0},"curvePoint2":{"x":0,"y":0},"dashWidth":0,"definedFromConnector":"E","definedToConnector":"W","dirty":true,"endArrow":true,"endArrowEmpty":false,"endArrowSize":4,"endpointOffsetX":0,"endpointOffsetY":0,"fromShape":"1yxmg1","hAlign":"center","height":0,"hideText":false,"index":116,"isDeleted":false,"italic":false,"lineMode":{"type":"broken"},"lineWidth":2,"margin":30,"namespace":"flowable","pad":0,"text":"","textX":0,"textY":0,"toShape":"35bubo","type":"event","updateTime":{"$date":"2024-02-28T09:02:03.831Z"},"updateUser":"a3000","version":"1.0.5","width":95,"x":447,"y":436,"container":"elsa-page:yek17n","textInnerHtml":"<p id=\"qy9bhr\"><br data-cke-filler=\"true\"></p>","oldId":"jjbnx3"},{"id":"5ovf6e","autoHeight":true,"autoWidth":true,"bold":false,"completedTask":0,"createTime":{"$date":"2024-02-20T09:04:07.606Z"},"createUser":"a3000","dirty":true,"enableAnimation":true,"height":30,"index":117,"isDeleted":false,"italic":false,"jober":{"fitables":["com.huawei.eDataMate.operators.local_scanner_plugin","fd04d6f24ecd4ebb8f889014a441cc63"],"fitablesConfig":[],"entity":{"code":"let context1 = entity{\n    .async = true;\n    .format = \"cbor\";\n    .id = \"com.huawei.eDataMate.operators.local_scanner_plugin\";\n    };\nlet f1 = fit::handleTask(context1);\nlet ans = ext::context >> f1;\nlet context2 = entity{\n\t.async = true;\n\t.format = \"cbor\";\n\t.id = \"fd04d6f24ecd4ebb8f889014a441cc63\";\n};\nlet f2 = fit::handleTask(context2);\nans >> f2"},"retryNum":2,"type":"ohscript_jober"},"joberFilter":{"threshold":1,"type":"BATCH_FILTER"},"namespace":"flowable","pad":6,"rotateAble":false,"runningTask":0,"text":"文件扫盘","triggerMode":"auto","type":"state","updateTime":{"$date":"2024-02-28T09:02:03.831Z"},"updateUser":"a3000","version":"1.0.5","warningTask":0,"width":43,"x":254,"y":421,"container":"elsa-page:yek17n","oldId":"7a7vdu"},{"id":"1yxmg1","autoHeight":true,"autoWidth":true,"bold":false,"completedTask":0,"createTime":{"$date":"2024-02-20T09:04:07.606Z"},"createUser":"a3000","dirty":true,"enableAnimation":true,"height":30,"index":118,"isDeleted":false,"italic":false,"jober":{"fitables":["com.huawei.eDataMate.operators.read_file_plugin"],"fitablesConfig":[],"entity":{"code":"let context1 = entity{\n    .id = \"com.huawei.eDataMate.operators.read_file_plugin\";\n.async = true;\n.format = \"cbor\";\n};\nlet f1 = fit::handleTask(context1);\n\next::context >> f1"},"retryNum":2,"type":"ohscript_jober"},"joberFilter":{"threshold":1,"type":"BATCH_FILTER"},"namespace":"flowable","pad":6,"rotateAble":false,"runningTask":0,"text":"文件读取","triggerMode":"auto","type":"state","updateTime":{"$date":"2024-02-28T09:02:03.831Z"},"updateUser":"a3000","version":"1.0.5","warningTask":0,"width":63,"x":384,"y":421,"container":"elsa-page:yek17n","oldId":"xtwhlr"}],"index":0}]}', 'com.huawei.a3000', '2024-02-29 11:19:12.362', 'com.huawei.a3000', '2024-02-29 11:19:12.362', NULL, 'f') ON CONFLICT (id, version) DO NOTHING;

INSERT INTO "public"."flow_definition" ("definition_id", "meta_id", "name", "tenant", "version", "status", "graph", "created_by", "created_at") VALUES ('55167031410f48d883d2e9ea925a706e', 'e6a7470e0eb94c2a9e509d5d21e05614', '文本清洗模板-本地文件', '4b1f59a7ccdd4faf930f29b4f1f946b3', '1.0.0', 'active', '{"name": "文本清洗模板-本地文件", "nodes": [{"to": "gyj1b9", "from": "9vsv7l", "name": "", "type": "event", "metaId": "07x541"}, {"name": "文档过滤", "task": {}, "type": "state", "jober": {"type": "ohscript_jober", "entity": {"code": "let context1 = entity{\n    .id = \"com.huawei.eDataMate.operators.remove_file_with_short_or_long_length_plugin\";\n.async = true;\n.format = \"cbor\";\n};\nlet f1 = fit::handleTask(context1);\n\nlet context2 = entity{\n    .id = \"com.huawei.eDataMate.operators.file_with_high_repeat_word_rate_filter_plugin\";\n.async = true;\n.format = \"cbor\";\n};\nlet f2 = fit::handleTask(context2);\n\nlet context3 = entity{\n    .id = \"com.huawei.eDataMate.operators.file_with_high_repeat_phrase_rate_filter_plugin\";\n.async = true;\n.format = \"cbor\";\n};\nlet f3 = fit::handleTask(context3);\n\nlet context4 = entity{\n    .id = \"com.huawei.eDataMate.operators.file_with_high_special_char_rate_filter_plugin\";\n.async = true;\n.format = \"cbor\";\n};\nlet f4 = fit::handleTask(context4);\n\nlet context5 = entity{\n    .id = \"com.huawei.eDataMate.operators.remove_file_with_many_sensitive_words_plugin\";\n.async = true;\n.format = \"cbor\";\n};\nlet f5 = fit::handleTask(context5);\n\next::context >> f1 >> f2 >> f3 >> f4 >> f5", "retryNum": 2}, "fitables": ["com.huawei.eDataMate.operators.remove_file_with_short_or_long_length_plugin", "com.huawei.eDataMate.operators.file_with_high_repeat_word_rate_filter_plugin", "com.huawei.eDataMate.operators.file_with_high_repeat_phrase_rate_filter_plugin", "com.huawei.eDataMate.operators.file_with_high_special_char_rate_filter_plugin", "com.huawei.eDataMate.operators.remove_file_with_many_sensitive_words_plugin"], "retryNum": 2, "fitablesConfig": [{"id": "com.huawei.eDataMate.operators.remove_file_with_short_length_plugin", "timeout": 5, "retryNum": 2}]}, "metaId": "yl0vfm", "taskFilter": {"threshold": 1}, "joberFilter": {"type": "BATCH_FILTER", "threshold": 1}, "triggerMode": "auto"}, {"to": "9vsv7l", "from": "jx1zqx", "name": "", "type": "event", "metaId": "on6f9m"}, {"name": "数据去重", "task": {}, "type": "state", "jober": {"type": "ohscript_jober", "entity": {"code": "let context1 = entity{\n    .id = \"com.huawei.eDataMate.operators.remove_duplicate_sentences_plugin\";\n.async = true;\n.format = \"cbor\";\n};\nlet f1 = fit::handleTask(context1);\n\nlet context2 = entity{\n    .id = \"com.huawei.eDataMate.operators.remove_duplicate_file_plugin\";\n.async = true;\n.format = \"cbor\";\n};\nlet f2 = fit::handleTask(context2);\n\next::context >> f1 >> f2", "retryNum": 2}, "fitables": ["com.huawei.eDataMate.operators.remove_duplicate_sentences_plugin", "com.huawei.eDataMate.operators.remove_duplicate_file_plugin"], "retryNum": 2, "fitablesConfig": [{"id": "com.huawei.eDataMate.operators.remove_duplicate_sentences_plugin", "timeout": 5, "retryNum": 2}]}, "metaId": "9vsv7l", "taskFilter": {"threshold": 1}, "joberFilter": {"type": "BATCH_FILTER", "threshold": 1}, "triggerMode": "auto"}, {"name": "异常清洗", "task": {}, "type": "state", "jober": {"type": "ohscript_jober", "entity": {"code": "let context1 = entity{\n    .id = \"com.huawei.eDataMate.operators.unicode_space_cleaner_plugin\";\n.async = true;\n.format = \"cbor\";\n};\nlet f1 = fit::handleTask(context1);\n\nlet context2 = entity{\n    .id = \"com.huawei.eDataMate.operators.extra_space_cleaner_plugin\";\n.async = true;\n.format = \"cbor\";\n};\nlet f2 = fit::handleTask(context2);\n\nlet context3 = entity{\n    .id = \"com.huawei.eDataMate.operators.full_width_characters_cleaner_plugin\";\n.async = true;\n.format = \"cbor\";\n};\nlet f3 = fit::handleTask(context3);\n\nlet context4 = entity{\n    .id = \"com.huawei.eDataMate.operators.invisible_characters_cleaner_plugin\";\n.async = true;\n.format = \"cbor\";\n};\nlet f4 = fit::handleTask(context4);\n\nlet context5 = entity{\n    .id = \"com.huawei.eDataMate.operators.content_cleaner_plugin\";\n.async = true;\n.format = \"cbor\";\n};\nlet f5 = fit::handleTask(context5);\n\nlet context6 = entity{\n    .id = \"com.huawei.eDataMate.operators.legend_cleaner_plugin\";\n.async = true;\n.format = \"cbor\";\n};\nlet f6 = fit::handleTask(context6);\n\nlet context7 = entity{\n    .id = \"com.huawei.eDataMate.operators.emoji_cleaner_plugin\";\n.async = true;\n.format = \"cbor\";\n};\nlet f7 = fit::handleTask(context7);\n\nlet context8 = entity{\n    .id = \"com.huawei.eDataMate.operators.html_tag_cleaner_plugin\";\n.async = true;\n.format = \"cbor\";\n};\nlet f8 = fit::handleTask(context8);\n\nlet context9 = entity{\n    .id = \"com.huawei.eDataMate.operators.traditional_chinese_plugin\";\n.async = true;\n.format = \"cbor\";\n};\nlet f9 = fit::handleTask(context9);\n\nlet context10 = entity{\n    .id = \"com.huawei.eDataMate.operators.garble_characters_cleaner_plugin\";\n.async = true;\n.format = \"cbor\";\n};\nlet f10 = fit::handleTask(context10);\n\next::context >> f1 >> f2 >> f3 >> f4 >> f5 >> f6 >> f7 >> f8 >> f9 >> f10", "order": "parallel", "retryNum": 2}, "fitables": ["com.huawei.eDataMate.operators.unicode_space_cleaner_plugin", "com.huawei.eDataMate.operators.extra_space_cleaner_plugin", "com.huawei.eDataMate.operators.full_width_characters_cleaner_plugin", "com.huawei.eDataMate.operators.invisible_characters_cleaner_plugin", "com.huawei.eDataMate.operators.content_cleaner_plugin", "com.huawei.eDataMate.operators.legend_cleaner_plugin", "com.huawei.eDataMate.operators.emoji_cleaner_plugin", "com.huawei.eDataMate.operators.html_tag_cleaner_plugin", "com.huawei.eDataMate.operators.traditional_chinese_plugin", "com.huawei.eDataMate.operators.garble_characters_cleaner_plugin"], "retryNum": 2, "fitablesConfig": [{"id": "com.huawei.eDataMate.operators.content_cleaner_plugin", "timeout": 5, "retryNum": 2}, {"id": "com.huawei.eDataMate.operators.legend_cleaner_plugin", "timeout": 5, "retryNum": 2}, {"id": "com.huawei.eDataMate.operators.full_width_characters_cleaner_plugin", "timeout": 5, "retryNum": 2}, {"id": "com.huawei.eDataMate.operators.invisible_characters_cleaner_plugin", "timeout": 5, "retryNum": 2}, {"id": "com.huawei.eDataMate.operators.unicode_space_cleaner_plugin", "timeout": 5, "retryNum": 2}, {"id": "com.huawei.eDataMate.operators.extra_space_cleaner_plugin", "timeout": 5, "retryNum": 2}, {"id": "com.huawei.eDataMate.operators.traditional_chinese_plugin", "timeout": 5, "retryNum": 2}, {"id": "com.huawei.eDataMate.operators.emoji_cleaner_plugin", "timeout": 5, "retryNum": 2}, {"id": "com.huawei.eDataMate.operators.html_tag_cleaner_plugin", "timeout": 5, "retryNum": 2}]}, "metaId": "jx1zqx", "taskFilter": {"threshold": 1}, "joberFilter": {"type": "BATCH_FILTER", "threshold": 1}, "triggerMode": "auto"}, {"name": "特殊词替换", "task": {}, "type": "state", "jober": {"type": "ohscript_jober", "entity": {"code": "let context1 = entity{\n    .async = true; .format = \"cbor\"; .id = \"com.huawei.eDataMate.operators.url_cleaner_plugin\";\n};\nlet f1 = fit::handleTask(context1);\n\nlet context2 = entity{\n    .async = true; .format = \"cbor\"; .id = \"com.huawei.eDataMate.operators.sexual_and_violent_word_cleaner_plugin\";\n};\nlet f2 = fit::handleTask(context2);\n\nlet context3 = entity{\n    .async = true; .format = \"cbor\"; .id = \"com.huawei.eDataMate.operators.political_word_cleaner_plugin\";\n};\nlet f3 = fit::handleTask(context3);\n\nlet context4 = entity{\n    .async = true; .format = \"cbor\"; .id = \"com.huawei.eDataMate.operators.phone_number_cleaner_plugin\";\n};\nlet f4 = fit::handleTask(context4);\n\nlet context5 = entity{\n    .async = true; .format = \"cbor\"; .id = \"com.huawei.eDataMate.operators.credit_card_number_cleaner_plugin\";\n};\nlet f5 = fit::handleTask(context5);\n\nlet context6 = entity{\n    .async = true; .format = \"cbor\"; .id = \"com.huawei.eDataMate.operators.email_cleaner_plugin\";\n};\nlet f6 = fit::handleTask(context6);\n\nlet context7 = entity{\n    .async = true; .format = \"cbor\"; .id = \"com.huawei.eDataMate.operators.ip_address_cleaner_plugin\";\n};\nlet f7 = fit::handleTask(context7);\n\nlet context8 = entity{\n    .async = true; .format = \"cbor\"; .id = \"com.huawei.eDataMate.operators.id_number_cleaner_plugin\";\n};\nlet f8 = fit::handleTask(context8);\n\next::context >> f1 >> f2 >> f3 >> f4 >> f5 >> f6 >> f7 >> f8", "order": "parallel", "retryNum": 2}, "fitables": ["com.huawei.eDataMate.operators.url_cleaner_plugin", "com.huawei.eDataMate.operators.sexual_and_violent_word_cleaner_plugin", "com.huawei.eDataMate.operators.political_word_cleaner_plugin", "com.huawei.eDataMate.operators.phone_number_cleaner_plugin", "com.huawei.eDataMate.operators.credit_card_number_cleaner_plugin", "com.huawei.eDataMate.operators.email_cleaner_plugin", "com.huawei.eDataMate.operators.ip_address_cleaner_plugin", "com.huawei.eDataMate.operators.id_number_cleaner_plugin"], "retryNum": 2, "fitablesConfig": [{"id": "com.huawei.eDataMate.operators.url_cleaner_plugin", "timeout": 5, "retryNum": 2}, {"id": "com.huawei.eDataMate.operators.sexual_and_violent_word_cleaner_plugin", "timeout": 5, "retryNum": 2}, {"id": "com.huawei.eDataMate.operators.political_word_cleaner_plugin", "timeout": 5, "retryNum": 2}, {"id": "com.huawei.eDataMate.operators.phone_number_cleaner_plugin", "timeout": 5, "retryNum": 2}, {"id": "com.huawei.eDataMate.operators.credit_card_number_cleaner_plugin", "timeout": 5, "retryNum": 2}, {"id": "com.huawei.eDataMate.operators.email_cleaner_plugin", "timeout": 5, "retryNum": 2}, {"id": "com.huawei.eDataMate.operators.ip_address_cleaner_plugin", "timeout": 5, "retryNum": 2}, {"id": "com.huawei.eDataMate.operators.id_number_cleaner_plugin", "timeout": 5, "retryNum": 2}]}, "metaId": "gyj1b9", "taskFilter": {"threshold": 1}, "joberFilter": {"type": "BATCH_FILTER", "threshold": 1}, "triggerMode": "auto"}, {"to": "hhjyq8", "from": "gyj1b9", "name": "", "type": "event", "metaId": "ea4t0g"}, {"to": "fusjoh", "from": "hhjyq8", "name": "", "type": "event", "metaId": "vgsoe0"}, {"name": "文件落盘", "task": {"entity": {"retryNum": 2}, "fitables": []}, "type": "state", "jober": {"type": "ohscript_jober", "entity": {"code": "let context1 = entity{\n    .id = \"com.huawei.eDataMate.operators.persist_file_plugin\";\n.async = true;\n.format = \"cbor\";\n};\nlet f1 = fit::handleTask(context1);\n\nlet context2 = entity{\n    .id = \"6a6084c0d1e243e7b327cb1a0ba068e2\";\n.async = true;\n.format = \"cbor\";\n};\nlet f2 = fit::handleTask(context2);\n\nlet ans = ext::context >> f1;\nans.get(0).put(\"contextData\", ext::context.get(0).get(\"contextData\"));\nans >> f2", "order": "parallel", "retryNum": 2}, "fitables": ["com.huawei.eDataMate.operators.persist_file_plugin", "6a6084c0d1e243e7b327cb1a0ba068e2"], "retryNum": 2, "fitablesConfig": [{"id": "com.huawei.eDataMate.operators.localized_file_plugin", "timeout": 5, "retryNum": 2}, {"id": "6a6084c0d1e243e7b327cb1a0ba068e2", "timeout": 5, "retryNum": 2}]}, "metaId": "hhjyq8", "taskFilter": {"threshold": 1}, "joberFilter": {"type": "BATCH_FILTER", "threshold": 1}, "triggerMode": "auto"}, {"name": "结束", "type": "end", "metaId": "fusjoh", "triggerMode": "auto"}, {"to": "yl0vfm", "from": "35bubo", "name": "", "type": "event", "metaId": "71w87n"}, {"name": "开始", "type": "start", "metaId": "dhsrbf", "triggerMode": "auto"}, {"to": "5ovf6e", "from": "dhsrbf", "name": "", "type": "event", "metaId": "nqopzg"}, {"to": "jx1zqx", "from": "yl0vfm", "name": "", "type": "event", "metaId": "z1cvia"}, {"name": "文本抽取", "task": {}, "type": "state", "jober": {"type": "ohscript_jober", "entity": {"code": "var type = ext::context.get(0).get(\"passData\").get(\"meta\").get(\"fileType\");\n\nif(type==\"pdf\"){\n    let context1 = entity{\n        .async = true; .format = \"cbor\"; .id = \"com.huawei.eDataMate.operators.pdf_extractor_plugin\";\n    };\n    let f1 = fit::handleTask(context1);\n    ext::context >> f1\n}\n\nif (type == \"word\") {\n    let context1 = entity{\n        .async = true; .format = \"cbor\"; .id = \"com.huawei.eDataMate.operators.word_extractor_plugin\";\n    };\n    let f1 = fit::handleTask(context1);\n    ext::context >> f1\n}\n\nif (type == \"md\") {\n    let context1 = entity{\n        .async = true; .format = \"cbor\"; .id = \"com.huawei.eDataMate.operators.md_extractor_plugin\";\n    };\n    let f1 = fit::handleTask(context1);\n    ext::context >> f1\n}\n\nif (type == \"markdown\") {\n    let context1 = entity{\n        .async = true; .format = \"cbor\"; .id = \"com.huawei.eDataMate.operators.md_extractor_plugin\";\n    };\n    let f1 = fit::handleTask(context1);\n    ext::context >> f1\n}\n\nif (type == \"xml\") {\n    let context1 = entity{\n        .async = true; .format = \"cbor\"; .id = \"com.huawei.eDataMate.operators.xml_extractor_plugin\";\n    };\n    let f1 = fit::handleTask(context1);\n    ext::context >> f1\n}\n\nif (type == \"html\") {\n    let context1 = entity{\n        .async = true; .format = \"cbor\"; .id = \"com.huawei.eDataMate.operators.html_extractor_plugin\";\n    };\n    let f1 = fit::handleTask(context1);\n    ext::context >> f1\n}\n\nif (type == \"txt\") {\n    let context1 = entity{\n        .async = true; .format = \"cbor\"; .id = \"com.huawei.eDataMate.operators.txt_extractor_plugin\";\n    };\n    let f1 = fit::handleTask(context1);\n    ext::context >> f1\n} else {\n        let context1 = entity{\n        .async = true; .format = \"cbor\"; .id = \"5abc15280ea44cada216e094e3a76937\";\n    };\n    let f1 = fit::handleTask(context1);\n    ext::context >> f1\n}", "order": "parallel", "retryNum": 2}, "fitables": ["com.huawei.eDataMate.operators.pdf_extractor_plugin", "com.huawei.eDataMate.operators.word_extractor_plugin", "com.huawei.eDataMate.operators.md_extractor_plugin", "com.huawei.eDataMate.operators.xml_extractor_plugin", "com.huawei.eDataMate.operators.txt_extractor_plugin", "com.huawei.eDataMate.operators.html_extractor_plugin"], "retryNum": 2, "fitablesConfig": [{"id": "com.huawei.eDataMate.operators.pdf_extractor_plugin", "timeout": 5, "retryNum": 2}, {"id": "com.huawei.eDataMate.operators.word_extractor_plugin", "timeout": 5, "retryNum": 2}, {"id": "com.huawei.eDataMate.operators.md_extractor_plugin", "timeout": 5, "retryNum": 2}, {"id": "com.huawei.eDataMate.operators.xml_extractor_plugin", "timeout": 5, "retryNum": 2}, {"id": "com.huawei.eDataMate.operators.txt_extractor_plugin", "timeout": 5, "retryNum": 2}, {"id": "com.huawei.eDataMate.operators.html_extractor_plugin", "timeout": 5, "retryNum": 2}]}, "metaId": "35bubo", "joberFilter": {"type": "BATCH_FILTER", "threshold": 1}, "triggerMode": "auto"}, {"to": "1yxmg1", "from": "5ovf6e", "name": "", "type": "event", "metaId": "36rxat"}, {"to": "35bubo", "from": "1yxmg1", "name": "", "type": "event", "metaId": "b8u1zi"}, {"name": "文件扫盘", "type": "state", "jober": {"type": "ohscript_jober", "entity": {"code": "let context1 = entity{\n    .async = true;\n    .format = \"cbor\";\n    .id = \"com.huawei.eDataMate.operators.local_scanner_plugin\";\n    };\nlet f1 = fit::handleTask(context1);\nlet ans = ext::context >> f1;\nlet context2 = entity{\n\t.async = true;\n\t.format = \"cbor\";\n\t.id = \"fd04d6f24ecd4ebb8f889014a441cc63\";\n};\nlet f2 = fit::handleTask(context2);\nans >> f2"}, "fitables": ["com.huawei.eDataMate.operators.local_scanner_plugin", "fd04d6f24ecd4ebb8f889014a441cc63"], "retryNum": 2, "fitablesConfig": []}, "metaId": "5ovf6e", "joberFilter": {"type": "BATCH_FILTER", "threshold": 1}, "triggerMode": "auto"}, {"name": "文件读取", "type": "state", "jober": {"type": "ohscript_jober", "entity": {"code": "let context1 = entity{\n    .id = \"com.huawei.eDataMate.operators.read_file_plugin\";\n.async = true;\n.format = \"cbor\";\n};\nlet f1 = fit::handleTask(context1);\n\next::context >> f1"}, "fitables": ["com.huawei.eDataMate.operators.read_file_plugin"], "retryNum": 2, "fitablesConfig": []}, "metaId": "1yxmg1", "joberFilter": {"type": "BATCH_FILTER", "threshold": 1}, "triggerMode": "auto"}], "metaId": "e6a7470e0eb94c2a9e509d5d21e05614", "status": "active", "version": "1.0.0"}', 'com.huawei.a3000', '2024-02-29 11:19:12.286') ON CONFLICT (definition_id) DO NOTHING;

INSERT INTO "public"."tag_usage" ("id", "tag_id", "object_type", "object_id", "created_by", "created_at") VALUES ('4370f5ff5a07415295b662c999e55ef9', '1234787ca7e54b39bcddaa4131a8e1c8', 'FLOW GRAPH', 'e6a7470e0eb94c2a9e509d5d21e05614', 'com.huawei.a3000', '2024-02-29 03:19:12.018') ON CONFLICT (id) DO NOTHING;

INSERT INTO "public"."fitable_usage" ("fitable_id", "definition_id") VALUES ('6a6084c0d1e243e7b327cb1a0ba068e2', '55167031410f48d883d2e9ea925a706e') ON CONFLICT (fitable_id, definition_id) DO NOTHING;
INSERT INTO "public"."fitable_usage" ("fitable_id", "definition_id") VALUES ('com.huawei.eDataMate.operators.pdf_extractor_plugin', '55167031410f48d883d2e9ea925a706e') ON CONFLICT (fitable_id, definition_id) DO NOTHING;
INSERT INTO "public"."fitable_usage" ("fitable_id", "definition_id") VALUES ('com.huawei.eDataMate.operators.txt_extractor_plugin', '55167031410f48d883d2e9ea925a706e') ON CONFLICT (fitable_id, definition_id) DO NOTHING;
INSERT INTO "public"."fitable_usage" ("fitable_id", "definition_id") VALUES ('com.huawei.eDataMate.operators.emoji_cleaner_plugin', '55167031410f48d883d2e9ea925a706e') ON CONFLICT (fitable_id, definition_id) DO NOTHING;
INSERT INTO "public"."fitable_usage" ("fitable_id", "definition_id") VALUES ('com.huawei.eDataMate.operators.remove_duplicate_sentences_plugin', '55167031410f48d883d2e9ea925a706e') ON CONFLICT (fitable_id, definition_id) DO NOTHING;
INSERT INTO "public"."fitable_usage" ("fitable_id", "definition_id") VALUES ('com.huawei.eDataMate.operators.html_extractor_plugin', '55167031410f48d883d2e9ea925a706e') ON CONFLICT (fitable_id, definition_id) DO NOTHING;
INSERT INTO "public"."fitable_usage" ("fitable_id", "definition_id") VALUES ('com.huawei.eDataMate.operators.sexual_and_violent_word_cleaner_plugin', '55167031410f48d883d2e9ea925a706e') ON CONFLICT (fitable_id, definition_id) DO NOTHING;
INSERT INTO "public"."fitable_usage" ("fitable_id", "definition_id") VALUES ('com.huawei.eDataMate.operators.md_extractor_plugin', '55167031410f48d883d2e9ea925a706e') ON CONFLICT (fitable_id, definition_id) DO NOTHING;
INSERT INTO "public"."fitable_usage" ("fitable_id", "definition_id") VALUES ('com.huawei.eDataMate.operators.invisible_characters_cleaner_plugin', '55167031410f48d883d2e9ea925a706e') ON CONFLICT (fitable_id, definition_id) DO NOTHING;
INSERT INTO "public"."fitable_usage" ("fitable_id", "definition_id") VALUES ('com.huawei.eDataMate.operators.legend_cleaner_plugin', '55167031410f48d883d2e9ea925a706e') ON CONFLICT (fitable_id, definition_id) DO NOTHING;
INSERT INTO "public"."fitable_usage" ("fitable_id", "definition_id") VALUES ('com.huawei.eDataMate.operators.id_number_cleaner_plugin', '55167031410f48d883d2e9ea925a706e') ON CONFLICT (fitable_id, definition_id) DO NOTHING;
INSERT INTO "public"."fitable_usage" ("fitable_id", "definition_id") VALUES ('com.huawei.eDataMate.operators.read_file_plugin', '55167031410f48d883d2e9ea925a706e') ON CONFLICT (fitable_id, definition_id) DO NOTHING;
INSERT INTO "public"."fitable_usage" ("fitable_id", "definition_id") VALUES ('com.huawei.eDataMate.operators.garble_characters_cleaner_plugin', '55167031410f48d883d2e9ea925a706e') ON CONFLICT (fitable_id, definition_id) DO NOTHING;
INSERT INTO "public"."fitable_usage" ("fitable_id", "definition_id") VALUES ('com.huawei.eDataMate.operators.word_extractor_plugin', '55167031410f48d883d2e9ea925a706e') ON CONFLICT (fitable_id, definition_id) DO NOTHING;
INSERT INTO "public"."fitable_usage" ("fitable_id", "definition_id") VALUES ('com.huawei.eDataMate.operators.extra_space_cleaner_plugin', '55167031410f48d883d2e9ea925a706e') ON CONFLICT (fitable_id, definition_id) DO NOTHING;
INSERT INTO "public"."fitable_usage" ("fitable_id", "definition_id") VALUES ('com.huawei.eDataMate.operators.ip_address_cleaner_plugin', '55167031410f48d883d2e9ea925a706e') ON CONFLICT (fitable_id, definition_id) DO NOTHING;
INSERT INTO "public"."fitable_usage" ("fitable_id", "definition_id") VALUES ('com.huawei.eDataMate.operators.file_with_high_repeat_phrase_rate_filter_plugin', '55167031410f48d883d2e9ea925a706e') ON CONFLICT (fitable_id, definition_id) DO NOTHING;
INSERT INTO "public"."fitable_usage" ("fitable_id", "definition_id") VALUES ('com.huawei.eDataMate.operators.url_cleaner_plugin', '55167031410f48d883d2e9ea925a706e') ON CONFLICT (fitable_id, definition_id) DO NOTHING;
INSERT INTO "public"."fitable_usage" ("fitable_id", "definition_id") VALUES ('com.huawei.eDataMate.operators.email_cleaner_plugin', '55167031410f48d883d2e9ea925a706e') ON CONFLICT (fitable_id, definition_id) DO NOTHING;
INSERT INTO "public"."fitable_usage" ("fitable_id", "definition_id") VALUES ('com.huawei.eDataMate.operators.persist_file_plugin', '55167031410f48d883d2e9ea925a706e') ON CONFLICT (fitable_id, definition_id) DO NOTHING;
INSERT INTO "public"."fitable_usage" ("fitable_id", "definition_id") VALUES ('com.huawei.eDataMate.operators.traditional_chinese_plugin', '55167031410f48d883d2e9ea925a706e') ON CONFLICT (fitable_id, definition_id) DO NOTHING;
INSERT INTO "public"."fitable_usage" ("fitable_id", "definition_id") VALUES ('com.huawei.eDataMate.operators.full_width_characters_cleaner_plugin', '55167031410f48d883d2e9ea925a706e') ON CONFLICT (fitable_id, definition_id) DO NOTHING;
INSERT INTO "public"."fitable_usage" ("fitable_id", "definition_id") VALUES ('fd04d6f24ecd4ebb8f889014a441cc63', '55167031410f48d883d2e9ea925a706e') ON CONFLICT (fitable_id, definition_id) DO NOTHING;
INSERT INTO "public"."fitable_usage" ("fitable_id", "definition_id") VALUES ('com.huawei.eDataMate.operators.html_tag_cleaner_plugin', '55167031410f48d883d2e9ea925a706e') ON CONFLICT (fitable_id, definition_id) DO NOTHING;
INSERT INTO "public"."fitable_usage" ("fitable_id", "definition_id") VALUES ('com.huawei.eDataMate.operators.remove_file_with_many_sensitive_words_plugin', '55167031410f48d883d2e9ea925a706e') ON CONFLICT (fitable_id, definition_id) DO NOTHING;
INSERT INTO "public"."fitable_usage" ("fitable_id", "definition_id") VALUES ('com.huawei.eDataMate.operators.credit_card_number_cleaner_plugin', '55167031410f48d883d2e9ea925a706e') ON CONFLICT (fitable_id, definition_id) DO NOTHING;
INSERT INTO "public"."fitable_usage" ("fitable_id", "definition_id") VALUES ('com.huawei.eDataMate.operators.remove_duplicate_file_plugin', '55167031410f48d883d2e9ea925a706e') ON CONFLICT (fitable_id, definition_id) DO NOTHING;
INSERT INTO "public"."fitable_usage" ("fitable_id", "definition_id") VALUES ('com.huawei.eDataMate.operators.file_with_high_special_char_rate_filter_plugin', '55167031410f48d883d2e9ea925a706e') ON CONFLICT (fitable_id, definition_id) DO NOTHING;
INSERT INTO "public"."fitable_usage" ("fitable_id", "definition_id") VALUES ('com.huawei.eDataMate.operators.xml_extractor_plugin', '55167031410f48d883d2e9ea925a706e') ON CONFLICT (fitable_id, definition_id) DO NOTHING;
INSERT INTO "public"."fitable_usage" ("fitable_id", "definition_id") VALUES ('com.huawei.eDataMate.operators.file_with_high_repeat_word_rate_filter_plugin', '55167031410f48d883d2e9ea925a706e') ON CONFLICT (fitable_id, definition_id) DO NOTHING;
INSERT INTO "public"."fitable_usage" ("fitable_id", "definition_id") VALUES ('com.huawei.eDataMate.operators.phone_number_cleaner_plugin', '55167031410f48d883d2e9ea925a706e') ON CONFLICT (fitable_id, definition_id) DO NOTHING;
INSERT INTO "public"."fitable_usage" ("fitable_id", "definition_id") VALUES ('com.huawei.eDataMate.operators.unicode_space_cleaner_plugin', '55167031410f48d883d2e9ea925a706e') ON CONFLICT (fitable_id, definition_id) DO NOTHING;
INSERT INTO "public"."fitable_usage" ("fitable_id", "definition_id") VALUES ('com.huawei.eDataMate.operators.content_cleaner_plugin', '55167031410f48d883d2e9ea925a706e') ON CONFLICT (fitable_id, definition_id) DO NOTHING;
INSERT INTO "public"."fitable_usage" ("fitable_id", "definition_id") VALUES ('com.huawei.eDataMate.operators.remove_file_with_short_or_long_length_plugin', '55167031410f48d883d2e9ea925a706e') ON CONFLICT (fitable_id, definition_id) DO NOTHING;
INSERT INTO "public"."fitable_usage" ("fitable_id", "definition_id") VALUES ('com.huawei.eDataMate.operators.political_word_cleaner_plugin', '55167031410f48d883d2e9ea925a706e') ON CONFLICT (fitable_id, definition_id) DO NOTHING;
INSERT INTO "public"."fitable_usage" ("fitable_id", "definition_id") VALUES ('com.huawei.eDataMate.operators.local_scanner_plugin', '55167031410f48d883d2e9ea925a706e') ON CONFLICT (fitable_id, definition_id) DO NOTHING;

-- nas
INSERT INTO "public"."flow_graph" ("id", "version", "tenant", "status", "name", "data", "created_by", "created_at", "updated_by", "updated_at", "previous", "is_deleted") VALUES ('7c64a715ffdb40f0a9e2b105fc959949', '1.0.0', '4b1f59a7ccdd4faf930f29b4f1f946b3', 'active', '文本清洗模板-NAS', '{"id":"7c64a715ffdb40f0a9e2b105fc959949","title":"文本清洗模板-NAS","createTime":{"$date":"2024-02-29T03:18:02.06Z"},"source":"elsa","type":"graph","tenant":"default","setting":{"borderColor":"steelblue","backColor":"whitesmoke","headColor":"steelblue","fontColor":"steelblue","captionfontColor":"whitesmoke","fontFace":"arial","captionfontFace":"arial black","fontSize":12,"captionfontSize":14,"fontStyle":"normal","captionfontStyle":"normal","fontWeight":"lighter","captionfontWeight":"lighter","hAlign":"center","vAlign":"top","captionhAlign":"center","lineHeight":1.5,"lineWidth":2,"captionlineHeight":1,"focusMargin":0,"focusBorderColor":"darkorange","focusFontColor":"darkorange","focusBackColor":"whitesmoke","mouseInColor":"orange","mouseInBorderColor":"orange","mouseInFontColor":"orange","mouseInBackColor":"whitesmoke","borderWidth":1,"globalAlpha":1,"backAlpha":0.15,"cornerRadius":4,"dashWidth":0,"autoText":false,"autoHeight":false,"autoWidth":false,"margin":25,"pad":10,"code":"","rotateDegree":0,"shadow":false,"shadowData":"2px 2px 4px","outstanding":false,"pDock":"none","dockMode":"none","priority":0,"infoType":{"next":"INFORMATION","name":"none"},"progressStatus":{"next":"UNKNOWN","color":"gray","name":"NONE"},"progressPercent":0.65,"showedProgress":false,"itemPad":[5,5,5,5],"itemScroll":{"x":0,"y":0},"scrollLock":{"x":false,"y":false},"resizeable":true,"selectable":true,"rotateAble":true,"editable":true,"moveable":true,"dragable":true,"visible":true,"deletable":true,"allowLink":true,"shared":false,"strikethrough":false,"underline":false,"numberedList":false,"bulletedList":false,"enableAnimation":false,"enableSocial":true,"emphasized":false,"bulletSpeed":1,"tag":{}},"pages":[{"type":"page","id":"elsa-page:mc6f3z","text":"--","namespace":"elsa","x":0,"y":0,"width":2489,"height":1195,"bold":false,"italic":false,"dockAlign":"top","division":-1,"itemSpace":5,"itemPad":[0,0,0,0],"itemScroll":{"x":0,"y":0},"hideText":true,"dockMode":"none","shapesAs":{},"borderColor":"white","backColor":"white","fontSize":18,"fontFace":"arial","fontColor":"#ECD0A7","fontWeight":"bold","fontStyle":"normal","hAlign":"left","vAlign":"top","enableContextMenu":true,"moveable":true,"container":"elsa-page:mc6f3z","dirty":false,"isPage":true,"mode":"configuration","shapes":[{"id":"oxurck","allowLink":false,"backColor":"white","beginArrow":false,"beginArrowEmpty":false,"beginArrowSize":4,"bold":false,"borderWidth":1,"comments":[],"createTime":{"$date":"2023-10-24T10:27:32.097Z"},"createUser":"a3000","curvePoint1":{"x":0,"y":0},"curvePoint2":{"x":0,"y":0},"dashWidth":0,"definedFromConnector":"E","definedToConnector":"W","dirty":true,"endArrow":true,"endArrowEmpty":false,"endArrowSize":4,"endpointOffsetX":0,"endpointOffsetY":0,"fromShape":"rme6xl","hAlign":"center","height":0,"hideText":false,"inShared":"","index":100,"isDeleted":false,"italic":false,"lineMode":{"type":"broken"},"lineWidth":2,"margin":30,"namespace":"flowable","oldId":"annaao","pad":0,"preInShared":"","text":"","textInnerHtml":"<p id=\"2x4muv\"><br data-cke-filler=\"true\"></p>","toShape":"a2zy4e","type":"event","updateTime":{"$date":"2024-02-29T03:18:31.394Z"},"updateUser":"a3000","version":"1.0.0","width":64,"x":1087,"y":426,"container":"elsa-page:mc6f3z","selectable":true,"moveable":false},{"id":"zq37vx","autoHeight":true,"autoWidth":true,"bold":false,"comments":[],"completedTask":0,"createTime":{"$date":"2023-10-24T10:27:32.097Z"},"createUser":"a3000","dirty":false,"enableAnimation":true,"fitables":["ee38955917ba4e86b5003e49968dc02f"],"height":30,"inShared":"","index":101,"isDeleted":false,"italic":false,"jober":{"fitables":["com.huawei.eDataMate.operators.remove_file_with_short_or_long_length_plugin","com.huawei.eDataMate.operators.file_with_high_repeat_word_rate_filter_plugin","com.huawei.eDataMate.operators.file_with_high_repeat_phrase_rate_filter_plugin","com.huawei.eDataMate.operators.file_with_high_special_char_rate_filter_plugin","com.huawei.eDataMate.operators.remove_file_with_many_sensitive_words_plugin"],"entity":{"retryNum":2,"code":"let context1 = entity{\n    .id = \"com.huawei.eDataMate.operators.remove_file_with_short_or_long_length_plugin\";\n.async = true;\n.format = \"cbor\";\n};\nlet f1 = fit::handleTask(context1);\n\nlet context2 = entity{\n    .id = \"com.huawei.eDataMate.operators.file_with_high_repeat_word_rate_filter_plugin\";\n.async = true;\n.format = \"cbor\";\n};\nlet f2 = fit::handleTask(context2);\n\nlet context3 = entity{\n    .id = \"com.huawei.eDataMate.operators.file_with_high_repeat_phrase_rate_filter_plugin\";\n.async = true;\n.format = \"cbor\";\n};\nlet f3 = fit::handleTask(context3);\n\nlet context4 = entity{\n    .id = \"com.huawei.eDataMate.operators.file_with_high_special_char_rate_filter_plugin\";\n.async = true;\n.format = \"cbor\";\n};\nlet f4 = fit::handleTask(context4);\n\nlet context5 = entity{\n    .id = \"com.huawei.eDataMate.operators.remove_file_with_many_sensitive_words_plugin\";\n.async = true;\n.format = \"cbor\";\n};\nlet f5 = fit::handleTask(context5);\n\next::context >> f1 >> f2 >> f3 >> f4 >> f5"},"fitablesConfig":[{"id":"com.huawei.eDataMate.operators.remove_file_with_short_length_plugin","timeout":5,"retryNum":2}],"type":"ohscript_jober","retryNum":2},"joberFilter":{"threshold":1,"type":"BATCH_FILTER"},"namespace":"flowable","oldId":"nx2w4j","pad":6,"preInShared":"","rotateAble":false,"runningTask":0,"task":{},"taskFilter":{"threshold":1},"text":[{"attributes":{"id":"clpv99"},"name":"paragraph","children":[{"data":"文档过滤"}],"x":828,"y":405.52,"width":48,"height":18}],"textInnerHtml":"<p id=\"clpv99\">文档过滤</p>","triggerMode":"auto","type":"state","updateTime":{"$date":"2024-02-29T03:18:31.394Z"},"updateUser":"a3000","version":"1.0.0","warningTask":0,"width":63,"x":751,"y":411,"container":"elsa-page:mc6f3z","selectable":true,"moveable":false},{"id":"mq7vuh","allowLink":false,"backColor":"white","beginArrow":false,"beginArrowEmpty":false,"beginArrowSize":4,"bold":false,"borderWidth":1,"comments":[],"createTime":{"$date":"2023-10-24T10:27:32.097Z"},"createUser":"a3000","curvePoint1":{"x":0,"y":0},"curvePoint2":{"x":0,"y":0},"dashWidth":0,"definedFromConnector":"E","definedToConnector":"W","dirty":true,"endArrow":true,"endArrowEmpty":false,"endArrowSize":4,"endpointOffsetX":0,"endpointOffsetY":0,"fromShape":"3rv8rv","hAlign":"center","height":0,"hideText":false,"inShared":"","index":102,"isDeleted":false,"italic":false,"lineMode":{"type":"broken"},"lineWidth":2,"margin":30,"namespace":"flowable","oldId":"o548j6","pad":0,"preInShared":"","text":"","textInnerHtml":"<p id=\"7gydml\"><br data-cke-filler=\"true\"></p>","toShape":"rme6xl","type":"event","updateTime":{"$date":"2024-02-29T03:18:31.394Z"},"updateUser":"a3000","version":"1.0.0","width":65,"x":959,"y":426,"container":"elsa-page:mc6f3z","selectable":true,"moveable":false},{"id":"rme6xl","autoHeight":true,"autoWidth":true,"bold":false,"comments":[],"completedTask":0,"createTime":{"$date":"2023-10-24T10:27:32.097Z"},"createUser":"a3000","description":"配置filter，等待前面的所有都执行完（考虑前面节点的批次来识别）","dirty":false,"enableAnimation":true,"fitables":["ee38955917ba4e86b5003e49968dc02f"],"height":30,"inShared":"","index":103,"isDeleted":false,"italic":false,"jober":{"fitables":["com.huawei.eDataMate.operators.remove_duplicate_sentences_plugin","com.huawei.eDataMate.operators.remove_duplicate_file_plugin"],"entity":{"retryNum":2,"code":"let context1 = entity{\n    .id = \"com.huawei.eDataMate.operators.remove_duplicate_sentences_plugin\";\n.async = true;\n.format = \"cbor\";\n};\nlet f1 = fit::handleTask(context1);\n\nlet context2 = entity{\n    .id = \"com.huawei.eDataMate.operators.remove_duplicate_file_plugin\";\n.async = true;\n.format = \"cbor\";\n};\nlet f2 = fit::handleTask(context2);\n\next::context >> f1 >> f2"},"fitablesConfig":[{"id":"com.huawei.eDataMate.operators.remove_duplicate_sentences_plugin","timeout":5,"retryNum":2}],"type":"ohscript_jober","retryNum":2},"joberFilter":{"threshold":1,"type":"BATCH_FILTER"},"namespace":"flowable","oldId":"ehyx3v","pad":6,"preInShared":"","rotateAble":false,"runningTask":0,"task":{},"taskFilter":{"threshold":1},"text":[{"attributes":{"id":"skjeni"},"name":"paragraph","children":[{"data":"数据去重"}],"x":1072,"y":404.52,"width":48,"height":18}],"textInnerHtml":"<p id=\"skjeni\">数据去重</p>","triggerMode":"auto","type":"state","updateTime":{"$date":"2024-02-29T03:18:31.394Z"},"updateUser":"a3000","version":"1.0.0","warningTask":0,"width":63,"x":1024,"y":411,"container":"elsa-page:mc6f3z","selectable":true,"moveable":false},{"id":"3rv8rv","autoHeight":true,"autoWidth":true,"bold":false,"comments":[],"completedTask":0,"createTime":{"$date":"2023-10-24T10:27:32.097Z"},"createUser":"a3000","dirty":false,"enableAnimation":true,"height":30,"inShared":"","index":104,"isDeleted":false,"italic":false,"jober":{"fitables":["com.huawei.eDataMate.operators.unicode_space_cleaner_plugin","com.huawei.eDataMate.operators.extra_space_cleaner_plugin","com.huawei.eDataMate.operators.full_width_characters_cleaner_plugin","com.huawei.eDataMate.operators.invisible_characters_cleaner_plugin","com.huawei.eDataMate.operators.content_cleaner_plugin","com.huawei.eDataMate.operators.legend_cleaner_plugin","com.huawei.eDataMate.operators.emoji_cleaner_plugin","com.huawei.eDataMate.operators.html_tag_cleaner_plugin","com.huawei.eDataMate.operators.traditional_chinese_plugin","com.huawei.eDataMate.operators.garble_characters_cleaner_plugin"],"entity":{"retryNum":2,"order":"parallel","code":"let context1 = entity{\n    .id = \"com.huawei.eDataMate.operators.unicode_space_cleaner_plugin\";\n.async = true;\n.format = \"cbor\";\n};\nlet f1 = fit::handleTask(context1);\n\nlet context2 = entity{\n    .id = \"com.huawei.eDataMate.operators.extra_space_cleaner_plugin\";\n.async = true;\n.format = \"cbor\";\n};\nlet f2 = fit::handleTask(context2);\n\nlet context3 = entity{\n    .id = \"com.huawei.eDataMate.operators.full_width_characters_cleaner_plugin\";\n.async = true;\n.format = \"cbor\";\n};\nlet f3 = fit::handleTask(context3);\n\nlet context4 = entity{\n    .id = \"com.huawei.eDataMate.operators.invisible_characters_cleaner_plugin\";\n.async = true;\n.format = \"cbor\";\n};\nlet f4 = fit::handleTask(context4);\n\nlet context5 = entity{\n    .id = \"com.huawei.eDataMate.operators.content_cleaner_plugin\";\n.async = true;\n.format = \"cbor\";\n};\nlet f5 = fit::handleTask(context5);\n\nlet context6 = entity{\n    .id = \"com.huawei.eDataMate.operators.legend_cleaner_plugin\";\n.async = true;\n.format = \"cbor\";\n};\nlet f6 = fit::handleTask(context6);\n\nlet context7 = entity{\n    .id = \"com.huawei.eDataMate.operators.emoji_cleaner_plugin\";\n.async = true;\n.format = \"cbor\";\n};\nlet f7 = fit::handleTask(context7);\n\nlet context8 = entity{\n    .id = \"com.huawei.eDataMate.operators.html_tag_cleaner_plugin\";\n.async = true;\n.format = \"cbor\";\n};\nlet f8 = fit::handleTask(context8);\n\nlet context9 = entity{\n    .id = \"com.huawei.eDataMate.operators.traditional_chinese_plugin\";\n.async = true;\n.format = \"cbor\";\n};\nlet f9 = fit::handleTask(context9);\n\nlet context10 = entity{\n    .id = \"com.huawei.eDataMate.operators.garble_characters_cleaner_plugin\";\n.async = true;\n.format = \"cbor\";\n};\nlet f10 = fit::handleTask(context10);\n\next::context >> f1 >> f2 >> f3 >> f4 >> f5 >> f6 >> f7 >> f8 >> f9 >> f10"},"type":"ohscript_jober","fitablesConfig":[{"id":"com.huawei.eDataMate.operators.content_cleaner_plugin","timeout":5,"retryNum":2},{"id":"com.huawei.eDataMate.operators.legend_cleaner_plugin","timeout":5,"retryNum":2},{"id":"com.huawei.eDataMate.operators.full_width_characters_cleaner_plugin","timeout":5,"retryNum":2},{"id":"com.huawei.eDataMate.operators.invisible_characters_cleaner_plugin","timeout":5,"retryNum":2},{"id":"com.huawei.eDataMate.operators.unicode_space_cleaner_plugin","timeout":5,"retryNum":2},{"id":"com.huawei.eDataMate.operators.extra_space_cleaner_plugin","timeout":5,"retryNum":2},{"id":"com.huawei.eDataMate.operators.traditional_chinese_plugin","timeout":5,"retryNum":2},{"id":"com.huawei.eDataMate.operators.emoji_cleaner_plugin","timeout":5,"retryNum":2},{"id":"com.huawei.eDataMate.operators.html_tag_cleaner_plugin","timeout":5,"retryNum":2}],"retryNum":2},"joberFilter":{"threshold":1,"type":"BATCH_FILTER"},"namespace":"flowable","oldId":"squfw3","pad":6,"preInShared":"","rotateAble":false,"runningTask":0,"task":{},"taskFilter":{"threshold":1},"text":[{"attributes":{"id":"yjt4gm"},"name":"paragraph","children":[{"data":"异常清洗"}],"x":981,"y":331.52,"width":48,"height":18}],"textInnerHtml":"<p id=\"yjt4gm\">异常清洗</p>","triggerMode":"auto","type":"state","updateTime":{"$date":"2024-02-29T03:18:31.394Z"},"updateUser":"a3000","version":"1.0.0","warningTask":0,"width":63,"x":896,"y":411,"container":"elsa-page:mc6f3z","selectable":true,"moveable":false},{"id":"a2zy4e","autoHeight":true,"autoWidth":true,"bold":false,"comments":[],"completedTask":0,"createTime":{"$date":"2023-10-24T10:27:32.097Z"},"createUser":"a3000","dirty":false,"enableAnimation":true,"height":30,"inShared":"","index":105,"isDeleted":false,"italic":false,"jober":{"fitables":["com.huawei.eDataMate.operators.url_cleaner_plugin","com.huawei.eDataMate.operators.sexual_and_violent_word_cleaner_plugin","com.huawei.eDataMate.operators.political_word_cleaner_plugin","com.huawei.eDataMate.operators.phone_number_cleaner_plugin","com.huawei.eDataMate.operators.credit_card_number_cleaner_plugin","com.huawei.eDataMate.operators.email_cleaner_plugin","com.huawei.eDataMate.operators.ip_address_cleaner_plugin","com.huawei.eDataMate.operators.id_number_cleaner_plugin"],"entity":{"retryNum":2,"order":"parallel","code":"let context1 = entity{\n    .async = true; .format = \"cbor\"; .id = \"com.huawei.eDataMate.operators.url_cleaner_plugin\";\n};\nlet f1 = fit::handleTask(context1);\n\nlet context2 = entity{\n    .async = true; .format = \"cbor\"; .id = \"com.huawei.eDataMate.operators.sexual_and_violent_word_cleaner_plugin\";\n};\nlet f2 = fit::handleTask(context2);\n\nlet context3 = entity{\n    .async = true; .format = \"cbor\"; .id = \"com.huawei.eDataMate.operators.political_word_cleaner_plugin\";\n};\nlet f3 = fit::handleTask(context3);\n\nlet context4 = entity{\n    .async = true; .format = \"cbor\"; .id = \"com.huawei.eDataMate.operators.phone_number_cleaner_plugin\";\n};\nlet f4 = fit::handleTask(context4);\n\nlet context5 = entity{\n    .async = true; .format = \"cbor\"; .id = \"com.huawei.eDataMate.operators.credit_card_number_cleaner_plugin\";\n};\nlet f5 = fit::handleTask(context5);\n\nlet context6 = entity{\n    .async = true; .format = \"cbor\"; .id = \"com.huawei.eDataMate.operators.email_cleaner_plugin\";\n};\nlet f6 = fit::handleTask(context6);\n\nlet context7 = entity{\n    .async = true; .format = \"cbor\"; .id = \"com.huawei.eDataMate.operators.ip_address_cleaner_plugin\";\n};\nlet f7 = fit::handleTask(context7);\n\nlet context8 = entity{\n    .async = true; .format = \"cbor\"; .id = \"com.huawei.eDataMate.operators.id_number_cleaner_plugin\";\n};\nlet f8 = fit::handleTask(context8);\n\next::context >> f1 >> f2 >> f3 >> f4 >> f5 >> f6 >> f7 >> f8"},"fitablesConfig":[{"id":"com.huawei.eDataMate.operators.url_cleaner_plugin","timeout":5,"retryNum":2},{"id":"com.huawei.eDataMate.operators.sexual_and_violent_word_cleaner_plugin","timeout":5,"retryNum":2},{"id":"com.huawei.eDataMate.operators.political_word_cleaner_plugin","timeout":5,"retryNum":2},{"id":"com.huawei.eDataMate.operators.phone_number_cleaner_plugin","timeout":5,"retryNum":2},{"id":"com.huawei.eDataMate.operators.credit_card_number_cleaner_plugin","timeout":5,"retryNum":2},{"id":"com.huawei.eDataMate.operators.email_cleaner_plugin","timeout":5,"retryNum":2},{"id":"com.huawei.eDataMate.operators.ip_address_cleaner_plugin","timeout":5,"retryNum":2},{"id":"com.huawei.eDataMate.operators.id_number_cleaner_plugin","timeout":5,"retryNum":2}],"type":"ohscript_jober","retryNum":2},"joberFilter":{"threshold":1,"type":"BATCH_FILTER"},"namespace":"flowable","oldId":"q85civ","pad":6,"preInShared":"","rotateAble":false,"runningTask":0,"task":{},"taskFilter":{"threshold":1},"text":[{"attributes":{"id":"p2xy5m"},"name":"paragraph","children":[{"data":"特殊词替换"}],"x":1196,"y":394.88,"width":66,"height":18}],"textInnerHtml":"<p id=\"p2xy5m\">特殊词替换</p>","triggerMode":"auto","type":"state","updateTime":{"$date":"2024-02-29T03:18:31.394Z"},"updateUser":"a3000","version":"1.0.0","warningTask":0,"width":75,"x":1151,"y":411,"container":"elsa-page:mc6f3z","selectable":true,"moveable":false},{"id":"a2tmks","allowLink":false,"backColor":"white","beginArrow":false,"beginArrowEmpty":false,"beginArrowSize":4,"bold":false,"borderWidth":1,"comments":[],"createTime":{"$date":"2023-10-24T10:27:32.097Z"},"createUser":"a3000","curvePoint1":{"x":0,"y":0},"curvePoint2":{"x":0,"y":0},"dashWidth":0,"definedFromConnector":"","definedToConnector":"W","dirty":true,"endArrow":true,"endArrowEmpty":false,"endArrowSize":4,"endpointOffsetX":0,"endpointOffsetY":0,"fromShape":"a2zy4e","hAlign":"center","height":0,"hideText":false,"inShared":"","index":106,"isDeleted":false,"italic":false,"lineMode":{"type":"broken"},"lineWidth":2,"margin":30,"namespace":"flowable","oldId":"xlpeql","pad":0,"preInShared":"","text":"","textInnerHtml":"<p id=\"lcey8b\"><br data-cke-filler=\"true\"></p>","toShape":"rlqnww","type":"event","updateTime":{"$date":"2024-02-29T03:18:31.395Z"},"updateUser":"a3000","version":"1.0.0","width":43,"x":1226,"y":426,"container":"elsa-page:mc6f3z","selectable":true,"moveable":false},{"id":"vuj90r","allowLink":false,"backColor":"white","beginArrow":false,"beginArrowEmpty":false,"beginArrowSize":4,"bold":false,"borderWidth":1,"comments":[],"createTime":{"$date":"2023-10-24T10:27:32.097Z"},"createUser":"a3000","curvePoint1":{"x":0,"y":0},"curvePoint2":{"x":0,"y":0},"dashWidth":0,"definedFromConnector":"E","definedToConnector":"","dirty":true,"endArrow":true,"endArrowEmpty":false,"endArrowSize":4,"endpointOffsetX":0,"endpointOffsetY":0,"fromShape":"rlqnww","hAlign":"center","height":0,"hideText":false,"inShared":"","index":107,"isDeleted":false,"italic":false,"lineMode":{"type":"broken"},"lineWidth":2,"margin":30,"namespace":"flowable","oldId":"8inn7n","pad":0,"preInShared":"","text":"","textInnerHtml":"<p id=\"ah76j3\"><br data-cke-filler=\"true\"></p>","toShape":"emgp96","type":"event","updateTime":{"$date":"2024-02-29T03:18:31.395Z"},"updateUser":"a3000","version":"1.0.0","width":67,"x":1332,"y":426,"container":"elsa-page:mc6f3z","selectable":true,"moveable":false},{"id":"rlqnww","autoHeight":true,"autoWidth":true,"bold":false,"comments":[],"completedTask":0,"createTime":{"$date":"2023-10-24T10:27:32.097Z"},"createUser":"a3000","dirty":false,"enableAnimation":true,"height":30,"inShared":"","index":108,"isDeleted":false,"italic":false,"jober":{"fitables":["com.huawei.eDataMate.operators.persist_file_plugin","6a6084c0d1e243e7b327cb1a0ba068e2"],"entity":{"retryNum":2,"order":"parallel","code":"let context1 = entity{\n    .id = \"com.huawei.eDataMate.operators.persist_file_plugin\";\n.async = true;\n.format = \"cbor\";\n};\nlet f1 = fit::handleTask(context1);\n\nlet context2 = entity{\n    .id = \"6a6084c0d1e243e7b327cb1a0ba068e2\";\n.async = true;\n.format = \"cbor\";\n};\nlet f2 = fit::handleTask(context2);\n\nlet ans = ext::context >> f1;\nans.get(0).put(\"contextData\", ext::context.get(0).get(\"contextData\"));\nans >> f2"},"fitablesConfig":[{"id":"com.huawei.eDataMate.operators.localized_file_plugin","timeout":5,"retryNum":2},{"id":"6a6084c0d1e243e7b327cb1a0ba068e2","timeout":5,"retryNum":2}],"type":"ohscript_jober","retryNum":2},"joberFilter":{"threshold":1,"type":"BATCH_FILTER"},"namespace":"flowable","oldId":"2moa37","pad":6,"preInShared":"","rotateAble":false,"runningTask":0,"task":{"fitables":[],"entity":{"retryNum":2}},"taskFilter":{"threshold":1},"text":[{"attributes":{"id":"nxh983"},"name":"paragraph","children":[{"data":"文件落盘"}],"x":1352,"y":402.52,"width":66,"height":18}],"textInnerHtml":"<p id=\"nxh983\">文件落盘</p>","triggerMode":"auto","type":"state","updateTime":{"$date":"2024-02-29T03:18:31.395Z"},"updateUser":"a3000","version":"1.0.0","warningTask":0,"width":63,"x":1269,"y":411,"container":"elsa-page:mc6f3z","selectable":true,"moveable":false},{"id":"emgp96","autoWidth":false,"bold":false,"borderWidth":0,"comments":[],"completedTask":0,"createTime":{"$date":"2023-10-24T10:27:32.097Z"},"createUser":"a3000","dirty":false,"enableAnimation":true,"height":30,"hideText":true,"inShared":"","index":109,"isDeleted":false,"italic":false,"joberFilter":{"threshold":1},"margin":10,"namespace":"flowable","oldId":"2twxcm","pad":6,"preInShared":"","rotateAble":false,"runningTask":0,"text":"结束","triggerMode":"auto","type":"end","updateTime":{"$date":"2024-02-29T03:18:31.395Z"},"updateUser":"a3000","version":"1.0.0","warningTask":0,"width":30,"x":1399,"y":411,"container":"elsa-page:mc6f3z","selectable":true,"moveable":false},{"id":"mgrims","allowLink":false,"backColor":"white","beginArrow":false,"beginArrowEmpty":false,"beginArrowSize":4,"bold":false,"borderWidth":1,"createTime":{"$date":"2023-11-08T11:23:51.883Z"},"createUser":"a3000","curvePoint1":{"x":0,"y":0},"curvePoint2":{"x":0,"y":0},"dashWidth":0,"definedFromConnector":"E","definedToConnector":"W","dirty":true,"endArrow":true,"endArrowEmpty":false,"endArrowSize":4,"endpointOffsetX":0,"endpointOffsetY":0,"fromShape":"z82dx0","hAlign":"center","height":0,"hideText":false,"index":110,"isDeleted":false,"italic":false,"lineMode":{"type":"broken"},"lineWidth":2,"margin":30,"namespace":"flowable","oldId":"ilbawh","pad":0,"text":"","textInnerHtml":"<p id=\"xs87b5\"><br data-cke-filler=\"true\"></p>","textX":0,"textY":0,"toShape":"zq37vx","type":"event","updateTime":{"$date":"2024-02-29T03:18:31.395Z"},"updateUser":"a3000","version":"1.0.0","width":75,"x":676,"y":426,"container":"elsa-page:mc6f3z","selectable":true,"moveable":false},{"id":"so1zri","autoWidth":false,"bold":false,"borderWidth":0,"completedTask":0,"createTime":{"$date":"2024-02-20T09:04:07.606Z"},"createUser":"a3000","dirty":false,"enableAnimation":true,"height":30,"hideText":true,"index":111,"isDeleted":false,"italic":false,"joberFilter":{"threshold":1,"type":"BATCH_FILTER"},"margin":10,"namespace":"flowable","oldId":"8jllvw","pad":6,"rotateAble":false,"runningTask":0,"text":"开始","triggerMode":"auto","type":"start","updateTime":{"$date":"2024-02-29T03:18:31.395Z"},"updateUser":"a3000","version":"1.0.0","warningTask":0,"width":30,"x":199,"y":411,"container":"elsa-page:mc6f3z","selectable":true,"moveable":false},{"id":"lp817b","allowLink":false,"backColor":"white","beginArrow":false,"beginArrowEmpty":false,"beginArrowSize":4,"bold":false,"borderWidth":1,"createTime":{"$date":"2024-02-20T09:04:07.606Z"},"createUser":"a3000","curvePoint1":{"x":0,"y":0},"curvePoint2":{"x":0,"y":0},"dashWidth":0,"definedFromConnector":"E","definedToConnector":"","dirty":true,"endArrow":true,"endArrowEmpty":false,"endArrowSize":4,"endpointOffsetX":0,"endpointOffsetY":0,"fromShape":"so1zri","hAlign":"center","height":0,"hideText":false,"index":112,"isDeleted":false,"italic":false,"lineMode":{"type":"broken"},"lineWidth":2,"margin":30,"namespace":"flowable","oldId":"poc2sa","pad":0,"text":"","textInnerHtml":"<p id=\"eeyz4k\"><br data-cke-filler=\"true\"></p>","textX":0,"textY":0,"toShape":"ylrnnp","type":"event","updateTime":{"$date":"2024-02-29T03:18:31.395Z"},"updateUser":"a3000","version":"1.0.0","width":96,"x":229,"y":426,"container":"elsa-page:mc6f3z","selectable":true,"moveable":false},{"id":"mfy4cd","allowLink":false,"backColor":"white","beginArrow":false,"beginArrowEmpty":false,"beginArrowSize":4,"bold":false,"borderWidth":1,"createTime":{"$date":"2023-11-07T14:12:08.709Z"},"createUser":"a3000","curvePoint1":{"x":0,"y":0},"curvePoint2":{"x":0,"y":0},"dashWidth":0,"definedFromConnector":"","definedToConnector":"W","dirty":true,"endArrow":true,"endArrowEmpty":false,"endArrowSize":4,"endpointOffsetX":0,"endpointOffsetY":0,"fromShape":"zq37vx","hAlign":"center","height":0,"hideText":false,"index":113,"isDeleted":false,"italic":false,"lineMode":{"type":"broken"},"lineWidth":2,"margin":30,"namespace":"flowable","oldId":"wnonlt","pad":0,"text":"","textInnerHtml":"<p id=\"2rdzoy\"><br data-cke-filler=\"true\"></p>","toShape":"3rv8rv","type":"event","updateTime":{"$date":"2024-02-29T03:18:31.395Z"},"updateUser":"a3000","version":"1.0.0","width":82,"x":814,"y":426,"container":"elsa-page:mc6f3z","selectable":true,"moveable":false},{"id":"z82dx0","autoHeight":true,"autoWidth":true,"bold":false,"comments":[],"completedTask":0,"createTime":{"$date":"2023-10-24T10:27:32.097Z"},"createUser":"a3000","dirty":false,"enableAnimation":true,"fitables":["http"],"height":30,"inShared":"","index":114,"isDeleted":false,"italic":false,"jober":{"fitables":["com.huawei.eDataMate.operators.pdf_extractor_plugin","com.huawei.eDataMate.operators.word_extractor_plugin","com.huawei.eDataMate.operators.md_extractor_plugin","com.huawei.eDataMate.operators.xml_extractor_plugin","com.huawei.eDataMate.operators.txt_extractor_plugin","com.huawei.eDataMate.operators.html_extractor_plugin"],"entity":{"retryNum":2,"order":"parallel","code":"var type = ext::context.get(0).get(\"passData\").get(\"meta\").get(\"fileType\");\n\nif(type==\"pdf\"){\n    let context1 = entity{\n        .async = true; .format = \"cbor\"; .id = \"com.huawei.eDataMate.operators.pdf_extractor_plugin\";\n    };\n    let f1 = fit::handleTask(context1);\n    ext::context >> f1\n}\n\nif (type == \"word\") {\n    let context1 = entity{\n        .async = true; .format = \"cbor\"; .id = \"com.huawei.eDataMate.operators.word_extractor_plugin\";\n    };\n    let f1 = fit::handleTask(context1);\n    ext::context >> f1\n}\n\nif (type == \"md\") {\n    let context1 = entity{\n        .async = true; .format = \"cbor\"; .id = \"com.huawei.eDataMate.operators.md_extractor_plugin\";\n    };\n    let f1 = fit::handleTask(context1);\n    ext::context >> f1\n}\n\nif (type == \"markdown\") {\n    let context1 = entity{\n        .async = true; .format = \"cbor\"; .id = \"com.huawei.eDataMate.operators.md_extractor_plugin\";\n    };\n    let f1 = fit::handleTask(context1);\n    ext::context >> f1\n}\n\nif (type == \"xml\") {\n    let context1 = entity{\n        .async = true; .format = \"cbor\"; .id = \"com.huawei.eDataMate.operators.xml_extractor_plugin\";\n    };\n    let f1 = fit::handleTask(context1);\n    ext::context >> f1\n}\n\nif (type == \"html\") {\n    let context1 = entity{\n        .async = true; .format = \"cbor\"; .id = \"com.huawei.eDataMate.operators.html_extractor_plugin\";\n    };\n    let f1 = fit::handleTask(context1);\n    ext::context >> f1\n}\n\nif (type == \"txt\") {\n    let context1 = entity{\n        .async = true; .format = \"cbor\"; .id = \"com.huawei.eDataMate.operators.txt_extractor_plugin\";\n    };\n    let f1 = fit::handleTask(context1);\n    ext::context >> f1\n} else {\n        let context1 = entity{\n        .async = true; .format = \"cbor\"; .id = \"5abc15280ea44cada216e094e3a76937\";\n    };\n    let f1 = fit::handleTask(context1);\n    ext::context >> f1\n}"},"type":"ohscript_jober","fitablesConfig":[{"id":"com.huawei.eDataMate.operators.pdf_extractor_plugin","timeout":5,"retryNum":2},{"id":"com.huawei.eDataMate.operators.word_extractor_plugin","timeout":5,"retryNum":2},{"id":"com.huawei.eDataMate.operators.md_extractor_plugin","timeout":5,"retryNum":2},{"id":"com.huawei.eDataMate.operators.xml_extractor_plugin","timeout":5,"retryNum":2},{"id":"com.huawei.eDataMate.operators.txt_extractor_plugin","timeout":5,"retryNum":2},{"id":"com.huawei.eDataMate.operators.html_extractor_plugin","timeout":5,"retryNum":2}],"retryNum":2},"joberFilter":{"threshold":1,"type":"BATCH_FILTER"},"namespace":"flowable","oldId":"js6iem","pad":6,"preInShared":"","rotateAble":false,"runningTask":0,"task":{},"text":[{"attributes":{"id":"l6p34f"},"name":"paragraph","children":[{"data":"文本抽取"}],"x":619,"y":746,"width":48,"height":18}],"textInnerHtml":"<p id=\"l6p34f\">文本抽取</p>","triggerMode":"auto","type":"state","updateTime":{"$date":"2024-02-29T03:18:31.395Z"},"updateUser":"a3000","version":"1.0.0","warningTask":0,"width":63,"x":613,"y":411,"container":"elsa-page:mc6f3z","selectable":true,"moveable":false},{"id":"03k983","allowLink":false,"backColor":"white","beginArrow":false,"beginArrowEmpty":false,"beginArrowSize":4,"bold":false,"borderWidth":1,"createTime":{"$date":"2024-02-20T09:04:07.606Z"},"createUser":"a3000","curvePoint1":{"x":0,"y":0},"curvePoint2":{"x":0,"y":0},"dashWidth":0,"definedFromConnector":"E","definedToConnector":"","dirty":true,"endArrow":true,"endArrowEmpty":false,"endArrowSize":4,"endpointOffsetX":0,"endpointOffsetY":0,"fromShape":"ylrnnp","hAlign":"center","height":0,"hideText":false,"index":115,"isDeleted":false,"italic":false,"lineMode":{"type":"broken"},"lineWidth":2,"margin":30,"namespace":"flowable","oldId":"unpbe6","pad":0,"text":"","textInnerHtml":"<p id=\"rx3a7w\"><br data-cke-filler=\"true\"></p>","textX":0,"textY":0,"toShape":"igsvmc","type":"event","updateTime":{"$date":"2024-02-29T03:18:31.395Z"},"updateUser":"a3000","version":"1.0.0","width":87,"x":368,"y":426,"container":"elsa-page:mc6f3z","selectable":true,"moveable":false},{"id":"e4453j","allowLink":false,"backColor":"white","beginArrow":false,"beginArrowEmpty":false,"beginArrowSize":4,"bold":false,"borderWidth":1,"createTime":{"$date":"2024-02-20T09:04:07.606Z"},"createUser":"a3000","curvePoint1":{"x":0,"y":0},"curvePoint2":{"x":0,"y":0},"dashWidth":0,"definedFromConnector":"E","definedToConnector":"W","dirty":true,"endArrow":true,"endArrowEmpty":false,"endArrowSize":4,"endpointOffsetX":0,"endpointOffsetY":0,"fromShape":"igsvmc","hAlign":"center","height":0,"hideText":false,"index":116,"isDeleted":false,"italic":false,"lineMode":{"type":"broken"},"lineWidth":2,"margin":30,"namespace":"flowable","oldId":"uskgao","pad":0,"text":"","textInnerHtml":"<p id=\"7nh7iw\"><br data-cke-filler=\"true\"></p>","textX":0,"textY":0,"toShape":"z82dx0","type":"event","updateTime":{"$date":"2024-02-29T03:18:31.395Z"},"updateUser":"a3000","version":"1.0.0","width":95,"x":518,"y":426,"container":"elsa-page:mc6f3z","selectable":true,"moveable":false},{"id":"ylrnnp","autoHeight":true,"autoWidth":true,"bold":false,"completedTask":0,"createTime":{"$date":"2024-02-20T09:04:07.606Z"},"createUser":"a3000","dirty":false,"enableAnimation":true,"height":30,"index":117,"isDeleted":false,"italic":false,"jober":{"fitables":["com.huawei.eDataMate.operators.nas_scanner_plugin","fd04d6f24ecd4ebb8f889014a441cc63"],"fitablesConfig":[],"entity":{"code":"let context1 = entity{\n    .async = true;\n    .format = \"cbor\";\n    .id = \"com.huawei.eDataMate.operators.nas_scanner_plugin\";\n    };\nlet f1 = fit::handleTask(context1);\nlet ans = ext::context >> f1;\nlet context2 = entity{\n\t.async = true;\n\t.format = \"cbor\";\n\t.id = \"fd04d6f24ecd4ebb8f889014a441cc63\";\n};\nlet f2 = fit::handleTask(context2);\nans >> f2"},"retryNum":2,"type":"ohscript_jober"},"joberFilter":{"threshold":1,"type":"BATCH_FILTER"},"namespace":"flowable","oldId":"u0tl2d","pad":6,"rotateAble":false,"runningTask":0,"text":"文件扫盘","triggerMode":"auto","type":"state","updateTime":{"$date":"2024-02-29T03:18:31.395Z"},"updateUser":"a3000","version":"1.0.0","warningTask":0,"width":43,"x":325,"y":411,"container":"elsa-page:mc6f3z","selectable":true,"moveable":false},{"id":"igsvmc","autoHeight":true,"autoWidth":true,"bold":false,"completedTask":0,"createTime":{"$date":"2024-02-20T09:04:07.606Z"},"createUser":"a3000","dirty":false,"enableAnimation":true,"height":30,"index":118,"isDeleted":false,"italic":false,"jober":{"fitables":["com.huawei.eDataMate.operators.nas_read_file_plugin"],"fitablesConfig":[],"entity":{"code":"let context1 = entity{\n    .id = \"com.huawei.eDataMate.operators.nas_read_file_plugin\";\n.async = true;\n.format = \"cbor\";\n};\nlet f1 = fit::handleTask(context1);\n\next::context >> f1"},"retryNum":2,"type":"ohscript_jober"},"joberFilter":{"threshold":1,"type":"BATCH_FILTER"},"namespace":"flowable","oldId":"eyl4cu","pad":6,"rotateAble":false,"runningTask":0,"text":"文件读取","triggerMode":"auto","type":"state","updateTime":{"$date":"2024-02-29T03:18:31.395Z"},"updateUser":"a3000","version":"1.0.0","warningTask":0,"width":63,"x":455,"y":411,"container":"elsa-page:mc6f3z","selectable":true,"moveable":false}],"index":0}],"version":"1.0.0"}', 'com.huawei.a3000', '2024-02-29 11:24:47.982', 'com.huawei.a3000', '2024-02-29 11:24:47.982', NULL, 'f') ON CONFLICT (id, version) DO NOTHING;

INSERT INTO "public"."flow_definition" ("definition_id", "meta_id", "name", "tenant", "version", "status", "graph", "created_by", "created_at") VALUES ('d2c0619b85ba4a2fbeb3601382841466', '7c64a715ffdb40f0a9e2b105fc959949', '文本清洗模板-NAS', '4b1f59a7ccdd4faf930f29b4f1f946b3', '1.0.0', 'active', '{"name": "文本清洗模板-NAS", "nodes": [{"to": "a2zy4e", "from": "rme6xl", "name": "", "type": "event", "metaId": "oxurck"}, {"name": "文档过滤", "task": {}, "type": "state", "jober": {"type": "ohscript_jober", "entity": {"code": "let context1 = entity{\n    .id = \"com.huawei.eDataMate.operators.remove_file_with_short_or_long_length_plugin\";\n.async = true;\n.format = \"cbor\";\n};\nlet f1 = fit::handleTask(context1);\n\nlet context2 = entity{\n    .id = \"com.huawei.eDataMate.operators.file_with_high_repeat_word_rate_filter_plugin\";\n.async = true;\n.format = \"cbor\";\n};\nlet f2 = fit::handleTask(context2);\n\nlet context3 = entity{\n    .id = \"com.huawei.eDataMate.operators.file_with_high_repeat_phrase_rate_filter_plugin\";\n.async = true;\n.format = \"cbor\";\n};\nlet f3 = fit::handleTask(context3);\n\nlet context4 = entity{\n    .id = \"com.huawei.eDataMate.operators.file_with_high_special_char_rate_filter_plugin\";\n.async = true;\n.format = \"cbor\";\n};\nlet f4 = fit::handleTask(context4);\n\nlet context5 = entity{\n    .id = \"com.huawei.eDataMate.operators.remove_file_with_many_sensitive_words_plugin\";\n.async = true;\n.format = \"cbor\";\n};\nlet f5 = fit::handleTask(context5);\n\next::context >> f1 >> f2 >> f3 >> f4 >> f5", "retryNum": 2}, "fitables": ["com.huawei.eDataMate.operators.remove_file_with_short_or_long_length_plugin", "com.huawei.eDataMate.operators.file_with_high_repeat_word_rate_filter_plugin", "com.huawei.eDataMate.operators.file_with_high_repeat_phrase_rate_filter_plugin", "com.huawei.eDataMate.operators.file_with_high_special_char_rate_filter_plugin", "com.huawei.eDataMate.operators.remove_file_with_many_sensitive_words_plugin"], "retryNum": 2, "fitablesConfig": [{"id": "com.huawei.eDataMate.operators.remove_file_with_short_length_plugin", "timeout": 5, "retryNum": 2}]}, "metaId": "zq37vx", "taskFilter": {"threshold": 1}, "joberFilter": {"type": "BATCH_FILTER", "threshold": 1}, "triggerMode": "auto"}, {"to": "rme6xl", "from": "3rv8rv", "name": "", "type": "event", "metaId": "mq7vuh"}, {"name": "数据去重", "task": {}, "type": "state", "jober": {"type": "ohscript_jober", "entity": {"code": "let context1 = entity{\n    .id = \"com.huawei.eDataMate.operators.remove_duplicate_sentences_plugin\";\n.async = true;\n.format = \"cbor\";\n};\nlet f1 = fit::handleTask(context1);\n\nlet context2 = entity{\n    .id = \"com.huawei.eDataMate.operators.remove_duplicate_file_plugin\";\n.async = true;\n.format = \"cbor\";\n};\nlet f2 = fit::handleTask(context2);\n\next::context >> f1 >> f2", "retryNum": 2}, "fitables": ["com.huawei.eDataMate.operators.remove_duplicate_sentences_plugin", "com.huawei.eDataMate.operators.remove_duplicate_file_plugin"], "retryNum": 2, "fitablesConfig": [{"id": "com.huawei.eDataMate.operators.remove_duplicate_sentences_plugin", "timeout": 5, "retryNum": 2}]}, "metaId": "rme6xl", "taskFilter": {"threshold": 1}, "joberFilter": {"type": "BATCH_FILTER", "threshold": 1}, "triggerMode": "auto"}, {"name": "异常清洗", "task": {}, "type": "state", "jober": {"type": "ohscript_jober", "entity": {"code": "let context1 = entity{\n    .id = \"com.huawei.eDataMate.operators.unicode_space_cleaner_plugin\";\n.async = true;\n.format = \"cbor\";\n};\nlet f1 = fit::handleTask(context1);\n\nlet context2 = entity{\n    .id = \"com.huawei.eDataMate.operators.extra_space_cleaner_plugin\";\n.async = true;\n.format = \"cbor\";\n};\nlet f2 = fit::handleTask(context2);\n\nlet context3 = entity{\n    .id = \"com.huawei.eDataMate.operators.full_width_characters_cleaner_plugin\";\n.async = true;\n.format = \"cbor\";\n};\nlet f3 = fit::handleTask(context3);\n\nlet context4 = entity{\n    .id = \"com.huawei.eDataMate.operators.invisible_characters_cleaner_plugin\";\n.async = true;\n.format = \"cbor\";\n};\nlet f4 = fit::handleTask(context4);\n\nlet context5 = entity{\n    .id = \"com.huawei.eDataMate.operators.content_cleaner_plugin\";\n.async = true;\n.format = \"cbor\";\n};\nlet f5 = fit::handleTask(context5);\n\nlet context6 = entity{\n    .id = \"com.huawei.eDataMate.operators.legend_cleaner_plugin\";\n.async = true;\n.format = \"cbor\";\n};\nlet f6 = fit::handleTask(context6);\n\nlet context7 = entity{\n    .id = \"com.huawei.eDataMate.operators.emoji_cleaner_plugin\";\n.async = true;\n.format = \"cbor\";\n};\nlet f7 = fit::handleTask(context7);\n\nlet context8 = entity{\n    .id = \"com.huawei.eDataMate.operators.html_tag_cleaner_plugin\";\n.async = true;\n.format = \"cbor\";\n};\nlet f8 = fit::handleTask(context8);\n\nlet context9 = entity{\n    .id = \"com.huawei.eDataMate.operators.traditional_chinese_plugin\";\n.async = true;\n.format = \"cbor\";\n};\nlet f9 = fit::handleTask(context9);\n\nlet context10 = entity{\n    .id = \"com.huawei.eDataMate.operators.garble_characters_cleaner_plugin\";\n.async = true;\n.format = \"cbor\";\n};\nlet f10 = fit::handleTask(context10);\n\next::context >> f1 >> f2 >> f3 >> f4 >> f5 >> f6 >> f7 >> f8 >> f9 >> f10", "order": "parallel", "retryNum": 2}, "fitables": ["com.huawei.eDataMate.operators.unicode_space_cleaner_plugin", "com.huawei.eDataMate.operators.extra_space_cleaner_plugin", "com.huawei.eDataMate.operators.full_width_characters_cleaner_plugin", "com.huawei.eDataMate.operators.invisible_characters_cleaner_plugin", "com.huawei.eDataMate.operators.content_cleaner_plugin", "com.huawei.eDataMate.operators.legend_cleaner_plugin", "com.huawei.eDataMate.operators.emoji_cleaner_plugin", "com.huawei.eDataMate.operators.html_tag_cleaner_plugin", "com.huawei.eDataMate.operators.traditional_chinese_plugin", "com.huawei.eDataMate.operators.garble_characters_cleaner_plugin"], "retryNum": 2, "fitablesConfig": [{"id": "com.huawei.eDataMate.operators.content_cleaner_plugin", "timeout": 5, "retryNum": 2}, {"id": "com.huawei.eDataMate.operators.legend_cleaner_plugin", "timeout": 5, "retryNum": 2}, {"id": "com.huawei.eDataMate.operators.full_width_characters_cleaner_plugin", "timeout": 5, "retryNum": 2}, {"id": "com.huawei.eDataMate.operators.invisible_characters_cleaner_plugin", "timeout": 5, "retryNum": 2}, {"id": "com.huawei.eDataMate.operators.unicode_space_cleaner_plugin", "timeout": 5, "retryNum": 2}, {"id": "com.huawei.eDataMate.operators.extra_space_cleaner_plugin", "timeout": 5, "retryNum": 2}, {"id": "com.huawei.eDataMate.operators.traditional_chinese_plugin", "timeout": 5, "retryNum": 2}, {"id": "com.huawei.eDataMate.operators.emoji_cleaner_plugin", "timeout": 5, "retryNum": 2}, {"id": "com.huawei.eDataMate.operators.html_tag_cleaner_plugin", "timeout": 5, "retryNum": 2}]}, "metaId": "3rv8rv", "taskFilter": {"threshold": 1}, "joberFilter": {"type": "BATCH_FILTER", "threshold": 1}, "triggerMode": "auto"}, {"name": "特殊词替换", "task": {}, "type": "state", "jober": {"type": "ohscript_jober", "entity": {"code": "let context1 = entity{\n    .async = true; .format = \"cbor\"; .id = \"com.huawei.eDataMate.operators.url_cleaner_plugin\";\n};\nlet f1 = fit::handleTask(context1);\n\nlet context2 = entity{\n    .async = true; .format = \"cbor\"; .id = \"com.huawei.eDataMate.operators.sexual_and_violent_word_cleaner_plugin\";\n};\nlet f2 = fit::handleTask(context2);\n\nlet context3 = entity{\n    .async = true; .format = \"cbor\"; .id = \"com.huawei.eDataMate.operators.political_word_cleaner_plugin\";\n};\nlet f3 = fit::handleTask(context3);\n\nlet context4 = entity{\n    .async = true; .format = \"cbor\"; .id = \"com.huawei.eDataMate.operators.phone_number_cleaner_plugin\";\n};\nlet f4 = fit::handleTask(context4);\n\nlet context5 = entity{\n    .async = true; .format = \"cbor\"; .id = \"com.huawei.eDataMate.operators.credit_card_number_cleaner_plugin\";\n};\nlet f5 = fit::handleTask(context5);\n\nlet context6 = entity{\n    .async = true; .format = \"cbor\"; .id = \"com.huawei.eDataMate.operators.email_cleaner_plugin\";\n};\nlet f6 = fit::handleTask(context6);\n\nlet context7 = entity{\n    .async = true; .format = \"cbor\"; .id = \"com.huawei.eDataMate.operators.ip_address_cleaner_plugin\";\n};\nlet f7 = fit::handleTask(context7);\n\nlet context8 = entity{\n    .async = true; .format = \"cbor\"; .id = \"com.huawei.eDataMate.operators.id_number_cleaner_plugin\";\n};\nlet f8 = fit::handleTask(context8);\n\next::context >> f1 >> f2 >> f3 >> f4 >> f5 >> f6 >> f7 >> f8", "order": "parallel", "retryNum": 2}, "fitables": ["com.huawei.eDataMate.operators.url_cleaner_plugin", "com.huawei.eDataMate.operators.sexual_and_violent_word_cleaner_plugin", "com.huawei.eDataMate.operators.political_word_cleaner_plugin", "com.huawei.eDataMate.operators.phone_number_cleaner_plugin", "com.huawei.eDataMate.operators.credit_card_number_cleaner_plugin", "com.huawei.eDataMate.operators.email_cleaner_plugin", "com.huawei.eDataMate.operators.ip_address_cleaner_plugin", "com.huawei.eDataMate.operators.id_number_cleaner_plugin"], "retryNum": 2, "fitablesConfig": [{"id": "com.huawei.eDataMate.operators.url_cleaner_plugin", "timeout": 5, "retryNum": 2}, {"id": "com.huawei.eDataMate.operators.sexual_and_violent_word_cleaner_plugin", "timeout": 5, "retryNum": 2}, {"id": "com.huawei.eDataMate.operators.political_word_cleaner_plugin", "timeout": 5, "retryNum": 2}, {"id": "com.huawei.eDataMate.operators.phone_number_cleaner_plugin", "timeout": 5, "retryNum": 2}, {"id": "com.huawei.eDataMate.operators.credit_card_number_cleaner_plugin", "timeout": 5, "retryNum": 2}, {"id": "com.huawei.eDataMate.operators.email_cleaner_plugin", "timeout": 5, "retryNum": 2}, {"id": "com.huawei.eDataMate.operators.ip_address_cleaner_plugin", "timeout": 5, "retryNum": 2}, {"id": "com.huawei.eDataMate.operators.id_number_cleaner_plugin", "timeout": 5, "retryNum": 2}]}, "metaId": "a2zy4e", "taskFilter": {"threshold": 1}, "joberFilter": {"type": "BATCH_FILTER", "threshold": 1}, "triggerMode": "auto"}, {"to": "rlqnww", "from": "a2zy4e", "name": "", "type": "event", "metaId": "a2tmks"}, {"to": "emgp96", "from": "rlqnww", "name": "", "type": "event", "metaId": "vuj90r"}, {"name": "文件落盘", "task": {"entity": {"retryNum": 2}, "fitables": []}, "type": "state", "jober": {"type": "ohscript_jober", "entity": {"code": "let context1 = entity{\n    .id = \"com.huawei.eDataMate.operators.persist_file_plugin\";\n.async = true;\n.format = \"cbor\";\n};\nlet f1 = fit::handleTask(context1);\n\nlet context2 = entity{\n    .id = \"6a6084c0d1e243e7b327cb1a0ba068e2\";\n.async = true;\n.format = \"cbor\";\n};\nlet f2 = fit::handleTask(context2);\n\nlet ans = ext::context >> f1;\nans.get(0).put(\"contextData\", ext::context.get(0).get(\"contextData\"));\nans >> f2", "order": "parallel", "retryNum": 2}, "fitables": ["com.huawei.eDataMate.operators.persist_file_plugin", "6a6084c0d1e243e7b327cb1a0ba068e2"], "retryNum": 2, "fitablesConfig": [{"id": "com.huawei.eDataMate.operators.localized_file_plugin", "timeout": 5, "retryNum": 2}, {"id": "6a6084c0d1e243e7b327cb1a0ba068e2", "timeout": 5, "retryNum": 2}]}, "metaId": "rlqnww", "taskFilter": {"threshold": 1}, "joberFilter": {"type": "BATCH_FILTER", "threshold": 1}, "triggerMode": "auto"}, {"name": "结束", "type": "end", "metaId": "emgp96", "triggerMode": "auto"}, {"to": "zq37vx", "from": "z82dx0", "name": "", "type": "event", "metaId": "mgrims"}, {"name": "开始", "type": "start", "metaId": "so1zri", "triggerMode": "auto"}, {"to": "ylrnnp", "from": "so1zri", "name": "", "type": "event", "metaId": "lp817b"}, {"to": "3rv8rv", "from": "zq37vx", "name": "", "type": "event", "metaId": "mfy4cd"}, {"name": "文本抽取", "task": {}, "type": "state", "jober": {"type": "ohscript_jober", "entity": {"code": "var type = ext::context.get(0).get(\"passData\").get(\"meta\").get(\"fileType\");\n\nif(type==\"pdf\"){\n    let context1 = entity{\n        .async = true; .format = \"cbor\"; .id = \"com.huawei.eDataMate.operators.pdf_extractor_plugin\";\n    };\n    let f1 = fit::handleTask(context1);\n    ext::context >> f1\n}\n\nif (type == \"word\") {\n    let context1 = entity{\n        .async = true; .format = \"cbor\"; .id = \"com.huawei.eDataMate.operators.word_extractor_plugin\";\n    };\n    let f1 = fit::handleTask(context1);\n    ext::context >> f1\n}\n\nif (type == \"md\") {\n    let context1 = entity{\n        .async = true; .format = \"cbor\"; .id = \"com.huawei.eDataMate.operators.md_extractor_plugin\";\n    };\n    let f1 = fit::handleTask(context1);\n    ext::context >> f1\n}\n\nif (type == \"markdown\") {\n    let context1 = entity{\n        .async = true; .format = \"cbor\"; .id = \"com.huawei.eDataMate.operators.md_extractor_plugin\";\n    };\n    let f1 = fit::handleTask(context1);\n    ext::context >> f1\n}\n\nif (type == \"xml\") {\n    let context1 = entity{\n        .async = true; .format = \"cbor\"; .id = \"com.huawei.eDataMate.operators.xml_extractor_plugin\";\n    };\n    let f1 = fit::handleTask(context1);\n    ext::context >> f1\n}\n\nif (type == \"html\") {\n    let context1 = entity{\n        .async = true; .format = \"cbor\"; .id = \"com.huawei.eDataMate.operators.html_extractor_plugin\";\n    };\n    let f1 = fit::handleTask(context1);\n    ext::context >> f1\n}\n\nif (type == \"txt\") {\n    let context1 = entity{\n        .async = true; .format = \"cbor\"; .id = \"com.huawei.eDataMate.operators.txt_extractor_plugin\";\n    };\n    let f1 = fit::handleTask(context1);\n    ext::context >> f1\n} else {\n        let context1 = entity{\n        .async = true; .format = \"cbor\"; .id = \"5abc15280ea44cada216e094e3a76937\";\n    };\n    let f1 = fit::handleTask(context1);\n    ext::context >> f1\n}", "order": "parallel", "retryNum": 2}, "fitables": ["com.huawei.eDataMate.operators.pdf_extractor_plugin", "com.huawei.eDataMate.operators.word_extractor_plugin", "com.huawei.eDataMate.operators.md_extractor_plugin", "com.huawei.eDataMate.operators.xml_extractor_plugin", "com.huawei.eDataMate.operators.txt_extractor_plugin", "com.huawei.eDataMate.operators.html_extractor_plugin"], "retryNum": 2, "fitablesConfig": [{"id": "com.huawei.eDataMate.operators.pdf_extractor_plugin", "timeout": 5, "retryNum": 2}, {"id": "com.huawei.eDataMate.operators.word_extractor_plugin", "timeout": 5, "retryNum": 2}, {"id": "com.huawei.eDataMate.operators.md_extractor_plugin", "timeout": 5, "retryNum": 2}, {"id": "com.huawei.eDataMate.operators.xml_extractor_plugin", "timeout": 5, "retryNum": 2}, {"id": "com.huawei.eDataMate.operators.txt_extractor_plugin", "timeout": 5, "retryNum": 2}, {"id": "com.huawei.eDataMate.operators.html_extractor_plugin", "timeout": 5, "retryNum": 2}]}, "metaId": "z82dx0", "joberFilter": {"type": "BATCH_FILTER", "threshold": 1}, "triggerMode": "auto"}, {"to": "igsvmc", "from": "ylrnnp", "name": "", "type": "event", "metaId": "03k983"}, {"to": "z82dx0", "from": "igsvmc", "name": "", "type": "event", "metaId": "e4453j"}, {"name": "文件扫盘", "type": "state", "jober": {"type": "ohscript_jober", "entity": {"code": "let context1 = entity{\n    .async = true;\n    .format = \"cbor\";\n    .id = \"com.huawei.eDataMate.operators.nas_scanner_plugin\";\n    };\nlet f1 = fit::handleTask(context1);\nlet ans = ext::context >> f1;\nlet context2 = entity{\n\t.async = true;\n\t.format = \"cbor\";\n\t.id = \"fd04d6f24ecd4ebb8f889014a441cc63\";\n};\nlet f2 = fit::handleTask(context2);\nans >> f2"}, "fitables": ["com.huawei.eDataMate.operators.nas_scanner_plugin", "fd04d6f24ecd4ebb8f889014a441cc63"], "retryNum": 2, "fitablesConfig": []}, "metaId": "ylrnnp", "joberFilter": {"type": "BATCH_FILTER", "threshold": 1}, "triggerMode": "auto"}, {"name": "文件读取", "type": "state", "jober": {"type": "ohscript_jober", "entity": {"code": "let context1 = entity{\n    .id = \"com.huawei.eDataMate.operators.nas_read_file_plugin\";\n.async = true;\n.format = \"cbor\";\n};\nlet f1 = fit::handleTask(context1);\n\next::context >> f1"}, "fitables": ["com.huawei.eDataMate.operators.nas_read_file_plugin"], "retryNum": 2, "fitablesConfig": []}, "metaId": "igsvmc", "joberFilter": {"type": "BATCH_FILTER", "threshold": 1}, "triggerMode": "auto"}], "metaId": "7c64a715ffdb40f0a9e2b105fc959949", "status": "active", "version": "1.0.0"}', 'com.huawei.a3000', '2024-02-29 11:24:47.912') ON CONFLICT (definition_id) DO NOTHING;

INSERT INTO "public"."tag_usage" ("id", "tag_id", "object_type", "object_id", "created_by", "created_at") VALUES ('d4aa143de98549f7ab14269c36366dfd', 'c370982fef874b41b8285d3077d873e9', 'FLOW GRAPH', '7c64a715ffdb40f0a9e2b105fc959949', 'com.huawei.a3000', '2024-02-29 03:24:47.645') ON CONFLICT (id) DO NOTHING;

INSERT INTO "public"."fitable_usage" ("fitable_id", "definition_id") VALUES ('6a6084c0d1e243e7b327cb1a0ba068e2', 'd2c0619b85ba4a2fbeb3601382841466') ON CONFLICT (fitable_id, definition_id) DO NOTHING;
INSERT INTO "public"."fitable_usage" ("fitable_id", "definition_id") VALUES ('com.huawei.eDataMate.operators.pdf_extractor_plugin', 'd2c0619b85ba4a2fbeb3601382841466') ON CONFLICT (fitable_id, definition_id) DO NOTHING;
INSERT INTO "public"."fitable_usage" ("fitable_id", "definition_id") VALUES ('com.huawei.eDataMate.operators.txt_extractor_plugin', 'd2c0619b85ba4a2fbeb3601382841466') ON CONFLICT (fitable_id, definition_id) DO NOTHING;
INSERT INTO "public"."fitable_usage" ("fitable_id", "definition_id") VALUES ('com.huawei.eDataMate.operators.emoji_cleaner_plugin', 'd2c0619b85ba4a2fbeb3601382841466') ON CONFLICT (fitable_id, definition_id) DO NOTHING;
INSERT INTO "public"."fitable_usage" ("fitable_id", "definition_id") VALUES ('com.huawei.eDataMate.operators.nas_scanner_plugin', 'd2c0619b85ba4a2fbeb3601382841466') ON CONFLICT (fitable_id, definition_id) DO NOTHING;
INSERT INTO "public"."fitable_usage" ("fitable_id", "definition_id") VALUES ('com.huawei.eDataMate.operators.nas_read_file_plugin', 'd2c0619b85ba4a2fbeb3601382841466') ON CONFLICT (fitable_id, definition_id) DO NOTHING;
INSERT INTO "public"."fitable_usage" ("fitable_id", "definition_id") VALUES ('com.huawei.eDataMate.operators.remove_duplicate_sentences_plugin', 'd2c0619b85ba4a2fbeb3601382841466') ON CONFLICT (fitable_id, definition_id) DO NOTHING;
INSERT INTO "public"."fitable_usage" ("fitable_id", "definition_id") VALUES ('com.huawei.eDataMate.operators.html_extractor_plugin', 'd2c0619b85ba4a2fbeb3601382841466') ON CONFLICT (fitable_id, definition_id) DO NOTHING;
INSERT INTO "public"."fitable_usage" ("fitable_id", "definition_id") VALUES ('com.huawei.eDataMate.operators.sexual_and_violent_word_cleaner_plugin', 'd2c0619b85ba4a2fbeb3601382841466') ON CONFLICT (fitable_id, definition_id) DO NOTHING;
INSERT INTO "public"."fitable_usage" ("fitable_id", "definition_id") VALUES ('com.huawei.eDataMate.operators.md_extractor_plugin', 'd2c0619b85ba4a2fbeb3601382841466') ON CONFLICT (fitable_id, definition_id) DO NOTHING;
INSERT INTO "public"."fitable_usage" ("fitable_id", "definition_id") VALUES ('com.huawei.eDataMate.operators.invisible_characters_cleaner_plugin', 'd2c0619b85ba4a2fbeb3601382841466') ON CONFLICT (fitable_id, definition_id) DO NOTHING;
INSERT INTO "public"."fitable_usage" ("fitable_id", "definition_id") VALUES ('com.huawei.eDataMate.operators.legend_cleaner_plugin', 'd2c0619b85ba4a2fbeb3601382841466') ON CONFLICT (fitable_id, definition_id) DO NOTHING;
INSERT INTO "public"."fitable_usage" ("fitable_id", "definition_id") VALUES ('com.huawei.eDataMate.operators.id_number_cleaner_plugin', 'd2c0619b85ba4a2fbeb3601382841466') ON CONFLICT (fitable_id, definition_id) DO NOTHING;
INSERT INTO "public"."fitable_usage" ("fitable_id", "definition_id") VALUES ('com.huawei.eDataMate.operators.garble_characters_cleaner_plugin', 'd2c0619b85ba4a2fbeb3601382841466') ON CONFLICT (fitable_id, definition_id) DO NOTHING;
INSERT INTO "public"."fitable_usage" ("fitable_id", "definition_id") VALUES ('com.huawei.eDataMate.operators.word_extractor_plugin', 'd2c0619b85ba4a2fbeb3601382841466') ON CONFLICT (fitable_id, definition_id) DO NOTHING;
INSERT INTO "public"."fitable_usage" ("fitable_id", "definition_id") VALUES ('com.huawei.eDataMate.operators.extra_space_cleaner_plugin', 'd2c0619b85ba4a2fbeb3601382841466') ON CONFLICT (fitable_id, definition_id) DO NOTHING;
INSERT INTO "public"."fitable_usage" ("fitable_id", "definition_id") VALUES ('com.huawei.eDataMate.operators.ip_address_cleaner_plugin', 'd2c0619b85ba4a2fbeb3601382841466') ON CONFLICT (fitable_id, definition_id) DO NOTHING;
INSERT INTO "public"."fitable_usage" ("fitable_id", "definition_id") VALUES ('com.huawei.eDataMate.operators.file_with_high_repeat_phrase_rate_filter_plugin', 'd2c0619b85ba4a2fbeb3601382841466') ON CONFLICT (fitable_id, definition_id) DO NOTHING;
INSERT INTO "public"."fitable_usage" ("fitable_id", "definition_id") VALUES ('com.huawei.eDataMate.operators.url_cleaner_plugin', 'd2c0619b85ba4a2fbeb3601382841466') ON CONFLICT (fitable_id, definition_id) DO NOTHING;
INSERT INTO "public"."fitable_usage" ("fitable_id", "definition_id") VALUES ('com.huawei.eDataMate.operators.email_cleaner_plugin', 'd2c0619b85ba4a2fbeb3601382841466') ON CONFLICT (fitable_id, definition_id) DO NOTHING;
INSERT INTO "public"."fitable_usage" ("fitable_id", "definition_id") VALUES ('com.huawei.eDataMate.operators.persist_file_plugin', 'd2c0619b85ba4a2fbeb3601382841466') ON CONFLICT (fitable_id, definition_id) DO NOTHING;
INSERT INTO "public"."fitable_usage" ("fitable_id", "definition_id") VALUES ('com.huawei.eDataMate.operators.traditional_chinese_plugin', 'd2c0619b85ba4a2fbeb3601382841466') ON CONFLICT (fitable_id, definition_id) DO NOTHING;
INSERT INTO "public"."fitable_usage" ("fitable_id", "definition_id") VALUES ('com.huawei.eDataMate.operators.full_width_characters_cleaner_plugin', 'd2c0619b85ba4a2fbeb3601382841466') ON CONFLICT (fitable_id, definition_id) DO NOTHING;
INSERT INTO "public"."fitable_usage" ("fitable_id", "definition_id") VALUES ('fd04d6f24ecd4ebb8f889014a441cc63', 'd2c0619b85ba4a2fbeb3601382841466') ON CONFLICT (fitable_id, definition_id) DO NOTHING;
INSERT INTO "public"."fitable_usage" ("fitable_id", "definition_id") VALUES ('com.huawei.eDataMate.operators.html_tag_cleaner_plugin', 'd2c0619b85ba4a2fbeb3601382841466') ON CONFLICT (fitable_id, definition_id) DO NOTHING;
INSERT INTO "public"."fitable_usage" ("fitable_id", "definition_id") VALUES ('com.huawei.eDataMate.operators.remove_file_with_many_sensitive_words_plugin', 'd2c0619b85ba4a2fbeb3601382841466') ON CONFLICT (fitable_id, definition_id) DO NOTHING;
INSERT INTO "public"."fitable_usage" ("fitable_id", "definition_id") VALUES ('com.huawei.eDataMate.operators.credit_card_number_cleaner_plugin', 'd2c0619b85ba4a2fbeb3601382841466') ON CONFLICT (fitable_id, definition_id) DO NOTHING;
INSERT INTO "public"."fitable_usage" ("fitable_id", "definition_id") VALUES ('com.huawei.eDataMate.operators.remove_duplicate_file_plugin', 'd2c0619b85ba4a2fbeb3601382841466') ON CONFLICT (fitable_id, definition_id) DO NOTHING;
INSERT INTO "public"."fitable_usage" ("fitable_id", "definition_id") VALUES ('com.huawei.eDataMate.operators.file_with_high_special_char_rate_filter_plugin', 'd2c0619b85ba4a2fbeb3601382841466') ON CONFLICT (fitable_id, definition_id) DO NOTHING;
INSERT INTO "public"."fitable_usage" ("fitable_id", "definition_id") VALUES ('com.huawei.eDataMate.operators.xml_extractor_plugin', 'd2c0619b85ba4a2fbeb3601382841466') ON CONFLICT (fitable_id, definition_id) DO NOTHING;
INSERT INTO "public"."fitable_usage" ("fitable_id", "definition_id") VALUES ('com.huawei.eDataMate.operators.file_with_high_repeat_word_rate_filter_plugin', 'd2c0619b85ba4a2fbeb3601382841466') ON CONFLICT (fitable_id, definition_id) DO NOTHING;
INSERT INTO "public"."fitable_usage" ("fitable_id", "definition_id") VALUES ('com.huawei.eDataMate.operators.phone_number_cleaner_plugin', 'd2c0619b85ba4a2fbeb3601382841466') ON CONFLICT (fitable_id, definition_id) DO NOTHING;
INSERT INTO "public"."fitable_usage" ("fitable_id", "definition_id") VALUES ('com.huawei.eDataMate.operators.unicode_space_cleaner_plugin', 'd2c0619b85ba4a2fbeb3601382841466') ON CONFLICT (fitable_id, definition_id) DO NOTHING;
INSERT INTO "public"."fitable_usage" ("fitable_id", "definition_id") VALUES ('com.huawei.eDataMate.operators.content_cleaner_plugin', 'd2c0619b85ba4a2fbeb3601382841466') ON CONFLICT (fitable_id, definition_id) DO NOTHING;
INSERT INTO "public"."fitable_usage" ("fitable_id", "definition_id") VALUES ('com.huawei.eDataMate.operators.remove_file_with_short_or_long_length_plugin', 'd2c0619b85ba4a2fbeb3601382841466') ON CONFLICT (fitable_id, definition_id) DO NOTHING;
INSERT INTO "public"."fitable_usage" ("fitable_id", "definition_id") VALUES ('com.huawei.eDataMate.operators.political_word_cleaner_plugin', 'd2c0619b85ba4a2fbeb3601382841466') ON CONFLICT (fitable_id, definition_id) DO NOTHING;
-- obs
INSERT INTO "public"."flow_graph" ("id", "version", "tenant", "status", "name", "data", "created_by", "created_at", "updated_by", "updated_at", "previous", "is_deleted") VALUES ('ba10e935c5a8438daef264636384ff7c', '1.0.0', '4b1f59a7ccdd4faf930f29b4f1f946b3', 'active', '文本清洗模板-OBS', '{"id":"ba10e935c5a8438daef264636384ff7c","title":"文本清洗模板-OBS","source":"elsa","type":"graph","tenant":"default","setting":{"borderColor":"steelblue","backColor":"whitesmoke","headColor":"steelblue","fontColor":"steelblue","captionfontColor":"whitesmoke","fontFace":"arial","captionfontFace":"arial black","fontSize":12,"captionfontSize":14,"fontStyle":"normal","captionfontStyle":"normal","fontWeight":"lighter","captionfontWeight":"lighter","hAlign":"center","vAlign":"top","captionhAlign":"center","lineHeight":1.5,"lineWidth":2,"captionlineHeight":1,"focusMargin":0,"focusBorderColor":"darkorange","focusFontColor":"darkorange","focusBackColor":"whitesmoke","mouseInColor":"orange","mouseInBorderColor":"orange","mouseInFontColor":"orange","mouseInBackColor":"whitesmoke","borderWidth":1,"globalAlpha":1,"backAlpha":0.15,"cornerRadius":4,"dashWidth":0,"autoText":false,"autoHeight":false,"autoWidth":false,"margin":25,"pad":10,"code":"","rotateDegree":0,"shadow":false,"shadowData":"2px 2px 4px","outstanding":false,"pDock":"none","dockMode":"none","priority":0,"infoType":{"next":"INFORMATION","name":"none"},"progressStatus":{"next":"UNKNOWN","color":"gray","name":"NONE"},"progressPercent":0.65,"showedProgress":false,"itemPad":[5,5,5,5],"itemScroll":{"x":0,"y":0},"scrollLock":{"x":false,"y":false},"resizeable":true,"selectable":true,"rotateAble":true,"editable":true,"moveable":true,"dragable":true,"visible":true,"deletable":true,"allowLink":true,"shared":false,"strikethrough":false,"underline":false,"numberedList":false,"bulletedList":false,"enableAnimation":false,"enableSocial":true,"emphasized":false,"bulletSpeed":1,"tag":{}},"pages":[{"type":"page","id":"elsa-page:2qqzqe","text":"--","namespace":"elsa","x":0,"y":0,"width":2489,"height":1195,"bold":false,"italic":false,"dockAlign":"top","division":-1,"itemSpace":5,"itemPad":[0,0,0,0],"itemScroll":{"x":0,"y":0},"hideText":true,"dockMode":"none","shapesAs":{},"borderColor":"white","backColor":"white","fontSize":18,"fontFace":"arial","fontColor":"#ECD0A7","fontWeight":"bold","fontStyle":"normal","hAlign":"left","vAlign":"top","enableContextMenu":true,"moveable":true,"container":"elsa-page:2qqzqe","dirty":false,"isPage":true,"mode":"configuration","shapes":[{"id":"1t4gh9","allowLink":false,"backColor":"white","beginArrow":false,"beginArrowEmpty":false,"beginArrowSize":4,"bold":false,"borderWidth":1,"comments":[],"createTime":{"$date":"2023-10-24T10:27:32.097Z"},"createUser":"a3000","curvePoint1":{"x":0,"y":0},"curvePoint2":{"x":0,"y":0},"dashWidth":0,"definedFromConnector":"E","definedToConnector":"W","dirty":true,"endArrow":true,"endArrowEmpty":false,"endArrowSize":4,"endpointOffsetX":0,"endpointOffsetY":0,"fromShape":"cev52a","hAlign":"center","height":0,"hideText":false,"inShared":"","index":100,"isDeleted":false,"italic":false,"lineMode":{"type":"broken"},"lineWidth":2,"margin":30,"moveable":false,"namespace":"flowable","oldId":"4tprcu","pad":0,"preInShared":"","selectable":true,"text":"","textInnerHtml":"<p id=\"jmk3a8\"><br data-cke-filler=\"true\"></p>","toShape":"gk2jkh","type":"event","updateTime":{"$date":"2024-02-29T03:23:37.33Z"},"updateUser":"a3000","version":"1.0.0","width":64,"x":1127,"y":399,"container":"elsa-page:2qqzqe"},{"id":"ajtebq","autoHeight":true,"autoWidth":true,"bold":false,"comments":[],"completedTask":0,"createTime":{"$date":"2023-10-24T10:27:32.097Z"},"createUser":"a3000","dirty":false,"enableAnimation":true,"fitables":["ee38955917ba4e86b5003e49968dc02f"],"height":30,"inShared":"","index":101,"isDeleted":false,"italic":false,"jober":{"fitables":["com.huawei.eDataMate.operators.remove_file_with_short_or_long_length_plugin","com.huawei.eDataMate.operators.file_with_high_repeat_word_rate_filter_plugin","com.huawei.eDataMate.operators.file_with_high_repeat_phrase_rate_filter_plugin","com.huawei.eDataMate.operators.file_with_high_special_char_rate_filter_plugin","com.huawei.eDataMate.operators.remove_file_with_many_sensitive_words_plugin"],"entity":{"retryNum":2,"code":"let context1 = entity{\n    .id = \"com.huawei.eDataMate.operators.remove_file_with_short_or_long_length_plugin\";\n.async = true;\n.format = \"cbor\";\n};\nlet f1 = fit::handleTask(context1);\n\nlet context2 = entity{\n    .id = \"com.huawei.eDataMate.operators.file_with_high_repeat_word_rate_filter_plugin\";\n.async = true;\n.format = \"cbor\";\n};\nlet f2 = fit::handleTask(context2);\n\nlet context3 = entity{\n    .id = \"com.huawei.eDataMate.operators.file_with_high_repeat_phrase_rate_filter_plugin\";\n.async = true;\n.format = \"cbor\";\n};\nlet f3 = fit::handleTask(context3);\n\nlet context4 = entity{\n    .id = \"com.huawei.eDataMate.operators.file_with_high_special_char_rate_filter_plugin\";\n.async = true;\n.format = \"cbor\";\n};\nlet f4 = fit::handleTask(context4);\n\nlet context5 = entity{\n    .id = \"com.huawei.eDataMate.operators.remove_file_with_many_sensitive_words_plugin\";\n.async = true;\n.format = \"cbor\";\n};\nlet f5 = fit::handleTask(context5);\n\next::context >> f1 >> f2 >> f3 >> f4 >> f5"},"fitablesConfig":[{"id":"com.huawei.eDataMate.operators.remove_file_with_short_length_plugin","timeout":5,"retryNum":2}],"type":"ohscript_jober","retryNum":2},"joberFilter":{"threshold":1,"type":"BATCH_FILTER"},"moveable":false,"namespace":"flowable","oldId":"fsx554","pad":6,"preInShared":"","rotateAble":false,"runningTask":0,"selectable":true,"task":{},"taskFilter":{"threshold":1},"text":[{"attributes":{"id":"clpv99"},"name":"paragraph","children":[{"data":"文档过滤"}],"x":828,"y":405.52,"width":48,"height":18}],"textInnerHtml":"<p id=\"clpv99\">文档过滤</p>","triggerMode":"auto","type":"state","updateTime":{"$date":"2024-02-29T03:23:37.33Z"},"updateUser":"a3000","version":"1.0.0","warningTask":0,"width":63,"x":791,"y":384,"container":"elsa-page:2qqzqe"},{"id":"lr1co1","allowLink":false,"backColor":"white","beginArrow":false,"beginArrowEmpty":false,"beginArrowSize":4,"bold":false,"borderWidth":1,"comments":[],"createTime":{"$date":"2023-10-24T10:27:32.097Z"},"createUser":"a3000","curvePoint1":{"x":0,"y":0},"curvePoint2":{"x":0,"y":0},"dashWidth":0,"definedFromConnector":"E","definedToConnector":"W","dirty":true,"endArrow":true,"endArrowEmpty":false,"endArrowSize":4,"endpointOffsetX":0,"endpointOffsetY":0,"fromShape":"5h6tfz","hAlign":"center","height":0,"hideText":false,"inShared":"","index":102,"isDeleted":false,"italic":false,"lineMode":{"type":"broken"},"lineWidth":2,"margin":30,"moveable":false,"namespace":"flowable","oldId":"hm8meq","pad":0,"preInShared":"","selectable":true,"text":"","textInnerHtml":"<p id=\"ain9m6\"><br data-cke-filler=\"true\"></p>","toShape":"cev52a","type":"event","updateTime":{"$date":"2024-02-29T03:23:37.33Z"},"updateUser":"a3000","version":"1.0.0","width":65,"x":999,"y":399,"container":"elsa-page:2qqzqe"},{"id":"cev52a","autoHeight":true,"autoWidth":true,"bold":false,"comments":[],"completedTask":0,"createTime":{"$date":"2023-10-24T10:27:32.097Z"},"createUser":"a3000","description":"配置filter，等待前面的所有都执行完（考虑前面节点的批次来识别）","dirty":false,"enableAnimation":true,"fitables":["ee38955917ba4e86b5003e49968dc02f"],"height":30,"inShared":"","index":103,"isDeleted":false,"italic":false,"jober":{"fitables":["com.huawei.eDataMate.operators.remove_duplicate_sentences_plugin","com.huawei.eDataMate.operators.remove_duplicate_file_plugin"],"entity":{"retryNum":2,"code":"let context1 = entity{\n    .id = \"com.huawei.eDataMate.operators.remove_duplicate_sentences_plugin\";\n.async = true;\n.format = \"cbor\";\n};\nlet f1 = fit::handleTask(context1);\n\nlet context2 = entity{\n    .id = \"com.huawei.eDataMate.operators.remove_duplicate_file_plugin\";\n.async = true;\n.format = \"cbor\";\n};\nlet f2 = fit::handleTask(context2);\n\next::context >> f1 >> f2"},"fitablesConfig":[{"id":"com.huawei.eDataMate.operators.remove_duplicate_sentences_plugin","timeout":5,"retryNum":2}],"type":"ohscript_jober","retryNum":2},"joberFilter":{"threshold":1,"type":"BATCH_FILTER"},"moveable":false,"namespace":"flowable","oldId":"8siwv3","pad":6,"preInShared":"","rotateAble":false,"runningTask":0,"selectable":true,"task":{},"taskFilter":{"threshold":1},"text":[{"attributes":{"id":"skjeni"},"name":"paragraph","children":[{"data":"数据去重"}],"x":1072,"y":404.52,"width":48,"height":18}],"textInnerHtml":"<p id=\"skjeni\">数据去重</p>","triggerMode":"auto","type":"state","updateTime":{"$date":"2024-02-29T03:23:37.33Z"},"updateUser":"a3000","version":"1.0.0","warningTask":0,"width":63,"x":1064,"y":384,"container":"elsa-page:2qqzqe"},{"id":"5h6tfz","autoHeight":true,"autoWidth":true,"bold":false,"comments":[],"completedTask":0,"createTime":{"$date":"2023-10-24T10:27:32.097Z"},"createUser":"a3000","dirty":false,"enableAnimation":true,"height":30,"inShared":"","index":104,"isDeleted":false,"italic":false,"jober":{"fitables":["com.huawei.eDataMate.operators.unicode_space_cleaner_plugin","com.huawei.eDataMate.operators.extra_space_cleaner_plugin","com.huawei.eDataMate.operators.full_width_characters_cleaner_plugin","com.huawei.eDataMate.operators.invisible_characters_cleaner_plugin","com.huawei.eDataMate.operators.content_cleaner_plugin","com.huawei.eDataMate.operators.legend_cleaner_plugin","com.huawei.eDataMate.operators.emoji_cleaner_plugin","com.huawei.eDataMate.operators.html_tag_cleaner_plugin","com.huawei.eDataMate.operators.traditional_chinese_plugin","com.huawei.eDataMate.operators.garble_characters_cleaner_plugin"],"entity":{"retryNum":2,"order":"parallel","code":"let context1 = entity{\n    .id = \"com.huawei.eDataMate.operators.unicode_space_cleaner_plugin\";\n.async = true;\n.format = \"cbor\";\n};\nlet f1 = fit::handleTask(context1);\n\nlet context2 = entity{\n    .id = \"com.huawei.eDataMate.operators.extra_space_cleaner_plugin\";\n.async = true;\n.format = \"cbor\";\n};\nlet f2 = fit::handleTask(context2);\n\nlet context3 = entity{\n    .id = \"com.huawei.eDataMate.operators.full_width_characters_cleaner_plugin\";\n.async = true;\n.format = \"cbor\";\n};\nlet f3 = fit::handleTask(context3);\n\nlet context4 = entity{\n    .id = \"com.huawei.eDataMate.operators.invisible_characters_cleaner_plugin\";\n.async = true;\n.format = \"cbor\";\n};\nlet f4 = fit::handleTask(context4);\n\nlet context5 = entity{\n    .id = \"com.huawei.eDataMate.operators.content_cleaner_plugin\";\n.async = true;\n.format = \"cbor\";\n};\nlet f5 = fit::handleTask(context5);\n\nlet context6 = entity{\n    .id = \"com.huawei.eDataMate.operators.legend_cleaner_plugin\";\n.async = true;\n.format = \"cbor\";\n};\nlet f6 = fit::handleTask(context6);\n\nlet context7 = entity{\n    .id = \"com.huawei.eDataMate.operators.emoji_cleaner_plugin\";\n.async = true;\n.format = \"cbor\";\n};\nlet f7 = fit::handleTask(context7);\n\nlet context8 = entity{\n    .id = \"com.huawei.eDataMate.operators.html_tag_cleaner_plugin\";\n.async = true;\n.format = \"cbor\";\n};\nlet f8 = fit::handleTask(context8);\n\nlet context9 = entity{\n    .id = \"com.huawei.eDataMate.operators.traditional_chinese_plugin\";\n.async = true;\n.format = \"cbor\";\n};\nlet f9 = fit::handleTask(context9);\n\nlet context10 = entity{\n    .id = \"com.huawei.eDataMate.operators.garble_characters_cleaner_plugin\";\n.async = true;\n.format = \"cbor\";\n};\nlet f10 = fit::handleTask(context10);\n\next::context >> f1 >> f2 >> f3 >> f4 >> f5 >> f6 >> f7 >> f8 >> f9 >> f10"},"type":"ohscript_jober","fitablesConfig":[{"id":"com.huawei.eDataMate.operators.content_cleaner_plugin","timeout":5,"retryNum":2},{"id":"com.huawei.eDataMate.operators.legend_cleaner_plugin","timeout":5,"retryNum":2},{"id":"com.huawei.eDataMate.operators.full_width_characters_cleaner_plugin","timeout":5,"retryNum":2},{"id":"com.huawei.eDataMate.operators.invisible_characters_cleaner_plugin","timeout":5,"retryNum":2},{"id":"com.huawei.eDataMate.operators.unicode_space_cleaner_plugin","timeout":5,"retryNum":2},{"id":"com.huawei.eDataMate.operators.extra_space_cleaner_plugin","timeout":5,"retryNum":2},{"id":"com.huawei.eDataMate.operators.traditional_chinese_plugin","timeout":5,"retryNum":2},{"id":"com.huawei.eDataMate.operators.emoji_cleaner_plugin","timeout":5,"retryNum":2},{"id":"com.huawei.eDataMate.operators.html_tag_cleaner_plugin","timeout":5,"retryNum":2}],"retryNum":2},"joberFilter":{"threshold":1,"type":"BATCH_FILTER"},"moveable":false,"namespace":"flowable","oldId":"i8lz95","pad":6,"preInShared":"","rotateAble":false,"runningTask":0,"selectable":true,"task":{},"taskFilter":{"threshold":1},"text":[{"attributes":{"id":"yjt4gm"},"name":"paragraph","children":[{"data":"异常清洗"}],"x":981,"y":331.52,"width":48,"height":18}],"textInnerHtml":"<p id=\"yjt4gm\">异常清洗</p>","triggerMode":"auto","type":"state","updateTime":{"$date":"2024-02-29T03:23:37.33Z"},"updateUser":"a3000","version":"1.0.0","warningTask":0,"width":63,"x":936,"y":384,"container":"elsa-page:2qqzqe"},{"id":"gk2jkh","autoHeight":true,"autoWidth":true,"bold":false,"comments":[],"completedTask":0,"createTime":{"$date":"2023-10-24T10:27:32.097Z"},"createUser":"a3000","dirty":false,"enableAnimation":true,"height":30,"inShared":"","index":105,"isDeleted":false,"italic":false,"jober":{"fitables":["com.huawei.eDataMate.operators.url_cleaner_plugin","com.huawei.eDataMate.operators.sexual_and_violent_word_cleaner_plugin","com.huawei.eDataMate.operators.political_word_cleaner_plugin","com.huawei.eDataMate.operators.phone_number_cleaner_plugin","com.huawei.eDataMate.operators.credit_card_number_cleaner_plugin","com.huawei.eDataMate.operators.email_cleaner_plugin","com.huawei.eDataMate.operators.ip_address_cleaner_plugin","com.huawei.eDataMate.operators.id_number_cleaner_plugin"],"entity":{"retryNum":2,"order":"parallel","code":"let context1 = entity{\n    .async = true; .format = \"cbor\"; .id = \"com.huawei.eDataMate.operators.url_cleaner_plugin\";\n};\nlet f1 = fit::handleTask(context1);\n\nlet context2 = entity{\n    .async = true; .format = \"cbor\"; .id = \"com.huawei.eDataMate.operators.sexual_and_violent_word_cleaner_plugin\";\n};\nlet f2 = fit::handleTask(context2);\n\nlet context3 = entity{\n    .async = true; .format = \"cbor\"; .id = \"com.huawei.eDataMate.operators.political_word_cleaner_plugin\";\n};\nlet f3 = fit::handleTask(context3);\n\nlet context4 = entity{\n    .async = true; .format = \"cbor\"; .id = \"com.huawei.eDataMate.operators.phone_number_cleaner_plugin\";\n};\nlet f4 = fit::handleTask(context4);\n\nlet context5 = entity{\n    .async = true; .format = \"cbor\"; .id = \"com.huawei.eDataMate.operators.credit_card_number_cleaner_plugin\";\n};\nlet f5 = fit::handleTask(context5);\n\nlet context6 = entity{\n    .async = true; .format = \"cbor\"; .id = \"com.huawei.eDataMate.operators.email_cleaner_plugin\";\n};\nlet f6 = fit::handleTask(context6);\n\nlet context7 = entity{\n    .async = true; .format = \"cbor\"; .id = \"com.huawei.eDataMate.operators.ip_address_cleaner_plugin\";\n};\nlet f7 = fit::handleTask(context7);\n\nlet context8 = entity{\n    .async = true; .format = \"cbor\"; .id = \"com.huawei.eDataMate.operators.id_number_cleaner_plugin\";\n};\nlet f8 = fit::handleTask(context8);\n\next::context >> f1 >> f2 >> f3 >> f4 >> f5 >> f6 >> f7 >> f8"},"fitablesConfig":[{"id":"com.huawei.eDataMate.operators.url_cleaner_plugin","timeout":5,"retryNum":2},{"id":"com.huawei.eDataMate.operators.sexual_and_violent_word_cleaner_plugin","timeout":5,"retryNum":2},{"id":"com.huawei.eDataMate.operators.political_word_cleaner_plugin","timeout":5,"retryNum":2},{"id":"com.huawei.eDataMate.operators.phone_number_cleaner_plugin","timeout":5,"retryNum":2},{"id":"com.huawei.eDataMate.operators.credit_card_number_cleaner_plugin","timeout":5,"retryNum":2},{"id":"com.huawei.eDataMate.operators.email_cleaner_plugin","timeout":5,"retryNum":2},{"id":"com.huawei.eDataMate.operators.ip_address_cleaner_plugin","timeout":5,"retryNum":2},{"id":"com.huawei.eDataMate.operators.id_number_cleaner_plugin","timeout":5,"retryNum":2}],"type":"ohscript_jober","retryNum":2},"joberFilter":{"threshold":1,"type":"BATCH_FILTER"},"moveable":false,"namespace":"flowable","oldId":"n1789n","pad":6,"preInShared":"","rotateAble":false,"runningTask":0,"selectable":true,"task":{},"taskFilter":{"threshold":1},"text":[{"attributes":{"id":"p2xy5m"},"name":"paragraph","children":[{"data":"特殊词替换"}],"x":1196,"y":394.88,"width":66,"height":18}],"textInnerHtml":"<p id=\"p2xy5m\">特殊词替换</p>","triggerMode":"auto","type":"state","updateTime":{"$date":"2024-02-29T03:23:37.33Z"},"updateUser":"a3000","version":"1.0.0","warningTask":0,"width":75,"x":1191,"y":384,"container":"elsa-page:2qqzqe"},{"id":"t4u2fg","allowLink":false,"backColor":"white","beginArrow":false,"beginArrowEmpty":false,"beginArrowSize":4,"bold":false,"borderWidth":1,"comments":[],"createTime":{"$date":"2023-10-24T10:27:32.097Z"},"createUser":"a3000","curvePoint1":{"x":0,"y":0},"curvePoint2":{"x":0,"y":0},"dashWidth":0,"definedFromConnector":"","definedToConnector":"W","dirty":true,"endArrow":true,"endArrowEmpty":false,"endArrowSize":4,"endpointOffsetX":0,"endpointOffsetY":0,"fromShape":"gk2jkh","hAlign":"center","height":0,"hideText":false,"inShared":"","index":106,"isDeleted":false,"italic":false,"lineMode":{"type":"broken"},"lineWidth":2,"margin":30,"moveable":false,"namespace":"flowable","oldId":"z4xhrr","pad":0,"preInShared":"","selectable":true,"text":"","textInnerHtml":"<p id=\"uys3uh\"><br data-cke-filler=\"true\"></p>","toShape":"r8lycl","type":"event","updateTime":{"$date":"2024-02-29T03:23:37.33Z"},"updateUser":"a3000","version":"1.0.0","width":43,"x":1266,"y":399,"container":"elsa-page:2qqzqe"},{"id":"gl22sy","allowLink":false,"backColor":"white","beginArrow":false,"beginArrowEmpty":false,"beginArrowSize":4,"bold":false,"borderWidth":1,"comments":[],"createTime":{"$date":"2023-10-24T10:27:32.097Z"},"createUser":"a3000","curvePoint1":{"x":0,"y":0},"curvePoint2":{"x":0,"y":0},"dashWidth":0,"definedFromConnector":"E","definedToConnector":"","dirty":true,"endArrow":true,"endArrowEmpty":false,"endArrowSize":4,"endpointOffsetX":0,"endpointOffsetY":0,"fromShape":"r8lycl","hAlign":"center","height":0,"hideText":false,"inShared":"","index":107,"isDeleted":false,"italic":false,"lineMode":{"type":"broken"},"lineWidth":2,"margin":30,"moveable":false,"namespace":"flowable","oldId":"xfjbu5","pad":0,"preInShared":"","selectable":true,"text":"","textInnerHtml":"<p id=\"2kfis7\"><br data-cke-filler=\"true\"></p>","toShape":"nuz7or","type":"event","updateTime":{"$date":"2024-02-29T03:23:37.33Z"},"updateUser":"a3000","version":"1.0.0","width":67,"x":1372,"y":399,"container":"elsa-page:2qqzqe"},{"id":"r8lycl","autoHeight":true,"autoWidth":true,"bold":false,"comments":[],"completedTask":0,"createTime":{"$date":"2023-10-24T10:27:32.097Z"},"createUser":"a3000","dirty":false,"enableAnimation":true,"height":30,"inShared":"","index":108,"isDeleted":false,"italic":false,"jober":{"fitables":["com.huawei.eDataMate.operators.persist_file_plugin","6a6084c0d1e243e7b327cb1a0ba068e2"],"entity":{"retryNum":2,"order":"parallel","code":"let context1 = entity{\n    .id = \"com.huawei.eDataMate.operators.persist_file_plugin\";\n.async = true;\n.format = \"cbor\";\n};\nlet f1 = fit::handleTask(context1);\n\nlet context2 = entity{\n    .id = \"6a6084c0d1e243e7b327cb1a0ba068e2\";\n.async = true;\n.format = \"cbor\";\n};\nlet f2 = fit::handleTask(context2);\n\nlet ans = ext::context >> f1;\nans.get(0).put(\"contextData\", ext::context.get(0).get(\"contextData\"));\nans >> f2"},"fitablesConfig":[{"id":"com.huawei.eDataMate.operators.localized_file_plugin","timeout":5,"retryNum":2},{"id":"6a6084c0d1e243e7b327cb1a0ba068e2","timeout":5,"retryNum":2}],"type":"ohscript_jober","retryNum":2},"joberFilter":{"threshold":1,"type":"BATCH_FILTER"},"moveable":false,"namespace":"flowable","oldId":"wtuxkz","pad":6,"preInShared":"","rotateAble":false,"runningTask":0,"selectable":true,"task":{"fitables":[],"entity":{"retryNum":2}},"taskFilter":{"threshold":1},"text":[{"attributes":{"id":"nxh983"},"name":"paragraph","children":[{"data":"文件落盘"}],"x":1352,"y":402.52,"width":66,"height":18}],"textInnerHtml":"<p id=\"nxh983\">文件落盘</p>","triggerMode":"auto","type":"state","updateTime":{"$date":"2024-02-29T03:23:37.33Z"},"updateUser":"a3000","version":"1.0.0","warningTask":0,"width":63,"x":1309,"y":384,"container":"elsa-page:2qqzqe"},{"id":"nuz7or","autoWidth":false,"bold":false,"borderWidth":0,"comments":[],"completedTask":0,"createTime":{"$date":"2023-10-24T10:27:32.097Z"},"createUser":"a3000","dirty":false,"enableAnimation":true,"height":30,"hideText":true,"inShared":"","index":109,"isDeleted":false,"italic":false,"joberFilter":{"threshold":1},"margin":10,"moveable":false,"namespace":"flowable","oldId":"j7smbm","pad":6,"preInShared":"","rotateAble":false,"runningTask":0,"selectable":true,"text":"结束","triggerMode":"auto","type":"end","updateTime":{"$date":"2024-02-29T03:23:37.33Z"},"updateUser":"a3000","version":"1.0.0","warningTask":0,"width":30,"x":1439,"y":384,"container":"elsa-page:2qqzqe"},{"id":"nbxenn","allowLink":false,"backColor":"white","beginArrow":false,"beginArrowEmpty":false,"beginArrowSize":4,"bold":false,"borderWidth":1,"createTime":{"$date":"2023-11-08T11:23:51.883Z"},"createUser":"a3000","curvePoint1":{"x":0,"y":0},"curvePoint2":{"x":0,"y":0},"dashWidth":0,"definedFromConnector":"E","definedToConnector":"W","dirty":true,"endArrow":true,"endArrowEmpty":false,"endArrowSize":4,"endpointOffsetX":0,"endpointOffsetY":0,"fromShape":"04znkf","hAlign":"center","height":0,"hideText":false,"index":110,"isDeleted":false,"italic":false,"lineMode":{"type":"broken"},"lineWidth":2,"margin":30,"moveable":false,"namespace":"flowable","oldId":"mdaxmg","pad":0,"selectable":true,"text":"","textInnerHtml":"<p id=\"lilduw\"><br data-cke-filler=\"true\"></p>","textX":0,"textY":0,"toShape":"ajtebq","type":"event","updateTime":{"$date":"2024-02-29T03:23:37.33Z"},"updateUser":"a3000","version":"1.0.0","width":75,"x":716,"y":399,"container":"elsa-page:2qqzqe"},{"id":"slstob","autoWidth":false,"bold":false,"borderWidth":0,"completedTask":0,"createTime":{"$date":"2024-02-20T09:04:07.606Z"},"createUser":"a3000","dirty":false,"enableAnimation":true,"height":30,"hideText":true,"index":111,"isDeleted":false,"italic":false,"joberFilter":{"threshold":1,"type":"BATCH_FILTER"},"margin":10,"moveable":false,"namespace":"flowable","oldId":"2hoh4i","pad":6,"rotateAble":false,"runningTask":0,"selectable":true,"text":"开始","triggerMode":"auto","type":"start","updateTime":{"$date":"2024-02-29T03:23:37.331Z"},"updateUser":"a3000","version":"1.0.0","warningTask":0,"width":30,"x":239,"y":384,"container":"elsa-page:2qqzqe"},{"id":"hbfnki","allowLink":false,"backColor":"white","beginArrow":false,"beginArrowEmpty":false,"beginArrowSize":4,"bold":false,"borderWidth":1,"createTime":{"$date":"2024-02-20T09:04:07.606Z"},"createUser":"a3000","curvePoint1":{"x":0,"y":0},"curvePoint2":{"x":0,"y":0},"dashWidth":0,"definedFromConnector":"E","definedToConnector":"","dirty":true,"endArrow":true,"endArrowEmpty":false,"endArrowSize":4,"endpointOffsetX":0,"endpointOffsetY":0,"fromShape":"slstob","hAlign":"center","height":0,"hideText":false,"index":112,"isDeleted":false,"italic":false,"lineMode":{"type":"broken"},"lineWidth":2,"margin":30,"moveable":false,"namespace":"flowable","oldId":"8gox06","pad":0,"selectable":true,"text":"","textInnerHtml":"<p id=\"w5vuga\"><br data-cke-filler=\"true\"></p>","textX":0,"textY":0,"toShape":"2wssnl","type":"event","updateTime":{"$date":"2024-02-29T03:23:37.331Z"},"updateUser":"a3000","version":"1.0.0","width":96,"x":269,"y":399,"container":"elsa-page:2qqzqe"},{"id":"ncbfou","allowLink":false,"backColor":"white","beginArrow":false,"beginArrowEmpty":false,"beginArrowSize":4,"bold":false,"borderWidth":1,"createTime":{"$date":"2023-11-07T14:12:08.709Z"},"createUser":"a3000","curvePoint1":{"x":0,"y":0},"curvePoint2":{"x":0,"y":0},"dashWidth":0,"definedFromConnector":"","definedToConnector":"W","dirty":true,"endArrow":true,"endArrowEmpty":false,"endArrowSize":4,"endpointOffsetX":0,"endpointOffsetY":0,"fromShape":"ajtebq","hAlign":"center","height":0,"hideText":false,"index":113,"isDeleted":false,"italic":false,"lineMode":{"type":"broken"},"lineWidth":2,"margin":30,"moveable":false,"namespace":"flowable","oldId":"gq98wi","pad":0,"selectable":true,"text":"","textInnerHtml":"<p id=\"szb20o\"><br data-cke-filler=\"true\"></p>","toShape":"5h6tfz","type":"event","updateTime":{"$date":"2024-02-29T03:23:37.331Z"},"updateUser":"a3000","version":"1.0.0","width":82,"x":854,"y":399,"container":"elsa-page:2qqzqe"},{"id":"04znkf","autoHeight":true,"autoWidth":true,"bold":false,"comments":[],"completedTask":0,"createTime":{"$date":"2023-10-24T10:27:32.097Z"},"createUser":"a3000","dirty":false,"enableAnimation":true,"fitables":["http"],"height":30,"inShared":"","index":114,"isDeleted":false,"italic":false,"jober":{"fitables":["com.huawei.eDataMate.operators.pdf_extractor_plugin","com.huawei.eDataMate.operators.word_extractor_plugin","com.huawei.eDataMate.operators.md_extractor_plugin","com.huawei.eDataMate.operators.xml_extractor_plugin","com.huawei.eDataMate.operators.txt_extractor_plugin","com.huawei.eDataMate.operators.html_extractor_plugin"],"entity":{"retryNum":2,"order":"parallel","code":"var type = ext::context.get(0).get(\"passData\").get(\"meta\").get(\"fileType\");\n\nif(type==\"pdf\"){\n    let context1 = entity{\n        .async = true; .format = \"cbor\"; .id = \"com.huawei.eDataMate.operators.pdf_extractor_plugin\";\n    };\n    let f1 = fit::handleTask(context1);\n    ext::context >> f1\n}\n\nif (type == \"word\") {\n    let context1 = entity{\n        .async = true; .format = \"cbor\"; .id = \"com.huawei.eDataMate.operators.word_extractor_plugin\";\n    };\n    let f1 = fit::handleTask(context1);\n    ext::context >> f1\n}\n\nif (type == \"md\") {\n    let context1 = entity{\n        .async = true; .format = \"cbor\"; .id = \"com.huawei.eDataMate.operators.md_extractor_plugin\";\n    };\n    let f1 = fit::handleTask(context1);\n    ext::context >> f1\n}\n\nif (type == \"markdown\") {\n    let context1 = entity{\n        .async = true; .format = \"cbor\"; .id = \"com.huawei.eDataMate.operators.md_extractor_plugin\";\n    };\n    let f1 = fit::handleTask(context1);\n    ext::context >> f1\n}\n\nif (type == \"xml\") {\n    let context1 = entity{\n        .async = true; .format = \"cbor\"; .id = \"com.huawei.eDataMate.operators.xml_extractor_plugin\";\n    };\n    let f1 = fit::handleTask(context1);\n    ext::context >> f1\n}\n\nif (type == \"html\") {\n    let context1 = entity{\n        .async = true; .format = \"cbor\"; .id = \"com.huawei.eDataMate.operators.html_extractor_plugin\";\n    };\n    let f1 = fit::handleTask(context1);\n    ext::context >> f1\n}\n\nif (type == \"txt\") {\n    let context1 = entity{\n        .async = true; .format = \"cbor\"; .id = \"com.huawei.eDataMate.operators.txt_extractor_plugin\";\n    };\n    let f1 = fit::handleTask(context1);\n    ext::context >> f1\n} else {\n        let context1 = entity{\n        .async = true; .format = \"cbor\"; .id = \"5abc15280ea44cada216e094e3a76937\";\n    };\n    let f1 = fit::handleTask(context1);\n    ext::context >> f1\n}"},"type":"ohscript_jober","fitablesConfig":[{"id":"com.huawei.eDataMate.operators.pdf_extractor_plugin","timeout":5,"retryNum":2},{"id":"com.huawei.eDataMate.operators.word_extractor_plugin","timeout":5,"retryNum":2},{"id":"com.huawei.eDataMate.operators.md_extractor_plugin","timeout":5,"retryNum":2},{"id":"com.huawei.eDataMate.operators.xml_extractor_plugin","timeout":5,"retryNum":2},{"id":"com.huawei.eDataMate.operators.txt_extractor_plugin","timeout":5,"retryNum":2},{"id":"com.huawei.eDataMate.operators.html_extractor_plugin","timeout":5,"retryNum":2}],"retryNum":2},"joberFilter":{"threshold":1,"type":"BATCH_FILTER"},"moveable":false,"namespace":"flowable","oldId":"aqg59b","pad":6,"preInShared":"","rotateAble":false,"runningTask":0,"selectable":true,"task":{},"text":[{"attributes":{"id":"l6p34f"},"name":"paragraph","children":[{"data":"文本抽取"}],"x":619,"y":746,"width":48,"height":18}],"textInnerHtml":"<p id=\"l6p34f\">文本抽取</p>","triggerMode":"auto","type":"state","updateTime":{"$date":"2024-02-29T03:23:37.331Z"},"updateUser":"a3000","version":"1.0.0","warningTask":0,"width":63,"x":653,"y":384,"container":"elsa-page:2qqzqe"},{"id":"37or0v","allowLink":false,"backColor":"white","beginArrow":false,"beginArrowEmpty":false,"beginArrowSize":4,"bold":false,"borderWidth":1,"createTime":{"$date":"2024-02-20T09:04:07.606Z"},"createUser":"a3000","curvePoint1":{"x":0,"y":0},"curvePoint2":{"x":0,"y":0},"dashWidth":0,"definedFromConnector":"E","definedToConnector":"","dirty":true,"endArrow":true,"endArrowEmpty":false,"endArrowSize":4,"endpointOffsetX":0,"endpointOffsetY":0,"fromShape":"2wssnl","hAlign":"center","height":0,"hideText":false,"index":115,"isDeleted":false,"italic":false,"lineMode":{"type":"broken"},"lineWidth":2,"margin":30,"moveable":false,"namespace":"flowable","oldId":"cjl5kq","pad":0,"selectable":true,"text":"","textInnerHtml":"<p id=\"c8cc3q\"><br data-cke-filler=\"true\"></p>","textX":0,"textY":0,"toShape":"j1il88","type":"event","updateTime":{"$date":"2024-02-29T03:23:37.331Z"},"updateUser":"a3000","version":"1.0.0","width":87,"x":408,"y":399,"container":"elsa-page:2qqzqe"},{"id":"exxsgd","allowLink":false,"backColor":"white","beginArrow":false,"beginArrowEmpty":false,"beginArrowSize":4,"bold":false,"borderWidth":1,"createTime":{"$date":"2024-02-20T09:04:07.606Z"},"createUser":"a3000","curvePoint1":{"x":0,"y":0},"curvePoint2":{"x":0,"y":0},"dashWidth":0,"definedFromConnector":"E","definedToConnector":"W","dirty":true,"endArrow":true,"endArrowEmpty":false,"endArrowSize":4,"endpointOffsetX":0,"endpointOffsetY":0,"fromShape":"j1il88","hAlign":"center","height":0,"hideText":false,"index":116,"isDeleted":false,"italic":false,"lineMode":{"type":"broken"},"lineWidth":2,"margin":30,"moveable":false,"namespace":"flowable","oldId":"vezztz","pad":0,"selectable":true,"text":"","textInnerHtml":"<p id=\"yb8f4z\"><br data-cke-filler=\"true\"></p>","textX":0,"textY":0,"toShape":"04znkf","type":"event","updateTime":{"$date":"2024-02-29T03:23:37.331Z"},"updateUser":"a3000","version":"1.0.0","width":95,"x":558,"y":399,"container":"elsa-page:2qqzqe"},{"id":"2wssnl","autoHeight":true,"autoWidth":true,"bold":false,"completedTask":0,"createTime":{"$date":"2024-02-20T09:04:07.606Z"},"createUser":"a3000","dirty":false,"enableAnimation":true,"height":30,"index":117,"isDeleted":false,"italic":false,"jober":{"fitables":["com.huawei.eDataMate.operators.obs_plugin.list_objects","fd04d6f24ecd4ebb8f889014a441cc63"],"fitablesConfig":[],"entity":{"code":"let context1 = entity{\n    .async = true;\n    .format = \"cbor\";\n    .id = \"com.huawei.eDataMate.operators.obs_plugin.list_objects\";\n    };\nlet f1 = fit::handleTask(context1);\nlet ans = ext::context >> f1;\nlet context2 = entity{\n\t.async = true;\n\t.format = \"cbor\";\n\t.id = \"fd04d6f24ecd4ebb8f889014a441cc63\";\n};\nlet f2 = fit::handleTask(context2);\nans >> f2"},"retryNum":2,"type":"ohscript_jober"},"joberFilter":{"threshold":1,"type":"BATCH_FILTER"},"moveable":false,"namespace":"flowable","oldId":"mvtrgh","pad":6,"rotateAble":false,"runningTask":0,"selectable":true,"text":"文件扫盘","triggerMode":"auto","type":"state","updateTime":{"$date":"2024-02-29T03:23:37.331Z"},"updateUser":"a3000","version":"1.0.0","warningTask":0,"width":43,"x":365,"y":384,"container":"elsa-page:2qqzqe"},{"id":"j1il88","autoHeight":true,"autoWidth":true,"bold":false,"completedTask":0,"createTime":{"$date":"2024-02-20T09:04:07.606Z"},"createUser":"a3000","dirty":false,"enableAnimation":true,"height":30,"index":118,"isDeleted":false,"italic":false,"jober":{"fitables":["com.huawei.eDataMate.operators.obs_plugin.read_object"],"fitablesConfig":[],"entity":{"code":"let context1 = entity{\n    .id = \"com.huawei.eDataMate.operators.obs_plugin.read_object\";\n.async = true;\n.format = \"cbor\";\n};\nlet f1 = fit::handleTask(context1);\n\next::context >> f1"},"retryNum":2,"type":"ohscript_jober"},"joberFilter":{"threshold":1,"type":"BATCH_FILTER"},"moveable":false,"namespace":"flowable","oldId":"f72xad","pad":6,"rotateAble":false,"runningTask":0,"selectable":true,"text":"文件读取","triggerMode":"auto","type":"state","updateTime":{"$date":"2024-02-29T03:23:37.331Z"},"updateUser":"a3000","version":"1.0.0","warningTask":0,"width":63,"x":495,"y":384,"container":"elsa-page:2qqzqe"}],"index":0}]}', 'com.huawei.a3000', '2024-02-29 11:49:07.732', 'com.huawei.a3000', '2024-02-29 11:49:07.732', NULL, 'f') ON CONFLICT (id, version) DO NOTHING;

INSERT INTO "public"."flow_definition" ("definition_id", "meta_id", "name", "tenant", "version", "status", "graph", "created_by", "created_at") VALUES ('4448e1cc028e40c89b45be365c1f3f81', 'ba10e935c5a8438daef264636384ff7c', '文本清洗模板-OBS', '4b1f59a7ccdd4faf930f29b4f1f946b3', '1.0.0', 'active', '{"name": "文本清洗模板-OBS", "nodes": [{"to": "gk2jkh", "from": "cev52a", "name": "", "type": "event", "metaId": "1t4gh9"}, {"name": "文档过滤", "task": {}, "type": "state", "jober": {"type": "ohscript_jober", "entity": {"code": "let context1 = entity{\n    .id = \"com.huawei.eDataMate.operators.remove_file_with_short_or_long_length_plugin\";\n.async = true;\n.format = \"cbor\";\n};\nlet f1 = fit::handleTask(context1);\n\nlet context2 = entity{\n    .id = \"com.huawei.eDataMate.operators.file_with_high_repeat_word_rate_filter_plugin\";\n.async = true;\n.format = \"cbor\";\n};\nlet f2 = fit::handleTask(context2);\n\nlet context3 = entity{\n    .id = \"com.huawei.eDataMate.operators.file_with_high_repeat_phrase_rate_filter_plugin\";\n.async = true;\n.format = \"cbor\";\n};\nlet f3 = fit::handleTask(context3);\n\nlet context4 = entity{\n    .id = \"com.huawei.eDataMate.operators.file_with_high_special_char_rate_filter_plugin\";\n.async = true;\n.format = \"cbor\";\n};\nlet f4 = fit::handleTask(context4);\n\nlet context5 = entity{\n    .id = \"com.huawei.eDataMate.operators.remove_file_with_many_sensitive_words_plugin\";\n.async = true;\n.format = \"cbor\";\n};\nlet f5 = fit::handleTask(context5);\n\next::context >> f1 >> f2 >> f3 >> f4 >> f5", "retryNum": 2}, "fitables": ["com.huawei.eDataMate.operators.remove_file_with_short_or_long_length_plugin", "com.huawei.eDataMate.operators.file_with_high_repeat_word_rate_filter_plugin", "com.huawei.eDataMate.operators.file_with_high_repeat_phrase_rate_filter_plugin", "com.huawei.eDataMate.operators.file_with_high_special_char_rate_filter_plugin", "com.huawei.eDataMate.operators.remove_file_with_many_sensitive_words_plugin"], "retryNum": 2, "fitablesConfig": [{"id": "com.huawei.eDataMate.operators.remove_file_with_short_length_plugin", "timeout": 5, "retryNum": 2}]}, "metaId": "ajtebq", "taskFilter": {"threshold": 1}, "joberFilter": {"type": "BATCH_FILTER", "threshold": 1}, "triggerMode": "auto"}, {"to": "cev52a", "from": "5h6tfz", "name": "", "type": "event", "metaId": "lr1co1"}, {"name": "数据去重", "task": {}, "type": "state", "jober": {"type": "ohscript_jober", "entity": {"code": "let context1 = entity{\n    .id = \"com.huawei.eDataMate.operators.remove_duplicate_sentences_plugin\";\n.async = true;\n.format = \"cbor\";\n};\nlet f1 = fit::handleTask(context1);\n\nlet context2 = entity{\n    .id = \"com.huawei.eDataMate.operators.remove_duplicate_file_plugin\";\n.async = true;\n.format = \"cbor\";\n};\nlet f2 = fit::handleTask(context2);\n\next::context >> f1 >> f2", "retryNum": 2}, "fitables": ["com.huawei.eDataMate.operators.remove_duplicate_sentences_plugin", "com.huawei.eDataMate.operators.remove_duplicate_file_plugin"], "retryNum": 2, "fitablesConfig": [{"id": "com.huawei.eDataMate.operators.remove_duplicate_sentences_plugin", "timeout": 5, "retryNum": 2}]}, "metaId": "cev52a", "taskFilter": {"threshold": 1}, "joberFilter": {"type": "BATCH_FILTER", "threshold": 1}, "triggerMode": "auto"}, {"name": "异常清洗", "task": {}, "type": "state", "jober": {"type": "ohscript_jober", "entity": {"code": "let context1 = entity{\n    .id = \"com.huawei.eDataMate.operators.unicode_space_cleaner_plugin\";\n.async = true;\n.format = \"cbor\";\n};\nlet f1 = fit::handleTask(context1);\n\nlet context2 = entity{\n    .id = \"com.huawei.eDataMate.operators.extra_space_cleaner_plugin\";\n.async = true;\n.format = \"cbor\";\n};\nlet f2 = fit::handleTask(context2);\n\nlet context3 = entity{\n    .id = \"com.huawei.eDataMate.operators.full_width_characters_cleaner_plugin\";\n.async = true;\n.format = \"cbor\";\n};\nlet f3 = fit::handleTask(context3);\n\nlet context4 = entity{\n    .id = \"com.huawei.eDataMate.operators.invisible_characters_cleaner_plugin\";\n.async = true;\n.format = \"cbor\";\n};\nlet f4 = fit::handleTask(context4);\n\nlet context5 = entity{\n    .id = \"com.huawei.eDataMate.operators.content_cleaner_plugin\";\n.async = true;\n.format = \"cbor\";\n};\nlet f5 = fit::handleTask(context5);\n\nlet context6 = entity{\n    .id = \"com.huawei.eDataMate.operators.legend_cleaner_plugin\";\n.async = true;\n.format = \"cbor\";\n};\nlet f6 = fit::handleTask(context6);\n\nlet context7 = entity{\n    .id = \"com.huawei.eDataMate.operators.emoji_cleaner_plugin\";\n.async = true;\n.format = \"cbor\";\n};\nlet f7 = fit::handleTask(context7);\n\nlet context8 = entity{\n    .id = \"com.huawei.eDataMate.operators.html_tag_cleaner_plugin\";\n.async = true;\n.format = \"cbor\";\n};\nlet f8 = fit::handleTask(context8);\n\nlet context9 = entity{\n    .id = \"com.huawei.eDataMate.operators.traditional_chinese_plugin\";\n.async = true;\n.format = \"cbor\";\n};\nlet f9 = fit::handleTask(context9);\n\nlet context10 = entity{\n    .id = \"com.huawei.eDataMate.operators.garble_characters_cleaner_plugin\";\n.async = true;\n.format = \"cbor\";\n};\nlet f10 = fit::handleTask(context10);\n\next::context >> f1 >> f2 >> f3 >> f4 >> f5 >> f6 >> f7 >> f8 >> f9 >> f10", "order": "parallel", "retryNum": 2}, "fitables": ["com.huawei.eDataMate.operators.unicode_space_cleaner_plugin", "com.huawei.eDataMate.operators.extra_space_cleaner_plugin", "com.huawei.eDataMate.operators.full_width_characters_cleaner_plugin", "com.huawei.eDataMate.operators.invisible_characters_cleaner_plugin", "com.huawei.eDataMate.operators.content_cleaner_plugin", "com.huawei.eDataMate.operators.legend_cleaner_plugin", "com.huawei.eDataMate.operators.emoji_cleaner_plugin", "com.huawei.eDataMate.operators.html_tag_cleaner_plugin", "com.huawei.eDataMate.operators.traditional_chinese_plugin", "com.huawei.eDataMate.operators.garble_characters_cleaner_plugin"], "retryNum": 2, "fitablesConfig": [{"id": "com.huawei.eDataMate.operators.content_cleaner_plugin", "timeout": 5, "retryNum": 2}, {"id": "com.huawei.eDataMate.operators.legend_cleaner_plugin", "timeout": 5, "retryNum": 2}, {"id": "com.huawei.eDataMate.operators.full_width_characters_cleaner_plugin", "timeout": 5, "retryNum": 2}, {"id": "com.huawei.eDataMate.operators.invisible_characters_cleaner_plugin", "timeout": 5, "retryNum": 2}, {"id": "com.huawei.eDataMate.operators.unicode_space_cleaner_plugin", "timeout": 5, "retryNum": 2}, {"id": "com.huawei.eDataMate.operators.extra_space_cleaner_plugin", "timeout": 5, "retryNum": 2}, {"id": "com.huawei.eDataMate.operators.traditional_chinese_plugin", "timeout": 5, "retryNum": 2}, {"id": "com.huawei.eDataMate.operators.emoji_cleaner_plugin", "timeout": 5, "retryNum": 2}, {"id": "com.huawei.eDataMate.operators.html_tag_cleaner_plugin", "timeout": 5, "retryNum": 2}]}, "metaId": "5h6tfz", "taskFilter": {"threshold": 1}, "joberFilter": {"type": "BATCH_FILTER", "threshold": 1}, "triggerMode": "auto"}, {"name": "特殊词替换", "task": {}, "type": "state", "jober": {"type": "ohscript_jober", "entity": {"code": "let context1 = entity{\n    .async = true; .format = \"cbor\"; .id = \"com.huawei.eDataMate.operators.url_cleaner_plugin\";\n};\nlet f1 = fit::handleTask(context1);\n\nlet context2 = entity{\n    .async = true; .format = \"cbor\"; .id = \"com.huawei.eDataMate.operators.sexual_and_violent_word_cleaner_plugin\";\n};\nlet f2 = fit::handleTask(context2);\n\nlet context3 = entity{\n    .async = true; .format = \"cbor\"; .id = \"com.huawei.eDataMate.operators.political_word_cleaner_plugin\";\n};\nlet f3 = fit::handleTask(context3);\n\nlet context4 = entity{\n    .async = true; .format = \"cbor\"; .id = \"com.huawei.eDataMate.operators.phone_number_cleaner_plugin\";\n};\nlet f4 = fit::handleTask(context4);\n\nlet context5 = entity{\n    .async = true; .format = \"cbor\"; .id = \"com.huawei.eDataMate.operators.credit_card_number_cleaner_plugin\";\n};\nlet f5 = fit::handleTask(context5);\n\nlet context6 = entity{\n    .async = true; .format = \"cbor\"; .id = \"com.huawei.eDataMate.operators.email_cleaner_plugin\";\n};\nlet f6 = fit::handleTask(context6);\n\nlet context7 = entity{\n    .async = true; .format = \"cbor\"; .id = \"com.huawei.eDataMate.operators.ip_address_cleaner_plugin\";\n};\nlet f7 = fit::handleTask(context7);\n\nlet context8 = entity{\n    .async = true; .format = \"cbor\"; .id = \"com.huawei.eDataMate.operators.id_number_cleaner_plugin\";\n};\nlet f8 = fit::handleTask(context8);\n\next::context >> f1 >> f2 >> f3 >> f4 >> f5 >> f6 >> f7 >> f8", "order": "parallel", "retryNum": 2}, "fitables": ["com.huawei.eDataMate.operators.url_cleaner_plugin", "com.huawei.eDataMate.operators.sexual_and_violent_word_cleaner_plugin", "com.huawei.eDataMate.operators.political_word_cleaner_plugin", "com.huawei.eDataMate.operators.phone_number_cleaner_plugin", "com.huawei.eDataMate.operators.credit_card_number_cleaner_plugin", "com.huawei.eDataMate.operators.email_cleaner_plugin", "com.huawei.eDataMate.operators.ip_address_cleaner_plugin", "com.huawei.eDataMate.operators.id_number_cleaner_plugin"], "retryNum": 2, "fitablesConfig": [{"id": "com.huawei.eDataMate.operators.url_cleaner_plugin", "timeout": 5, "retryNum": 2}, {"id": "com.huawei.eDataMate.operators.sexual_and_violent_word_cleaner_plugin", "timeout": 5, "retryNum": 2}, {"id": "com.huawei.eDataMate.operators.political_word_cleaner_plugin", "timeout": 5, "retryNum": 2}, {"id": "com.huawei.eDataMate.operators.phone_number_cleaner_plugin", "timeout": 5, "retryNum": 2}, {"id": "com.huawei.eDataMate.operators.credit_card_number_cleaner_plugin", "timeout": 5, "retryNum": 2}, {"id": "com.huawei.eDataMate.operators.email_cleaner_plugin", "timeout": 5, "retryNum": 2}, {"id": "com.huawei.eDataMate.operators.ip_address_cleaner_plugin", "timeout": 5, "retryNum": 2}, {"id": "com.huawei.eDataMate.operators.id_number_cleaner_plugin", "timeout": 5, "retryNum": 2}]}, "metaId": "gk2jkh", "taskFilter": {"threshold": 1}, "joberFilter": {"type": "BATCH_FILTER", "threshold": 1}, "triggerMode": "auto"}, {"to": "r8lycl", "from": "gk2jkh", "name": "", "type": "event", "metaId": "t4u2fg"}, {"to": "nuz7or", "from": "r8lycl", "name": "", "type": "event", "metaId": "gl22sy"}, {"name": "文件落盘", "task": {"entity": {"retryNum": 2}, "fitables": []}, "type": "state", "jober": {"type": "ohscript_jober", "entity": {"code": "let context1 = entity{\n    .id = \"com.huawei.eDataMate.operators.persist_file_plugin\";\n.async = true;\n.format = \"cbor\";\n};\nlet f1 = fit::handleTask(context1);\n\nlet context2 = entity{\n    .id = \"6a6084c0d1e243e7b327cb1a0ba068e2\";\n.async = true;\n.format = \"cbor\";\n};\nlet f2 = fit::handleTask(context2);\n\nlet ans = ext::context >> f1;\nans.get(0).put(\"contextData\", ext::context.get(0).get(\"contextData\"));\nans >> f2", "order": "parallel", "retryNum": 2}, "fitables": ["com.huawei.eDataMate.operators.persist_file_plugin", "6a6084c0d1e243e7b327cb1a0ba068e2"], "retryNum": 2, "fitablesConfig": [{"id": "com.huawei.eDataMate.operators.localized_file_plugin", "timeout": 5, "retryNum": 2}, {"id": "6a6084c0d1e243e7b327cb1a0ba068e2", "timeout": 5, "retryNum": 2}]}, "metaId": "r8lycl", "taskFilter": {"threshold": 1}, "joberFilter": {"type": "BATCH_FILTER", "threshold": 1}, "triggerMode": "auto"}, {"name": "结束", "type": "end", "metaId": "nuz7or", "triggerMode": "auto"}, {"to": "ajtebq", "from": "04znkf", "name": "", "type": "event", "metaId": "nbxenn"}, {"name": "开始", "type": "start", "metaId": "slstob", "triggerMode": "auto"}, {"to": "2wssnl", "from": "slstob", "name": "", "type": "event", "metaId": "hbfnki"}, {"to": "5h6tfz", "from": "ajtebq", "name": "", "type": "event", "metaId": "ncbfou"}, {"name": "文本抽取", "task": {}, "type": "state", "jober": {"type": "ohscript_jober", "entity": {"code": "var type = ext::context.get(0).get(\"passData\").get(\"meta\").get(\"fileType\");\n\nif(type==\"pdf\"){\n    let context1 = entity{\n        .async = true; .format = \"cbor\"; .id = \"com.huawei.eDataMate.operators.pdf_extractor_plugin\";\n    };\n    let f1 = fit::handleTask(context1);\n    ext::context >> f1\n}\n\nif (type == \"word\") {\n    let context1 = entity{\n        .async = true; .format = \"cbor\"; .id = \"com.huawei.eDataMate.operators.word_extractor_plugin\";\n    };\n    let f1 = fit::handleTask(context1);\n    ext::context >> f1\n}\n\nif (type == \"md\") {\n    let context1 = entity{\n        .async = true; .format = \"cbor\"; .id = \"com.huawei.eDataMate.operators.md_extractor_plugin\";\n    };\n    let f1 = fit::handleTask(context1);\n    ext::context >> f1\n}\n\nif (type == \"markdown\") {\n    let context1 = entity{\n        .async = true; .format = \"cbor\"; .id = \"com.huawei.eDataMate.operators.md_extractor_plugin\";\n    };\n    let f1 = fit::handleTask(context1);\n    ext::context >> f1\n}\n\nif (type == \"xml\") {\n    let context1 = entity{\n        .async = true; .format = \"cbor\"; .id = \"com.huawei.eDataMate.operators.xml_extractor_plugin\";\n    };\n    let f1 = fit::handleTask(context1);\n    ext::context >> f1\n}\n\nif (type == \"html\") {\n    let context1 = entity{\n        .async = true; .format = \"cbor\"; .id = \"com.huawei.eDataMate.operators.html_extractor_plugin\";\n    };\n    let f1 = fit::handleTask(context1);\n    ext::context >> f1\n}\n\nif (type == \"txt\") {\n    let context1 = entity{\n        .async = true; .format = \"cbor\"; .id = \"com.huawei.eDataMate.operators.txt_extractor_plugin\";\n    };\n    let f1 = fit::handleTask(context1);\n    ext::context >> f1\n} else {\n        let context1 = entity{\n        .async = true; .format = \"cbor\"; .id = \"5abc15280ea44cada216e094e3a76937\";\n    };\n    let f1 = fit::handleTask(context1);\n    ext::context >> f1\n}", "order": "parallel", "retryNum": 2}, "fitables": ["com.huawei.eDataMate.operators.pdf_extractor_plugin", "com.huawei.eDataMate.operators.word_extractor_plugin", "com.huawei.eDataMate.operators.md_extractor_plugin", "com.huawei.eDataMate.operators.xml_extractor_plugin", "com.huawei.eDataMate.operators.txt_extractor_plugin", "com.huawei.eDataMate.operators.html_extractor_plugin"], "retryNum": 2, "fitablesConfig": [{"id": "com.huawei.eDataMate.operators.pdf_extractor_plugin", "timeout": 5, "retryNum": 2}, {"id": "com.huawei.eDataMate.operators.word_extractor_plugin", "timeout": 5, "retryNum": 2}, {"id": "com.huawei.eDataMate.operators.md_extractor_plugin", "timeout": 5, "retryNum": 2}, {"id": "com.huawei.eDataMate.operators.xml_extractor_plugin", "timeout": 5, "retryNum": 2}, {"id": "com.huawei.eDataMate.operators.txt_extractor_plugin", "timeout": 5, "retryNum": 2}, {"id": "com.huawei.eDataMate.operators.html_extractor_plugin", "timeout": 5, "retryNum": 2}]}, "metaId": "04znkf", "joberFilter": {"type": "BATCH_FILTER", "threshold": 1}, "triggerMode": "auto"}, {"to": "j1il88", "from": "2wssnl", "name": "", "type": "event", "metaId": "37or0v"}, {"to": "04znkf", "from": "j1il88", "name": "", "type": "event", "metaId": "exxsgd"}, {"name": "文件扫盘", "type": "state", "jober": {"type": "ohscript_jober", "entity": {"code": "let context1 = entity{\n    .async = true;\n    .format = \"cbor\";\n    .id = \"com.huawei.eDataMate.operators.obs_plugin.list_objects\";\n    };\nlet f1 = fit::handleTask(context1);\nlet ans = ext::context >> f1;\nlet context2 = entity{\n\t.async = true;\n\t.format = \"cbor\";\n\t.id = \"fd04d6f24ecd4ebb8f889014a441cc63\";\n};\nlet f2 = fit::handleTask(context2);\nans >> f2"}, "fitables": ["com.huawei.eDataMate.operators.obs_plugin.list_objects", "fd04d6f24ecd4ebb8f889014a441cc63"], "retryNum": 2, "fitablesConfig": []}, "metaId": "2wssnl", "joberFilter": {"type": "BATCH_FILTER", "threshold": 1}, "triggerMode": "auto"}, {"name": "文件读取", "type": "state", "jober": {"type": "ohscript_jober", "entity": {"code": "let context1 = entity{\n    .id = \"com.huawei.eDataMate.operators.obs_plugin.read_object\";\n.async = true;\n.format = \"cbor\";\n};\nlet f1 = fit::handleTask(context1);\n\next::context >> f1"}, "fitables": ["com.huawei.eDataMate.operators.obs_plugin.read_object"], "retryNum": 2, "fitablesConfig": []}, "metaId": "j1il88", "joberFilter": {"type": "BATCH_FILTER", "threshold": 1}, "triggerMode": "auto"}], "metaId": "ba10e935c5a8438daef264636384ff7c", "status": "active", "version": "1.0.0"}', 'com.huawei.a3000', '2024-02-29 11:49:03.863') ON CONFLICT (definition_id) DO NOTHING;

INSERT INTO "public"."tag_usage" ("id", "tag_id", "object_type", "object_id", "created_by", "created_at") VALUES ('9a3743e46435498789373f7bac94208e', '426fb6ea353b44e7958ff7cc96d7b5e6', 'FLOW GRAPH', 'ba10e935c5a8438daef264636384ff7c', 'com.huawei.a3000', '2024-02-29 03:49:03.082') ON CONFLICT (id) DO NOTHING;

INSERT INTO "public"."fitable_usage" ("fitable_id", "definition_id") VALUES ('6a6084c0d1e243e7b327cb1a0ba068e2', '4448e1cc028e40c89b45be365c1f3f81') ON CONFLICT (fitable_id, definition_id) DO NOTHING;
INSERT INTO "public"."fitable_usage" ("fitable_id", "definition_id") VALUES ('com.huawei.eDataMate.operators.pdf_extractor_plugin', '4448e1cc028e40c89b45be365c1f3f81') ON CONFLICT (fitable_id, definition_id) DO NOTHING;
INSERT INTO "public"."fitable_usage" ("fitable_id", "definition_id") VALUES ('com.huawei.eDataMate.operators.txt_extractor_plugin', '4448e1cc028e40c89b45be365c1f3f81') ON CONFLICT (fitable_id, definition_id) DO NOTHING;
INSERT INTO "public"."fitable_usage" ("fitable_id", "definition_id") VALUES ('com.huawei.eDataMate.operators.emoji_cleaner_plugin', '4448e1cc028e40c89b45be365c1f3f81') ON CONFLICT (fitable_id, definition_id) DO NOTHING;
INSERT INTO "public"."fitable_usage" ("fitable_id", "definition_id") VALUES ('com.huawei.eDataMate.operators.remove_duplicate_sentences_plugin', '4448e1cc028e40c89b45be365c1f3f81') ON CONFLICT (fitable_id, definition_id) DO NOTHING;
INSERT INTO "public"."fitable_usage" ("fitable_id", "definition_id") VALUES ('com.huawei.eDataMate.operators.html_extractor_plugin', '4448e1cc028e40c89b45be365c1f3f81') ON CONFLICT (fitable_id, definition_id) DO NOTHING;
INSERT INTO "public"."fitable_usage" ("fitable_id", "definition_id") VALUES ('com.huawei.eDataMate.operators.sexual_and_violent_word_cleaner_plugin', '4448e1cc028e40c89b45be365c1f3f81') ON CONFLICT (fitable_id, definition_id) DO NOTHING;
INSERT INTO "public"."fitable_usage" ("fitable_id", "definition_id") VALUES ('com.huawei.eDataMate.operators.md_extractor_plugin', '4448e1cc028e40c89b45be365c1f3f81') ON CONFLICT (fitable_id, definition_id) DO NOTHING;
INSERT INTO "public"."fitable_usage" ("fitable_id", "definition_id") VALUES ('com.huawei.eDataMate.operators.invisible_characters_cleaner_plugin', '4448e1cc028e40c89b45be365c1f3f81') ON CONFLICT (fitable_id, definition_id) DO NOTHING;
INSERT INTO "public"."fitable_usage" ("fitable_id", "definition_id") VALUES ('com.huawei.eDataMate.operators.legend_cleaner_plugin', '4448e1cc028e40c89b45be365c1f3f81') ON CONFLICT (fitable_id, definition_id) DO NOTHING;
INSERT INTO "public"."fitable_usage" ("fitable_id", "definition_id") VALUES ('com.huawei.eDataMate.operators.id_number_cleaner_plugin', '4448e1cc028e40c89b45be365c1f3f81') ON CONFLICT (fitable_id, definition_id) DO NOTHING;
INSERT INTO "public"."fitable_usage" ("fitable_id", "definition_id") VALUES ('com.huawei.eDataMate.operators.obs_plugin.list_objects', '4448e1cc028e40c89b45be365c1f3f81') ON CONFLICT (fitable_id, definition_id) DO NOTHING;
INSERT INTO "public"."fitable_usage" ("fitable_id", "definition_id") VALUES ('com.huawei.eDataMate.operators.garble_characters_cleaner_plugin', '4448e1cc028e40c89b45be365c1f3f81') ON CONFLICT (fitable_id, definition_id) DO NOTHING;
INSERT INTO "public"."fitable_usage" ("fitable_id", "definition_id") VALUES ('com.huawei.eDataMate.operators.word_extractor_plugin', '4448e1cc028e40c89b45be365c1f3f81') ON CONFLICT (fitable_id, definition_id) DO NOTHING;
INSERT INTO "public"."fitable_usage" ("fitable_id", "definition_id") VALUES ('com.huawei.eDataMate.operators.extra_space_cleaner_plugin', '4448e1cc028e40c89b45be365c1f3f81') ON CONFLICT (fitable_id, definition_id) DO NOTHING;
INSERT INTO "public"."fitable_usage" ("fitable_id", "definition_id") VALUES ('com.huawei.eDataMate.operators.ip_address_cleaner_plugin', '4448e1cc028e40c89b45be365c1f3f81') ON CONFLICT (fitable_id, definition_id) DO NOTHING;
INSERT INTO "public"."fitable_usage" ("fitable_id", "definition_id") VALUES ('com.huawei.eDataMate.operators.file_with_high_repeat_phrase_rate_filter_plugin', '4448e1cc028e40c89b45be365c1f3f81') ON CONFLICT (fitable_id, definition_id) DO NOTHING;
INSERT INTO "public"."fitable_usage" ("fitable_id", "definition_id") VALUES ('com.huawei.eDataMate.operators.url_cleaner_plugin', '4448e1cc028e40c89b45be365c1f3f81') ON CONFLICT (fitable_id, definition_id) DO NOTHING;
INSERT INTO "public"."fitable_usage" ("fitable_id", "definition_id") VALUES ('com.huawei.eDataMate.operators.email_cleaner_plugin', '4448e1cc028e40c89b45be365c1f3f81') ON CONFLICT (fitable_id, definition_id) DO NOTHING;
INSERT INTO "public"."fitable_usage" ("fitable_id", "definition_id") VALUES ('com.huawei.eDataMate.operators.persist_file_plugin', '4448e1cc028e40c89b45be365c1f3f81') ON CONFLICT (fitable_id, definition_id) DO NOTHING;
INSERT INTO "public"."fitable_usage" ("fitable_id", "definition_id") VALUES ('com.huawei.eDataMate.operators.traditional_chinese_plugin', '4448e1cc028e40c89b45be365c1f3f81') ON CONFLICT (fitable_id, definition_id) DO NOTHING;
INSERT INTO "public"."fitable_usage" ("fitable_id", "definition_id") VALUES ('com.huawei.eDataMate.operators.obs_plugin.read_object', '4448e1cc028e40c89b45be365c1f3f81') ON CONFLICT (fitable_id, definition_id) DO NOTHING;
INSERT INTO "public"."fitable_usage" ("fitable_id", "definition_id") VALUES ('com.huawei.eDataMate.operators.full_width_characters_cleaner_plugin', '4448e1cc028e40c89b45be365c1f3f81') ON CONFLICT (fitable_id, definition_id) DO NOTHING;
INSERT INTO "public"."fitable_usage" ("fitable_id", "definition_id") VALUES ('fd04d6f24ecd4ebb8f889014a441cc63', '4448e1cc028e40c89b45be365c1f3f81') ON CONFLICT (fitable_id, definition_id) DO NOTHING;
INSERT INTO "public"."fitable_usage" ("fitable_id", "definition_id") VALUES ('com.huawei.eDataMate.operators.html_tag_cleaner_plugin', '4448e1cc028e40c89b45be365c1f3f81') ON CONFLICT (fitable_id, definition_id) DO NOTHING;
INSERT INTO "public"."fitable_usage" ("fitable_id", "definition_id") VALUES ('com.huawei.eDataMate.operators.remove_file_with_many_sensitive_words_plugin', '4448e1cc028e40c89b45be365c1f3f81') ON CONFLICT (fitable_id, definition_id) DO NOTHING;
INSERT INTO "public"."fitable_usage" ("fitable_id", "definition_id") VALUES ('com.huawei.eDataMate.operators.credit_card_number_cleaner_plugin', '4448e1cc028e40c89b45be365c1f3f81') ON CONFLICT (fitable_id, definition_id) DO NOTHING;
INSERT INTO "public"."fitable_usage" ("fitable_id", "definition_id") VALUES ('com.huawei.eDataMate.operators.remove_duplicate_file_plugin', '4448e1cc028e40c89b45be365c1f3f81') ON CONFLICT (fitable_id, definition_id) DO NOTHING;
INSERT INTO "public"."fitable_usage" ("fitable_id", "definition_id") VALUES ('com.huawei.eDataMate.operators.file_with_high_special_char_rate_filter_plugin', '4448e1cc028e40c89b45be365c1f3f81') ON CONFLICT (fitable_id, definition_id) DO NOTHING;
INSERT INTO "public"."fitable_usage" ("fitable_id", "definition_id") VALUES ('com.huawei.eDataMate.operators.xml_extractor_plugin', '4448e1cc028e40c89b45be365c1f3f81') ON CONFLICT (fitable_id, definition_id) DO NOTHING;
INSERT INTO "public"."fitable_usage" ("fitable_id", "definition_id") VALUES ('com.huawei.eDataMate.operators.file_with_high_repeat_word_rate_filter_plugin', '4448e1cc028e40c89b45be365c1f3f81') ON CONFLICT (fitable_id, definition_id) DO NOTHING;
INSERT INTO "public"."fitable_usage" ("fitable_id", "definition_id") VALUES ('com.huawei.eDataMate.operators.phone_number_cleaner_plugin', '4448e1cc028e40c89b45be365c1f3f81') ON CONFLICT (fitable_id, definition_id) DO NOTHING;
INSERT INTO "public"."fitable_usage" ("fitable_id", "definition_id") VALUES ('com.huawei.eDataMate.operators.unicode_space_cleaner_plugin', '4448e1cc028e40c89b45be365c1f3f81') ON CONFLICT (fitable_id, definition_id) DO NOTHING;
INSERT INTO "public"."fitable_usage" ("fitable_id", "definition_id") VALUES ('com.huawei.eDataMate.operators.content_cleaner_plugin', '4448e1cc028e40c89b45be365c1f3f81') ON CONFLICT (fitable_id, definition_id) DO NOTHING;
INSERT INTO "public"."fitable_usage" ("fitable_id", "definition_id") VALUES ('com.huawei.eDataMate.operators.remove_file_with_short_or_long_length_plugin', '4448e1cc028e40c89b45be365c1f3f81') ON CONFLICT (fitable_id, definition_id) DO NOTHING;
INSERT INTO "public"."fitable_usage" ("fitable_id", "definition_id") VALUES ('com.huawei.eDataMate.operators.political_word_cleaner_plugin', '4448e1cc028e40c89b45be365c1f3f81') ON CONFLICT (fitable_id, definition_id) DO NOTHING;


INSERT INTO task ("id", "name", "tenant_id", "created_by", "created_at", "updated_by", "updated_at", "attributes") VALUES ('a657f09f7400486190373eea3b9597e9', 'A3000数据清洗', '30892136272c45128d0046b1a91cf5f7', 'A3000', '2023-10-27 17:04:08.907', 'A3000', '2023-11-08 15:36:41.032', '{}') ON CONFLICT (id) DO NOTHING;

INSERT INTO task_property ("id", "task_id", "name", "required", "description", "scope", "data_type", "sequence", "appearance", "identifiable") VALUES ('d0f1ba0c7d3f4d53a68dfc34358fc8e8', 'a657f09f7400486190373eea3b9597e9', 'priority', 'f', '', 'SYSTEM', 'TEXT', 11, '{"displayOrder":23,"visible":false,"modifiable":false,"name":"优先级","options":[{"text":"较低","value":"lower"},{"text":"普通","value":"ordinary"},{"text":"紧急","value":"urgent"},{"text":"非常紧急","value":"very_urgent"}],"config":{},"displayType":"radio"}', 'f') ON CONFLICT (id) DO NOTHING;
INSERT INTO task_property ("id", "task_id", "name", "required", "description", "scope", "data_type", "sequence", "appearance", "identifiable") VALUES ('99511624ae8a43a4ba00f9ed432184c8', 'a657f09f7400486190373eea3b9597e9', 'cleaning_data', 'f', '', 'PRIVATE', 'TEXT', 21, '{"displayOrder":13,"visible":false,"modifiable":false,"name":"清洗后数据量","options":[],"config":{},"displayType":"text"}', 'f') ON CONFLICT (id) DO NOTHING;
INSERT INTO task_property ("id", "task_id", "name", "required", "description", "scope", "data_type", "sequence", "appearance", "identifiable") VALUES ('150eb546c01b415eb17ded0fd4698b2d', 'a657f09f7400486190373eea3b9597e9', 'start_time', 'f', '', 'PRIVATE', 'TEXT', 20, '{"displayOrder":17,"visible":false,"modifiable":false,"name":"执行时间","options":[],"config":{},"displayType":"text"}', 'f') ON CONFLICT (id) DO NOTHING;
INSERT INTO task_property ("id", "task_id", "name", "required", "description", "scope", "data_type", "sequence", "appearance", "identifiable") VALUES ('4116ba076c2248f18875231d218cc50e', 'a657f09f7400486190373eea3b9597e9', 'data_set_id', 'f', '', 'PRIVATE', 'TEXT', 19, '{"displayOrder":1,"visible":false,"modifiable":false,"name":"数据集ID","options":[],"config":{},"displayType":"text"}', 'f') ON CONFLICT (id) DO NOTHING;
INSERT INTO task_property ("id", "task_id", "name", "required", "description", "scope", "data_type", "sequence", "appearance", "identifiable") VALUES ('e02a714fabdc4faf80174a060e8f7a7e', 'a657f09f7400486190373eea3b9597e9', 'flow_name', 'f', '', 'PRIVATE', 'TEXT', 15, '{"displayOrder":6,"visible":false,"modifiable":false,"name":"流程名称","options":[],"config":{},"displayType":"text"}', 'f') ON CONFLICT (id) DO NOTHING;
INSERT INTO task_property ("id", "task_id", "name", "required", "description", "scope", "data_type", "sequence", "appearance", "identifiable") VALUES ('13c2d9284e8d4c78a847b67d75997053', 'a657f09f7400486190373eea3b9597e9', 'status', 't', '', 'SYSTEM', 'TEXT', 7, '{"displayOrder":11,"visible":false,"modifiable":false,"name":"数据处理状态","options":[{"text":"未执行","value":"INIT","tags":"未开始","interaction":"normal"},{"text":"执行中","value":"RUNNING","tags":"处理中","interaction":"normal"},{"text":"已完成","value":"FINISHED","tags":"已完成","interaction":"normal"},{"text":"执行失败","value":"FAILED","tags":"已完成","interaction":"normal"},{"text":"已终止","value":"TERMINATE","tags":"已完成","interaction":"normal"}],"config":{},"displayType":"select","categoryTriggers":[{"category":"未开始","fitableIds":[]},{"category":"处理中","fitableIds":[]},{"category":"已完成","fitableIds":[]}]}', 'f') ON CONFLICT (id) DO NOTHING;
INSERT INTO task_property ("id", "task_id", "name", "required", "description", "scope", "data_type", "sequence", "appearance", "identifiable") VALUES ('5741e84e486b43449fab7a89de12b471', 'a657f09f7400486190373eea3b9597e9', 'flow_context_id', 'f', '', 'PRIVATE', 'TEXT', 18, '{"displayOrder":9,"visible":false,"modifiable":false,"name":"最新流程实例ID","options":[],"config":{},"displayType":"text"}', 'f') ON CONFLICT (id) DO NOTHING;
INSERT INTO task_property ("id", "task_id", "name", "required", "description", "scope", "data_type", "sequence", "appearance", "identifiable") VALUES ('b19c052a1f12484eac4d6e0de5691b9b', 'a657f09f7400486190373eea3b9597e9', 'finish_time', 'f', '', 'SYSTEM', 'DATETIME', 3, '{"displayOrder":24,"visible":false,"modifiable":false,"name":"完成时间","options":null,"config":{},"displayType":"date"}', 'f') ON CONFLICT (id) DO NOTHING;
INSERT INTO task_property ("id", "task_id", "name", "required", "description", "scope", "data_type", "sequence", "appearance", "identifiable") VALUES ('4acdb04f7be74468958ca1834d3b4af3', 'a657f09f7400486190373eea3b9597e9', 'version', 'f', '', 'PRIVATE', 'TEXT', 13, '{"displayOrder":4,"visible":false,"modifiable":false,"name":"版本号","options":[],"config":{},"displayType":"text"}', 'f') ON CONFLICT (id) DO NOTHING;
INSERT INTO task_property ("id", "task_id", "name", "required", "description", "scope", "data_type", "sequence", "appearance", "identifiable") VALUES ('f967c0fc0db742d3919584ab7294a847', 'a657f09f7400486190373eea3b9597e9', 'origin_data', 'f', '', 'PRIVATE', 'TEXT', 14, '{"displayOrder":12,"visible":false,"modifiable":false,"name":"原数据量","options":[],"config":{},"displayType":"text"}', 'f') ON CONFLICT (id) DO NOTHING;
INSERT INTO task_property ("id", "task_id", "name", "required", "description", "scope", "data_type", "sequence", "appearance", "identifiable") VALUES ('0a70d6690f5d41789b2e4de86667eb99', 'a657f09f7400486190373eea3b9597e9', 'flow_id', 'f', '', 'PRIVATE', 'TEXT', 16, '{"displayOrder":5,"visible":false,"modifiable":false,"name":"流程ID","options":[],"config":{},"displayType":"text"}', 'f') ON CONFLICT (id) DO NOTHING;
INSERT INTO task_property ("id", "task_id", "name", "required", "description", "scope", "data_type", "sequence", "appearance", "identifiable") VALUES ('f5a147dd2296401ca3ba8f82dc8f8b61', 'a657f09f7400486190373eea3b9597e9', 'flow_version', 'f', '', 'PRIVATE', 'TEXT', 17, '{"displayOrder":7,"visible":false,"modifiable":false,"name":"流程版本","options":[],"config":{},"displayType":"text"}', 'f') ON CONFLICT (id) DO NOTHING;
INSERT INTO task_property ("id", "task_id", "name", "required", "description", "scope", "data_type", "sequence", "appearance", "identifiable") VALUES ('5704d3ec2b874d7bba3b21e9c351653c', 'a657f09f7400486190373eea3b9597e9', 'data_set_tar_path', 'f', '', 'PRIVATE', 'TEXT', 25, '{"displayOrder":27,"visible":false,"modifiable":false,"name":"清洗后数据集地址","options":[],"config":{},"displayType":"text"}', 'f') ON CONFLICT (id) DO NOTHING;
INSERT INTO task_property ("id", "task_id", "name", "required", "description", "scope", "data_type", "sequence", "appearance", "identifiable") VALUES ('661f17ea41ef4522acb30067927330d8', 'a657f09f7400486190373eea3b9597e9', 'description', 'f', '', 'PRIVATE', 'TEXT', 27, '{"displayOrder":29,"visible":false,"modifiable":false,"name":"数据清洗任务描述","options":[],"config":{},"displayType":"text"}', 'f') ON CONFLICT (id) DO NOTHING;
INSERT INTO task_property ("id", "task_id", "name", "required", "description", "scope", "data_type", "sequence", "appearance", "identifiable") VALUES ('7361563eb8f046348df0cdbaa5234a04', 'a657f09f7400486190373eea3b9597e9', 'file_num', 'f', '', 'PRIVATE', 'TEXT', 28, '{"displayOrder":30,"visible":false,"modifiable":false,"name":"文件数量","options":[],"config":{},"displayType":"text"}', 'f') ON CONFLICT (id) DO NOTHING;
INSERT INTO task_property ("id", "task_id", "name", "required", "description", "scope", "data_type", "sequence", "appearance", "identifiable") VALUES ('6f9c19f6c1f44c32b455523a5051ebd4', 'a657f09f7400486190373eea3b9597e9', 'progress_feedback', 'f', '', 'SYSTEM', 'TEXT', 9, '{"displayOrder":21,"visible":false,"modifiable":false,"name":"进展反馈","options":[],"config":{"modalRelatedProps":["progress_feedback"]},"displayType":"textareaModal"}', 'f') ON CONFLICT (id) DO NOTHING;
INSERT INTO task_property ("id", "task_id", "name", "required", "description", "scope", "data_type", "sequence", "appearance", "identifiable") VALUES ('0042c373393e431b9fa874deee0fdd1b', 'a657f09f7400486190373eea3b9597e9', 'flow_config', 'f', '', 'PRIVATE', 'TEXT', 24, '{"displayOrder":8,"visible":false,"modifiable":false,"name":"流程运行时配置","options":[],"config":{},"displayType":"text"}', 'f') ON CONFLICT (id) DO NOTHING;
INSERT INTO task_property ("id", "task_id", "name", "required", "description", "scope", "data_type", "sequence", "appearance", "identifiable") VALUES ('bf88ae84948e4f3ba8340f604ff3aaed', 'a657f09f7400486190373eea3b9597e9', 'processed_num', 'f', '', 'PRIVATE', 'TEXT', 29, '{"displayOrder":31,"visible":false,"modifiable":false,"name":"处理过的文件数量","options":[],"config":{},"displayType":"text"}', 'f') ON CONFLICT (id) DO NOTHING;
INSERT INTO task_property ("id", "task_id", "name", "required", "description", "scope", "data_type", "sequence", "appearance", "identifiable") VALUES ('def0d8a461974d409249366d20c94836', 'a657f09f7400486190373eea3b9597e9', 'owner', 't', '', 'SYSTEM', 'TEXT', 4, '{"displayOrder":18,"visible":false,"modifiable":false,"name":"责任人","options":[],"config":{},"displayType":"person"}', 'f') ON CONFLICT (id) DO NOTHING;
INSERT INTO task_property ("id", "task_id", "name", "required", "description", "scope", "data_type", "sequence", "appearance", "identifiable") VALUES ('034a01866bc2420685c7ea380a19b9eb', 'a657f09f7400486190373eea3b9597e9', 'created_by', 't', '', 'SYSTEM', 'TEXT', 5, '{"displayOrder":14,"visible":false,"modifiable":false,"name":"创建人","options":[],"config":{},"displayType":"text"}', 'f') ON CONFLICT (id) DO NOTHING;
INSERT INTO task_property ("id", "task_id", "name", "required", "description", "scope", "data_type", "sequence", "appearance", "identifiable") VALUES ('f5763a6bf3944a01aae0e247e5412201', 'a657f09f7400486190373eea3b9597e9', 'risk', 'f', '', 'SYSTEM', 'TEXT', 10, '{"displayOrder":22,"visible":false,"modifiable":false,"name":"健康状态","options":[{"text":"正常","value":"normal","tags":"无风险"},{"text":"风险","value":"risk","tags":"风险"},{"text":"阻塞","value":"blocking","tags":"风险"}],"config":{},"displayType":"select","categoryTriggers":[{"category":"风险","fitableIds":[]},{"category":"无风险","fitableIds":[]}]}', 'f') ON CONFLICT (id) DO NOTHING;
INSERT INTO task_property ("id", "task_id", "name", "required", "description", "scope", "data_type", "sequence", "appearance", "identifiable") VALUES ('280519a9830d4f3ead6c1a1bd5173501', 'a657f09f7400486190373eea3b9597e9', 'id', 't', '', 'SYSTEM', 'TEXT', 1, '{"displayOrder":0,"visible":false,"modifiable":false,"name":"任务ID","options":[],"config":{},"displayType":"text"}', 't') ON CONFLICT (id) DO NOTHING;
INSERT INTO task_property ("id", "task_id", "name", "required", "description", "scope", "data_type", "sequence", "appearance", "identifiable") VALUES ('fd8be11d0ce24ac18068ac2eb05441a6', 'a657f09f7400486190373eea3b9597e9', 'decomposed_from', 'f', '', 'SYSTEM', 'TEXT', 2, '{"displayOrder":26,"visible":false,"modifiable":false,"name":"父级编号","options":[],"config":{},"displayType":"text"}', 'f') ON CONFLICT (id) DO NOTHING;
INSERT INTO task_property ("id", "task_id", "name", "required", "description", "scope", "data_type", "sequence", "appearance", "identifiable") VALUES ('d834ef6678c741f0a366b755cd14e911', 'a657f09f7400486190373eea3b9597e9', 'title', 't', '', 'SYSTEM', 'TEXT', 3, '{"displayOrder":2,"visible":false,"modifiable":false,"name":"数据集名称","options":[],"config":{},"displayType":"text"}', 'f') ON CONFLICT (id) DO NOTHING;
INSERT INTO task_property ("id", "task_id", "name", "required", "description", "scope", "data_type", "sequence", "appearance", "identifiable") VALUES ('b3ef00d303cb4af698a8ba4661674791', 'a657f09f7400486190373eea3b9597e9', 'target_url', 'f', '', 'SYSTEM', 'TEXT', 8, '{"displayOrder":20,"visible":false,"modifiable":false,"name":"跳转URL","options":[],"config":{},"displayType":"text"}', 'f') ON CONFLICT (id) DO NOTHING;
INSERT INTO task_property ("id", "task_id", "name", "required", "description", "scope", "data_type", "sequence", "appearance", "identifiable") VALUES ('48a2c2ffd3a14081abc59030aa2a5bb1', 'a657f09f7400486190373eea3b9597e9', 'progress_percent', 'f', '', 'PRIVATE', 'TEXT', 23, '{"displayOrder":10,"visible":false,"modifiable":false,"name":"数据处理百分比","options":[],"config":{},"displayType":"text"}', 'f') ON CONFLICT (id) DO NOTHING;
INSERT INTO task_property ("id", "task_id", "name", "required", "description", "scope", "data_type", "sequence", "appearance", "identifiable") VALUES ('2d6388fed617455a902de0be2999c9e3', 'a657f09f7400486190373eea3b9597e9', 'tag', 'f', '', 'SYSTEM', 'TEXT', 12, '{"displayOrder":25,"visible":false,"modifiable":false,"name":"标签","options":[],"config":{},"displayType":"text"}', 'f') ON CONFLICT (id) DO NOTHING;
INSERT INTO task_property ("id", "task_id", "name", "required", "description", "scope", "data_type", "sequence", "appearance", "identifiable") VALUES ('721781618d95451cafaa7e717043b3ac', 'a657f09f7400486190373eea3b9597e9', 'cleaning_version', 'f', '', 'PRIVATE', 'TEXT', 26, '{"displayOrder":28,"visible":false,"modifiable":false,"name":"清洗后数据集版本号","options":[],"config":{},"displayType":"text"}', 'f') ON CONFLICT (id) DO NOTHING;
INSERT INTO task_property ("id", "task_id", "name", "required", "description", "scope", "data_type", "sequence", "appearance", "identifiable") VALUES ('f7ebd4f689d04300a2b2bda4a0d64246', 'a657f09f7400486190373eea3b9597e9', 'data_set_path', 'f', '', 'PRIVATE', 'TEXT', 22, '{"displayOrder":3,"visible":false,"modifiable":false,"name":"数据集路径","options":[],"config":{},"displayType":"text"}', 'f') ON CONFLICT (id) DO NOTHING;
INSERT INTO task_property ("id", "task_id", "name", "required", "description", "scope", "data_type", "sequence", "appearance", "identifiable") VALUES ('37099797d1904d51a61fad2bc63e85f3', 'a657f09f7400486190373eea3b9597e9', 'created_date', 't', '', 'SYSTEM', 'DATETIME', 1, '{"displayOrder":16,"visible":false,"modifiable":false,"name":"创建时间","options":[],"config":{},"displayType":"date"}', 'f') ON CONFLICT (id) DO NOTHING;
INSERT INTO task_property ("id", "task_id", "name", "required", "description", "scope", "data_type", "sequence", "appearance", "identifiable") VALUES ('bbceda7b2c9949babb6ac2984ce08300', 'a657f09f7400486190373eea3b9597e9', 'modified_by', 't', '', 'SYSTEM', 'TEXT', 6, '{"displayOrder":15,"visible":false,"modifiable":false,"name":"执行人","options":[],"config":{},"displayType":"text"}', 'f') ON CONFLICT (id) DO NOTHING;
INSERT INTO task_property ("id", "task_id", "name", "required", "description", "scope", "data_type", "sequence", "appearance", "identifiable") VALUES ('ce3572739e904ea5be1158253d1ac20b', 'a657f09f7400486190373eea3b9597e9', 'modified_date', 't', '', 'SYSTEM', 'DATETIME', 2, '{"displayOrder":19,"visible":false,"modifiable":false,"name":"更新时间","options":[],"config":{},"displayType":"date"}', 'f') ON CONFLICT (id) DO NOTHING;
-- 1128新增
INSERT INTO "public"."task_property" ("id", "task_id", "name", "required", "description", "scope", "data_type", "sequence", "appearance", "identifiable") VALUES ('da58ba38410e4c7d8fdca7963caae63d', 'a657f09f7400486190373eea3b9597e9', 'task_name', 'f', '', 'PRIVATE', 'TEXT', 30, '{"id":"","name":"任务名称","nameEn":"task_name","description":null,"options":[],"type":"private","icon":null,"displayType":"text","isRequired":false,"displayOrder":33,"visible":false,"modifiable":false,"config":{},"taskPropertyHandlers":[],"isMultiple":true}', 'f') ON CONFLICT (id) DO NOTHING;
INSERT INTO "public"."task_property" ("id", "task_id", "name", "required", "description", "scope", "data_type", "sequence", "appearance", "identifiable") VALUES ('e833b9623b3c4a61bbc13a598915708e', 'a657f09f7400486190373eea3b9597e9', 'version_id', 'f', '', 'PRIVATE', 'TEXT', 31, '{"id":"","name":"数据集版本id","nameEn":"version_id","description":null,"options":[],"type":"private","icon":null,"displayType":"text","isRequired":false,"displayOrder":34,"visible":false,"modifiable":false,"config":{},"taskPropertyHandlers":[],"isMultiple":true}', 'f') ON CONFLICT (id) DO NOTHING;
-- 240227新增
INSERT INTO "public"."task_property" ("id", "task_id", "name", "required", "description", "scope", "data_type", "sequence", "appearance", "identifiable") VALUES ('844dc7d737aa4189883cd5c5c69e0514', 'a657f09f7400486190373eea3b9597e9', 'extensions', 'f', '', 'PRIVATE', 'TEXT', 32, '{"id":"","name":"扩展字段","nameEn":"extensions","description":null,"options":[],"type":"private","icon":null,"displayType":"text","isRequired":false,"displayOrder":35,"visible":false,"modifiable":false,"config":{},"taskPropertyHandlers":[],"isMultiple":true}', 'f') ON CONFLICT (id) DO NOTHING;
--240315新增
INSERT INTO "public"."task_property" ("id", "task_id", "name", "required", "description", "scope", "data_type", "sequence", "appearance", "identifiable") VALUES ('d655ed8a03d64f8c86d006b855f4badd', 'a657f09f7400486190373eea3b9597e9', 'datasetType', 'f', '', 'PRIVATE', 'TEXT', 33, '{"id":"","name":"数据集类型","nameEn":"datasetType","description":null,"options":[],"type":"private","icon":null,"displayType":"text","isRequired":false,"displayOrder":36,"visible":false,"modifiable":false,"config":{},"taskPropertyHandlers":[],"isMultiple":true}', 'f') ON CONFLICT (id) DO NOTHING;

-- 图片清洗
DELETE FROM flow_graph WHERE id = 'b6ad6545f54b4a0e9723d37e1c66f205' AND version = '1.0.0';
DELETE FROM flow_definition WHERE definition_id = 'daf540dc8d2842d581d35d7e74fe50e2';
DELETE FROM tag_usage WHERE id = 'df3c3fca611c4c58809d24a36ddf2b55';
DELETE FROM fitable_usage WHERE definition_id = 'daf540dc8d2842d581d35d7e74fe50e2';

DELETE FROM flow_graph WHERE id = 'b6ad6545f54b4a0e9723d37e1c66f205' AND version = '1.0.1';
DELETE FROM flow_definition WHERE definition_id = '82c245edc03142eb9b342821703f40c9';
DELETE FROM tag_usage WHERE id = '88da32430c41499cadf51cb51c55e679';
DELETE FROM fitable_usage WHERE definition_id = '82c245edc03142eb9b342821703f40c9';

DELETE FROM flow_graph WHERE id = '3e2e330632314ade8d6a5351c411e3f5' AND version = '1.0.0';
DELETE FROM flow_definition WHERE definition_id = '5941014f9d2b41b1a351de40874cbc4d';
DELETE FROM tag_usage WHERE id = '87c6a753ba42466793663ea845411c4e';
DELETE FROM fitable_usage WHERE definition_id = '5941014f9d2b41b1a351de40874cbc4d';
-- 图片清洗新模板
DELETE FROM flow_graph WHERE id = '58524c3593954f4b9dc9eec67e76e832' AND version = '1.0.0';
DELETE FROM flow_definition WHERE definition_id = 'c892b74aaa7e494a95225e16edf64904';
DELETE FROM tag_usage WHERE id = 'cc22783c3bfe445eb7a1b1181a07771d';
DELETE FROM fitable_usage WHERE definition_id = 'c892b74aaa7e494a95225e16edf64904';

DELETE FROM flow_graph WHERE id = '58524c3593954f4b9dc9eec67e76e832' AND version = '1.0.1';
DELETE FROM flow_definition WHERE definition_id = '141d95d7aabd4cc196ef56e41862f50b';
DELETE FROM tag_usage WHERE id = '61e09299392940d299dc8fe9706f1c83';
DELETE FROM fitable_usage WHERE definition_id = '141d95d7aabd4cc196ef56e41862f50b';

DELETE FROM flow_graph WHERE id = '58524c3593954f4b9dc9eec67e76e832' AND version = '1.0.2';
DELETE FROM flow_definition WHERE definition_id = 'f640890b5ded407199fabf306e28a38b';
DELETE FROM tag_usage WHERE id = '61e09299392940d299dc8fe9706f1c83';
DELETE FROM fitable_usage WHERE definition_id = 'f640890b5ded407199fabf306e28a38b';

DELETE FROM flow_graph WHERE id = '58524c3593954f4b9dc9eec67e76e832' AND version = '1.0.3';
DELETE FROM flow_definition WHERE definition_id = '7fc7e33495134147abda595447c59dfe';
DELETE FROM tag_usage WHERE id = '61e09299392940d299dc8fe9706f1c83';
DELETE FROM fitable_usage WHERE definition_id = '7fc7e33495134147abda595447c59dfe';

-- local
INSERT INTO "public"."flow_graph" ("id", "version", "tenant", "status", "name", "data", "created_by", "created_at", "updated_by", "updated_at", "previous", "is_deleted") VALUES ('8a755dce62d44b93ab04872401d201c1', '1.0.0', '4b1f59a7ccdd4faf930f29b4f1f946b3', 'active', '图片清洗模板-本地文件', '{"id":"8a755dce62d44b93ab04872401d201c1","title":"图片清洗模板-本地文件","createTime":{"$date":"2024-02-29T03:51:29.178Z"},"source":"elsa","type":"graph","tenant":"default","setting":{"borderColor":"steelblue","backColor":"whitesmoke","headColor":"steelblue","fontColor":"steelblue","captionfontColor":"whitesmoke","fontFace":"arial","captionfontFace":"arial black","fontSize":12,"captionfontSize":14,"fontStyle":"normal","captionfontStyle":"normal","fontWeight":"lighter","captionfontWeight":"lighter","hAlign":"center","vAlign":"top","captionhAlign":"center","lineHeight":1.5,"lineWidth":2,"captionlineHeight":1,"focusMargin":0,"focusBorderColor":"darkorange","focusFontColor":"darkorange","focusBackColor":"whitesmoke","mouseInColor":"orange","mouseInBorderColor":"orange","mouseInFontColor":"orange","mouseInBackColor":"whitesmoke","borderWidth":1,"globalAlpha":1,"backAlpha":0.15,"cornerRadius":4,"dashWidth":0,"autoText":false,"autoHeight":false,"autoWidth":false,"margin":25,"pad":10,"code":"","rotateDegree":0,"shadow":false,"shadowData":"2px 2px 4px","outstanding":false,"pDock":"none","dockMode":"none","priority":0,"infoType":{"next":"INFORMATION","name":"none"},"progressStatus":{"next":"UNKNOWN","color":"gray","name":"NONE"},"progressPercent":0.65,"showedProgress":false,"itemPad":[5,5,5,5],"itemScroll":{"x":0,"y":0},"scrollLock":{"x":false,"y":false},"resizeable":true,"selectable":true,"rotateAble":true,"editable":true,"moveable":true,"dragable":true,"visible":true,"deletable":true,"allowLink":true,"shared":false,"strikethrough":false,"underline":false,"numberedList":false,"bulletedList":false,"enableAnimation":false,"enableSocial":true,"emphasized":false,"bulletSpeed":1,"tag":{}},"pages":[{"type":"page","id":"elsa-page:tab3zn","text":"--","namespace":"elsa","x":0,"y":0,"width":2489,"height":1195,"bold":false,"italic":false,"dockAlign":"top","division":-1,"itemSpace":5,"itemPad":[0,0,0,0],"itemScroll":{"x":0,"y":0},"hideText":true,"dockMode":"none","shapesAs":{},"borderColor":"white","backColor":"white","fontSize":18,"fontFace":"arial","fontColor":"#ECD0A7","fontWeight":"bold","fontStyle":"normal","hAlign":"left","vAlign":"top","enableContextMenu":true,"moveable":true,"container":"elsa-page:tab3zn","dirty":false,"isPage":true,"mode":"configuration","shapes":[{"id":"7c03hf","version":"1.0.5","autoWidth":false,"bold":false,"borderWidth":0,"completedTask":0,"createTime":{"$date":"2024-01-26T06:53:51.709Z"},"createUser":"a3000","dirty":true,"enableAnimation":true,"height":30,"hideText":true,"index":100,"isDeleted":false,"italic":false,"margin":10,"namespace":"flowable","oldId":"nohilq","pad":6,"rotateAble":false,"runningTask":0,"text":"开始","triggerMode":"auto","type":"start","updateTime":{"$date":"2024-02-28T08:58:52.97Z"},"updateUser":"a3000","warningTask":0,"width":30,"x":199,"y":332.99955905598696,"container":"elsa-page:tab3zn"},{"id":"7m8091","version":"1.0.5","allowLink":false,"backColor":"white","beginArrow":false,"beginArrowEmpty":false,"beginArrowSize":4,"bold":false,"borderWidth":1,"createTime":{"$date":"2024-01-26T06:53:51.709Z"},"createUser":"a3000","curvePoint1":{"x":0,"y":0},"curvePoint2":{"x":0,"y":0},"dashWidth":0,"definedFromConnector":"E","definedToConnector":"","dirty":true,"endArrow":true,"endArrowEmpty":false,"endArrowSize":4,"endpointOffsetX":0,"endpointOffsetY":0,"fromShape":"7c03hf","hAlign":"center","height":5.684341886080802e-14,"hideText":false,"index":101,"isDeleted":false,"italic":false,"lineMode":{"type":"broken"},"lineWidth":2,"margin":29.99999999999997,"namespace":"flowable","oldId":"g6muoz","pad":0,"text":"","textInnerHtml":"<p id=\"uyunfd\"><br data-cke-filler=\"true\"></p>","textX":0,"textY":0,"toShape":"amud7c","type":"event","updateTime":{"$date":"2024-02-28T08:58:52.97Z"},"updateUser":"a3000","width":73,"x":229,"y":347.99955905598696,"container":"elsa-page:tab3zn"},{"id":"c539eq","version":"1.0.5","allowLink":false,"backColor":"white","beginArrow":false,"beginArrowEmpty":false,"beginArrowSize":4,"bold":false,"borderWidth":1,"createTime":{"$date":"2024-01-26T06:53:51.71Z"},"createUser":"a3000","curvePoint1":{"x":0,"y":0},"curvePoint2":{"x":0,"y":0},"dashWidth":0,"definedFromConnector":"E","definedToConnector":"","dirty":true,"endArrow":true,"endArrowEmpty":false,"endArrowSize":4,"endpointOffsetX":0,"endpointOffsetY":0,"fromShape":"amud7c","hAlign":"center","height":0.00044094401300753816,"hideText":false,"index":102,"isDeleted":false,"italic":false,"lineMode":{"type":"broken"},"lineWidth":2,"margin":29.999779527993498,"namespace":"flowable","oldId":"ir5y0q","pad":0,"text":"","textInnerHtml":"<p id=\"7ah33q\"><br data-cke-filler=\"true\"></p>","textX":0,"textY":0,"toShape":"b434cn","type":"event","updateTime":{"$date":"2024-02-28T08:58:52.97Z"},"updateUser":"a3000","width":78,"x":365,"y":347.999559055987,"container":"elsa-page:tab3zn"},{"id":"amud7c","version":"1.0.5","autoHeight":true,"autoWidth":true,"bold":false,"completedTask":0,"createTime":{"$date":"2024-01-26T06:53:51.71Z"},"createUser":"a3000","dirty":true,"enableAnimation":true,"height":30,"index":103,"isDeleted":false,"italic":false,"jober":{"fitables":["com.huawei.eDataMate.operators.local_scanner_plugin","fd04d6f24ecd4ebb8f889014a441cc63"],"fitablesConfig":[],"entity":{"code":"let context1 = entity{\n    .async = true;\n    .format = \"cbor\";\n    .id = \"com.huawei.eDataMate.operators.local_scanner_plugin\";\n    };\nlet f1 = fit::handleTask(context1);\nlet ans = ext::context >> f1;\nlet context2 = entity{\n\t.async = true;\n\t.format = \"cbor\";\n\t.id = \"fd04d6f24ecd4ebb8f889014a441cc63\";\n};\nlet f2 = fit::handleTask(context2);\nans >> f2"},"retryNum":2,"type":"ohscript_jober"},"joberFilter":{"threshold":1,"type":"BATCH_FILTER"},"namespace":"flowable","oldId":"3cruhx","pad":6,"rotateAble":false,"runningTask":0,"text":"文件扫盘","triggerMode":"auto","type":"state","updateTime":{"$date":"2024-02-28T08:58:52.969Z"},"updateUser":"a3000","warningTask":0,"width":63,"x":302,"y":332.999559055987,"container":"elsa-page:tab3zn"},{"id":"b434cn","version":"1.0.5","autoHeight":true,"autoWidth":true,"bold":false,"completedTask":0,"createTime":{"$date":"2024-01-26T06:53:51.71Z"},"createUser":"a3000","dirty":true,"enableAnimation":true,"height":30,"index":104,"isDeleted":false,"italic":false,"jober":{"fitables":["com.huawei.eDataMate.operators.read_file_plugin"],"fitablesConfig":[],"entity":{"code":"let context1 = entity{\n    .id = \"com.huawei.eDataMate.operators.read_file_plugin\";\n    .async = true;\n    .format = \"cbor\";\n};\nlet f1 = fit::handleTask(context1);\n\next::context >> f1"},"retryNum":2,"type":"ohscript_jober"},"joberFilter":{"threshold":1,"type":"BATCH_FILTER"},"namespace":"flowable","oldId":"gg15qe","pad":6,"rotateAble":false,"runningTask":0,"text":"文件读取","triggerMode":"auto","type":"state","updateTime":{"$date":"2024-02-28T08:58:52.97Z"},"updateUser":"a3000","warningTask":0,"width":63,"x":443,"y":333,"container":"elsa-page:tab3zn"},{"id":"ndyfb0","version":"1.0.5","allowLink":false,"backColor":"white","beginArrow":false,"beginArrowEmpty":false,"beginArrowSize":4,"bold":false,"borderWidth":1,"createTime":{"$date":"2024-01-26T07:28:31.263Z"},"createUser":"a3000","curvePoint1":{"x":0,"y":0},"curvePoint2":{"x":0,"y":0},"dashWidth":0,"definedFromConnector":"E","definedToConnector":"","dirty":true,"endArrow":true,"endArrowEmpty":false,"endArrowSize":4,"endpointOffsetX":0,"endpointOffsetY":0,"fromShape":"b434cn","hAlign":"center","height":0.0002204720065606125,"hideText":false,"index":105,"isDeleted":false,"italic":false,"lineMode":{"type":"broken"},"lineWidth":2,"margin":29.99988976399672,"namespace":"flowable","oldId":"gfa4as","pad":0,"text":"","textInnerHtml":"<p id=\"89viv4\"><br data-cke-filler=\"true\"></p>","textX":0,"textY":0,"toShape":"q2q1oq","type":"event","updateTime":{"$date":"2024-02-28T08:58:52.97Z"},"updateUser":"a3000","width":76,"x":506,"y":348,"container":"elsa-page:tab3zn"},{"id":"7qlxvy","version":"1.0.5","allowLink":false,"backColor":"white","beginArrow":false,"beginArrowEmpty":false,"beginArrowSize":4,"bold":false,"borderWidth":1,"createTime":{"$date":"2024-01-26T07:28:31.263Z"},"createUser":"a3000","curvePoint1":{"x":0,"y":0},"curvePoint2":{"x":0,"y":0},"dashWidth":0,"definedFromConnector":"E","definedToConnector":"","dirty":true,"endArrow":true,"endArrowEmpty":false,"endArrowSize":4,"endpointOffsetX":0,"endpointOffsetY":0,"fromShape":"q2q1oq","hAlign":"center","height":0.22047200655998723,"hideText":false,"index":106,"isDeleted":false,"italic":false,"lineMode":{"type":"broken"},"lineWidth":2,"margin":29.889763996720008,"namespace":"flowable","oldId":"7jbkfg","pad":0,"text":"","textInnerHtml":"<p id=\"a3gp2g\"><br data-cke-filler=\"true\"></p>","textX":0,"textY":0,"toShape":"riip7e","type":"event","updateTime":{"$date":"2024-02-28T08:58:52.969Z"},"updateUser":"a3000","width":85,"x":645,"y":348.00022047200658,"container":"elsa-page:tab3zn"},{"id":"alwapr","version":"1.0.5","allowLink":false,"backColor":"white","beginArrow":false,"beginArrowEmpty":false,"beginArrowSize":4,"bold":false,"borderWidth":1,"createTime":{"$date":"2024-01-26T07:28:31.263Z"},"createUser":"a3000","curvePoint1":{"x":0,"y":0},"curvePoint2":{"x":0,"y":0},"dashWidth":0,"definedFromConnector":"E","definedToConnector":"","dirty":true,"endArrow":true,"endArrowEmpty":false,"endArrowSize":4,"endpointOffsetX":0,"endpointOffsetY":0,"fromShape":"riip7e","hAlign":"center","height":0.22047200664002276,"hideText":false,"index":107,"isDeleted":false,"italic":false,"lineMode":{"type":"broken"},"lineWidth":2,"margin":29.88976399667999,"namespace":"flowable","oldId":"25ih6z","pad":0,"text":"","textInnerHtml":"<p id=\"k3ecks\"><br data-cke-filler=\"true\"></p>","textX":0,"textY":0,"toShape":"bjq7bz","type":"event","updateTime":{"$date":"2024-02-28T08:58:52.969Z"},"updateUser":"a3000","width":74,"x":793,"y":348.22069247856657,"container":"elsa-page:tab3zn"},{"id":"q2q1oq","version":"1.0.5","autoHeight":true,"autoWidth":true,"bold":false,"completedTask":0,"createTime":{"$date":"2024-01-26T07:28:31.263Z"},"createUser":"a3000","dirty":true,"enableAnimation":true,"height":30,"index":108,"isDeleted":false,"italic":false,"jober":{"fitables":["com.huawei.eDataMate.operators.img_blurred_images_cleaner_plugin","com.huawei.eDataMate.operators.img_advertisement_images_cleaner_plugin"],"fitablesConfig":[],"entity":{"code":"let context1 = entity{\n    .id = \"com.huawei.eDataMate.operators.img_blurred_images_cleaner_plugin\";\n    .async = true;\n    .format = \"cbor\";\n};\nlet f1 = fit::handleTask(context1);\n\nlet context2 = entity{\n    .id = \"com.huawei.eDataMate.operators.img_advertisement_images_cleaner_plugin\";\n.async = true;\n.format = \"cbor\";\n};\nlet f2 = fit::handleTask(context2);\n\next::context >> f1 >> f2"},"retryNum":2,"type":"ohscript_jober"},"joberFilter":{"threshold":1,"type":"BATCH_FILTER"},"namespace":"flowable","oldId":"6sldm8","pad":6,"rotateAble":false,"runningTask":0,"text":"图片过滤","triggerMode":"auto","type":"state","updateTime":{"$date":"2024-02-28T08:58:52.969Z"},"updateUser":"a3000","warningTask":0,"width":63,"x":582,"y":333.00022047200658,"container":"elsa-page:tab3zn"},{"id":"4hyxcx","version":"1.0.5","allowLink":false,"backColor":"white","beginArrow":false,"beginArrowEmpty":false,"beginArrowSize":4,"bold":false,"borderWidth":1,"createTime":{"$date":"2024-01-26T07:28:31.264Z"},"createUser":"a3000","curvePoint1":{"x":0,"y":0},"curvePoint2":{"x":0,"y":0},"dashWidth":0,"definedFromConnector":"E","definedToConnector":"","dirty":true,"endArrow":true,"endArrowEmpty":false,"endArrowSize":4,"endpointOffsetX":0,"endpointOffsetY":0,"fromShape":"bjq7bz","hAlign":"center","height":0.22047200650001742,"hideText":false,"index":109,"isDeleted":false,"italic":false,"lineMode":{"type":"broken"},"lineWidth":2,"margin":29.88976399674999,"namespace":"flowable","oldId":"5vkp5o","pad":0,"text":"","textInnerHtml":"<p id=\"lvy9il\"><br data-cke-filler=\"true\"></p>","textX":0,"textY":0,"toShape":"abuxmh","type":"event","updateTime":{"$date":"2024-02-28T08:58:52.969Z"},"updateUser":"a3000","width":79,"x":930,"y":348.44116448520659,"container":"elsa-page:tab3zn"},{"id":"riip7e","version":"1.0.5","autoHeight":true,"autoWidth":true,"bold":false,"completedTask":0,"createTime":{"$date":"2024-01-26T07:28:31.263Z"},"createUser":"a3000","dirty":true,"enableAnimation":true,"height":30,"index":110,"isDeleted":false,"italic":false,"jober":{"fitables":["com.huawei.eDataMate.operators.img_duplicate_images_cleaner_plugin","com.huawei.eDataMate.operators.img_similar_images_cleaner_plugin"],"fitablesConfig":[],"entity":{"code":"let context1 = entity{\n    .id = \"com.huawei.eDataMate.operators.img_duplicate_images_cleaner_plugin\";\n.async = true;\n.format = \"cbor\";\n};\nlet f1 = fit::handleTask(context1);\n\nlet context2 = entity{\n    .id = \"com.huawei.eDataMate.operators.img_similar_images_cleaner_plugin\";\n.async = true;\n.format = \"cbor\";\n};\nlet f2 = fit::handleTask(context2);\n\next::context >> f1 >> f2"},"retryNum":2,"type":"ohscript_jober"},"joberFilter":{"threshold":1,"type":"BATCH_FILTER"},"namespace":"flowable","oldId":"tthwur","pad":6,"rotateAble":false,"runningTask":0,"text":"图片去重","triggerMode":"auto","type":"state","updateTime":{"$date":"2024-02-28T08:58:52.97Z"},"updateUser":"a3000","warningTask":0,"width":63,"x":730,"y":333.22069247856657,"container":"elsa-page:tab3zn"},{"id":"jlgqhi","version":"1.0.5","allowLink":false,"backColor":"white","beginArrow":false,"beginArrowEmpty":false,"beginArrowSize":4,"bold":false,"borderWidth":1,"createTime":{"$date":"2024-01-26T07:28:31.264Z"},"createUser":"a3000","curvePoint1":{"x":0,"y":0},"curvePoint2":{"x":0,"y":0},"dashWidth":0,"definedFromConnector":"E","definedToConnector":"","dirty":true,"endArrow":true,"endArrowEmpty":false,"endArrowSize":4,"endpointOffsetX":0,"endpointOffsetY":0,"fromShape":"abuxmh","hAlign":"center","height":0.22047200659994815,"hideText":false,"index":111,"isDeleted":false,"italic":false,"lineMode":{"type":"broken"},"lineWidth":2,"margin":29.889763996700027,"namespace":"flowable","oldId":"o8l4u6","pad":0,"text":"","textInnerHtml":"<p id=\"wfcydu\"><br data-cke-filler=\"true\"></p>","textX":0,"textY":0,"toShape":"c9k19u","type":"event","updateTime":{"$date":"2024-02-28T08:58:52.97Z"},"updateUser":"a3000","width":95,"x":1072,"y":348.6616364917066,"container":"elsa-page:tab3zn"},{"id":"bjq7bz","version":"1.0.5","autoHeight":true,"autoWidth":true,"bold":false,"completedTask":0,"createTime":{"$date":"2024-01-26T07:28:31.264Z"},"createUser":"a3000","dirty":true,"enableAnimation":true,"height":30,"index":112,"isDeleted":false,"italic":false,"jober":{"fitablesConfig":[],"entity":{"code":"let context2 = entity{\n    .id = \"com.huawei.eDataMate.operators.img_enhanced_brightness_plugin\";\n.async = true;\n.format = \"cbor\";\n};\nlet f2 = fit::handleTask(context2);\n\nlet context3 = entity{\n    .id = \"com.huawei.eDataMate.operators.img_enhanced_contrast_plugin\";\n.async = true;\n.format = \"cbor\";\n};\nlet f3 = fit::handleTask(context3);\n\next::context >> f2 >> f3"},"fitables":["com.huawei.eDataMate.operators.img_enhanced_brightness_plugin","com.huawei.eDataMate.operators.img_enhanced_contrast_plugin"],"retryNum":2,"type":"ohscript_jober"},"joberFilter":{"threshold":1,"type":"BATCH_FILTER"},"namespace":"flowable","oldId":"k3tfi0","pad":6,"rotateAble":false,"runningTask":0,"text":"图片修复","triggerMode":"auto","type":"state","updateTime":{"$date":"2024-02-28T08:58:52.97Z"},"updateUser":"a3000","warningTask":0,"width":63,"x":867,"y":333.44116448520659,"container":"elsa-page:tab3zn"},{"id":"nxwrju","version":"1.0.5","allowLink":false,"backColor":"white","beginArrow":false,"beginArrowEmpty":false,"beginArrowSize":4,"bold":false,"borderWidth":1,"createTime":{"$date":"2024-01-26T07:28:31.264Z"},"createUser":"a3000","curvePoint1":{"x":0,"y":0},"curvePoint2":{"x":0,"y":0},"dashWidth":0,"definedFromConnector":"E","definedToConnector":"","dirty":true,"endArrow":true,"endArrowEmpty":false,"endArrowSize":4,"endpointOffsetX":0,"endpointOffsetY":0,"fromShape":"c9k19u","hAlign":"center","height":0.22834797699005095,"hideText":false,"index":113,"isDeleted":false,"italic":false,"lineMode":{"type":"broken"},"lineWidth":2,"margin":29.885826011504976,"namespace":"flowable","oldId":"xoteyj","pad":0,"text":"","textInnerHtml":"<p id=\"o8a3os\"><br data-cke-filler=\"true\"></p>","textX":0,"textY":0,"toShape":"cwriox","type":"event","updateTime":{"$date":"2024-02-28T08:58:52.97Z"},"updateUser":"a3000","width":76,"x":1242,"y":348.88210849830656,"container":"elsa-page:tab3zn"},{"id":"abuxmh","version":"1.0.5","autoHeight":true,"autoWidth":true,"bold":false,"completedTask":0,"createTime":{"$date":"2024-01-26T07:28:31.264Z"},"createUser":"a3000","dirty":true,"enableAnimation":true,"height":30,"index":114,"isDeleted":false,"italic":false,"jober":{"fitablesConfig":[],"entity":{"code":"let context1 = entity{\n    .id = \"com.huawei.eDataMate.operators.img_watermark_remove_plugin\";\n.async = true;\n.format = \"cbor\";\n};\nlet f1 = fit::handleTask(context1);\n\nlet context2 = entity{\n    .id = \"com.huawei.eDataMate.operators.img_denoise_plugin\";\n.async = true;\n.format = \"cbor\";\n};\nlet f2 = fit::handleTask(context2);\n\next::context >> f1 >> f2"},"fitables":["com.huawei.eDataMate.operators.img_watermark_remove_plugin","com.huawei.eDataMate.operators.img_denoise_plugin"],"retryNum":2,"type":"ohscript_jober"},"joberFilter":{"threshold":1,"type":"BATCH_FILTER"},"namespace":"flowable","oldId":"fsfl8f","pad":6,"rotateAble":false,"runningTask":0,"text":"图片降噪","triggerMode":"auto","type":"state","updateTime":{"$date":"2024-02-28T08:58:52.97Z"},"updateUser":"a3000","warningTask":0,"width":63,"x":1009,"y":333.6616364917066,"container":"elsa-page:tab3zn"},{"id":"c2z0ln","version":"1.0.5","allowLink":false,"backColor":"white","beginArrow":false,"beginArrowEmpty":false,"beginArrowSize":4,"bold":false,"borderWidth":1,"createTime":{"$date":"2024-01-26T07:28:31.264Z"},"createUser":"a3000","curvePoint1":{"x":0,"y":0},"curvePoint2":{"x":0,"y":0},"dashWidth":0,"definedFromConnector":"E","definedToConnector":"","dirty":true,"endArrow":true,"endArrowEmpty":false,"endArrowSize":4,"endpointOffsetX":0,"endpointOffsetY":0,"fromShape":"cwriox","hAlign":"center","height":0.04409440131399833,"hideText":false,"index":115,"isDeleted":false,"italic":false,"lineMode":{"type":"broken"},"lineWidth":2,"margin":29.977952799343,"namespace":"flowable","oldId":"kl10k3","pad":0,"text":"","textInnerHtml":"<p id=\"04xv84\"><br data-cke-filler=\"true\"></p>","textX":0,"textY":0,"toShape":"97d4i3","type":"event","updateTime":{"$date":"2024-02-28T08:58:52.97Z"},"updateUser":"a3000","width":92,"x":1381,"y":349.1104564752966,"container":"elsa-page:tab3zn"},{"id":"c9k19u","version":"1.0.5","autoHeight":true,"autoWidth":true,"bold":false,"completedTask":0,"createTime":{"$date":"2024-01-26T07:28:31.264Z"},"createUser":"a3000","dirty":true,"enableAnimation":true,"height":30,"index":116,"isDeleted":false,"italic":false,"jober":{"fitables":["com.huawei.eDataMate.operators.img_resize_plugin","com.huawei.eDataMate.operators.img_direction_correct_plugin","com.huawei.eDataMate.operators.img_type_unify_plugin"],"fitablesConfig":[],"entity":{"code":"let context1 = entity{\n    .id = \"com.huawei.eDataMate.operators.img_resize_plugin\";\n.async = true;\n.format = \"cbor\";\n};\nlet f1 = fit::handleTask(context1);\n\nlet context2 = entity{\n    .id = \"com.huawei.eDataMate.operators.img_direction_correct_plugin\";\n.async = true;\n.format = \"cbor\";\n};\nlet f2 = fit::handleTask(context2);\n\nlet context3 = entity{\n    .id = \"com.huawei.eDataMate.operators.img_type_unify_plugin\";\n.async = true;\n.format = \"cbor\";\n};\nlet f3 = fit::handleTask(context3);\n\next::context >> f1 >> f2 >> f3"},"retryNum":2,"type":"ohscript_jober"},"joberFilter":{"threshold":1,"type":"BATCH_FILTER"},"namespace":"flowable","oldId":"agodpt","pad":6,"rotateAble":false,"runningTask":0,"text":"图片标准化","triggerMode":"auto","type":"state","updateTime":{"$date":"2024-02-28T08:58:52.969Z"},"updateUser":"a3000","warningTask":0,"width":75,"x":1167,"y":333.88210849830656,"container":"elsa-page:tab3zn"},{"id":"cwriox","version":"1.0.5","autoHeight":true,"autoWidth":true,"bold":false,"completedTask":0,"createTime":{"$date":"2024-01-26T07:28:31.264Z"},"createUser":"a3000","dirty":true,"enableAnimation":true,"height":30,"index":117,"isDeleted":false,"italic":false,"jober":{"fitables":["com.huawei.eDataMate.operators.persist_file_plugin","6a6084c0d1e243e7b327cb1a0ba068e2"],"fitablesConfig":[],"entity":{"code":"let context1 = entity{\n    .id = \"com.huawei.eDataMate.operators.persist_file_plugin\";\n.async = true;\n.format = \"cbor\";\n};\nlet f1 = fit::handleTask(context1);\n\nlet context2 = entity{\n    .id = \"6a6084c0d1e243e7b327cb1a0ba068e2\";\n.async = true;\n.format = \"cbor\";\n};\nlet f2 = fit::handleTask(context2);\n\nlet ans = ext::context >> f1;\nans.get(0).put(\"contextData\", ext::context.get(0).get(\"contextData\"));\nans >> f2"},"retryNum":2,"type":"ohscript_jober"},"joberFilter":{"threshold":1,"type":"BATCH_FILTER"},"namespace":"flowable","oldId":"fbopws","pad":6,"rotateAble":false,"runningTask":0,"text":"文件落盘","textInnerHtml":"<p id=\"eabzh8\">文件落盘</p>","triggerMode":"auto","type":"state","updateTime":{"$date":"2024-02-28T08:58:52.969Z"},"updateUser":"a3000","warningTask":0,"width":63,"x":1318,"y":334.1104564752966,"container":"elsa-page:tab3zn"},{"id":"97d4i3","version":"1.0.5","autoWidth":false,"bold":false,"borderWidth":0,"completedTask":0,"createTime":{"$date":"2024-01-26T07:28:31.264Z"},"createUser":"a3000","dirty":true,"enableAnimation":true,"height":30,"hideText":true,"index":118,"isDeleted":false,"italic":false,"joberFilter":{"threshold":1,"type":"BATCH_FILTER"},"margin":10,"namespace":"flowable","oldId":"q8qi8s","pad":6,"rotateAble":false,"runningTask":0,"text":"结束","triggerMode":"auto","type":"end","updateTime":{"$date":"2024-02-28T08:58:52.97Z"},"updateUser":"a3000","warningTask":0,"width":30,"x":1473,"y":334.1545508766106,"container":"elsa-page:tab3zn"}],"index":0}],"version":"1.0.0"}', 'com.huawei.a3000', '2024-02-29 11:55:13.295', 'com.huawei.a3000', '2024-02-29 11:55:13.295', NULL, 'f') ON CONFLICT (id, version) DO NOTHING;

INSERT INTO "public"."flow_definition" ("definition_id", "meta_id", "name", "tenant", "version", "status", "graph", "created_by", "created_at") VALUES ('02e06763fa8749dca83331c3267d3e3d', '8a755dce62d44b93ab04872401d201c1', '图片清洗模板-本地文件', '4b1f59a7ccdd4faf930f29b4f1f946b3', '1.0.0', 'active', '{"name":"图片清洗模板-本地文件","nodes":[{"name":"开始","type":"start","metaId":"7c03hf","triggerMode":"auto"},{"to":"amud7c","from":"7c03hf","name":"","type":"event","metaId":"7m8091"},{"to":"b434cn","from":"amud7c","name":"","type":"event","metaId":"c539eq"},{"name":"文件扫盘","type":"state","jober":{"type":"ohscript_jober","entity":{"code":"let context1 = entity{\n    .async = true;\n    .format = \"cbor\";\n    .id = \"com.huawei.eDataMate.operators.local_scanner_plugin\";\n    };\nlet f1 = fit::handleTask(context1);\nlet ans = ext::context >> f1;\nlet context2 = entity{\n\t.async = true;\n\t.format = \"cbor\";\n\t.id = \"fd04d6f24ecd4ebb8f889014a441cc63\";\n};\nlet f2 = fit::handleTask(context2);\nans >> f2"},"fitables":["com.huawei.eDataMate.operators.local_scanner_plugin","fd04d6f24ecd4ebb8f889014a441cc63"],"retryNum":2,"fitablesConfig":[]},"metaId":"amud7c","joberFilter":{"type":"BATCH_FILTER","threshold":1},"triggerMode":"auto"},{"name":"文件读取","type":"state","jober":{"type":"ohscript_jober","entity":{"code":"let context1 = entity{\n    .id = \"com.huawei.eDataMate.operators.read_file_plugin\";\n    .async = true;\n    .format = \"cbor\";\n};\nlet f1 = fit::handleTask(context1);\n\next::context >> f1"},"fitables":["com.huawei.eDataMate.operators.read_file_plugin"],"retryNum":2,"fitablesConfig":[]},"metaId":"b434cn","joberFilter":{"type":"BATCH_FILTER","threshold":1},"triggerMode":"auto"},{"to":"q2q1oq","from":"b434cn","name":"","type":"event","metaId":"ndyfb0"},{"to":"riip7e","from":"q2q1oq","name":"","type":"event","metaId":"7qlxvy"},{"to":"bjq7bz","from":"riip7e","name":"","type":"event","metaId":"alwapr"},{"name":"图片过滤","type":"state","jober":{"type":"ohscript_jober","entity":{"code":"let context1 = entity{\n    .id = \"com.huawei.eDataMate.operators.img_blurred_images_cleaner_plugin\";\n    .async = true;\n    .format = \"cbor\";\n};\nlet f1 = fit::handleTask(context1);\n\nlet context2 = entity{\n    .id = \"com.huawei.eDataMate.operators.img_advertisement_images_cleaner_plugin\";\n.async = true;\n.format = \"cbor\";\n};\nlet f2 = fit::handleTask(context2);\n\next::context >> f1 >> f2"},"fitables":["com.huawei.eDataMate.operators.img_blurred_images_cleaner_plugin","com.huawei.eDataMate.operators.img_advertisement_images_cleaner_plugin"],"retryNum":2,"fitablesConfig":[]},"metaId":"q2q1oq","joberFilter":{"type":"BATCH_FILTER","threshold":1},"triggerMode":"auto"},{"to":"abuxmh","from":"bjq7bz","name":"","type":"event","metaId":"4hyxcx"},{"name":"图片去重","type":"state","jober":{"type":"ohscript_jober","entity":{"code":"let context1 = entity{\n    .id = \"com.huawei.eDataMate.operators.img_duplicate_images_cleaner_plugin\";\n.async = true;\n.format = \"cbor\";\n};\nlet f1 = fit::handleTask(context1);\n\nlet context2 = entity{\n    .id = \"com.huawei.eDataMate.operators.img_similar_images_cleaner_plugin\";\n.async = true;\n.format = \"cbor\";\n};\nlet f2 = fit::handleTask(context2);\n\next::context >> f1 >> f2"},"fitables":["com.huawei.eDataMate.operators.img_duplicate_images_cleaner_plugin","com.huawei.eDataMate.operators.img_similar_images_cleaner_plugin"],"retryNum":2,"fitablesConfig":[]},"metaId":"riip7e","joberFilter":{"type":"BATCH_FILTER","threshold":1},"triggerMode":"auto"},{"to":"c9k19u","from":"abuxmh","name":"","type":"event","metaId":"jlgqhi"},{"name":"图片修复","type":"state","jober":{"type":"ohscript_jober","entity":{"code":"let context2 = entity{\n    .id = \"com.huawei.eDataMate.operators.img_enhanced_brightness_plugin\";\n.async = true;\n.format = \"cbor\";\n};\nlet f2 = fit::handleTask(context2);\n\nlet context3 = entity{\n    .id = \"com.huawei.eDataMate.operators.img_enhanced_contrast_plugin\";\n.async = true;\n.format = \"cbor\";\n};\nlet f3 = fit::handleTask(context3);\n\next::context >> f2 >> f3"},"fitables":["com.huawei.eDataMate.operators.img_enhanced_brightness_plugin","com.huawei.eDataMate.operators.img_enhanced_contrast_plugin"],"retryNum":2,"fitablesConfig":[]},"metaId":"bjq7bz","joberFilter":{"type":"BATCH_FILTER","threshold":1},"triggerMode":"auto"},{"to":"cwriox","from":"c9k19u","name":"","type":"event","metaId":"nxwrju"},{"name":"图片降噪","type":"state","jober":{"type":"ohscript_jober","entity":{"code":"let context1 = entity{\n    .id = \"com.huawei.eDataMate.operators.img_watermark_remove_plugin\";\n.async = true;\n.format = \"cbor\";\n};\nlet f1 = fit::handleTask(context1);\n\nlet context2 = entity{\n    .id = \"com.huawei.eDataMate.operators.img_denoise_plugin\";\n.async = true;\n.format = \"cbor\";\n};\nlet f2 = fit::handleTask(context2);\n\next::context >> f1 >> f2"},"fitables":["com.huawei.eDataMate.operators.img_watermark_remove_plugin","com.huawei.eDataMate.operators.img_denoise_plugin"],"retryNum":2,"fitablesConfig":[]},"metaId":"abuxmh","joberFilter":{"type":"BATCH_FILTER","threshold":1},"triggerMode":"auto"},{"to":"97d4i3","from":"cwriox","name":"","type":"event","metaId":"c2z0ln"},{"name":"图片标准化","type":"state","jober":{"type":"ohscript_jober","entity":{"code":"let context1 = entity{\n    .id = \"com.huawei.eDataMate.operators.img_resize_plugin\";\n.async = true;\n.format = \"cbor\";\n};\nlet f1 = fit::handleTask(context1);\n\nlet context2 = entity{\n    .id = \"com.huawei.eDataMate.operators.img_direction_correct_plugin\";\n.async = true;\n.format = \"cbor\";\n};\nlet f2 = fit::handleTask(context2);\n\nlet context3 = entity{\n    .id = \"com.huawei.eDataMate.operators.img_type_unify_plugin\";\n.async = true;\n.format = \"cbor\";\n};\nlet f3 = fit::handleTask(context3);\n\next::context >> f1 >> f2 >> f3"},"fitables":["com.huawei.eDataMate.operators.img_resize_plugin","com.huawei.eDataMate.operators.img_direction_correct_plugin","com.huawei.eDataMate.operators.img_type_unify_plugin"],"retryNum":2,"fitablesConfig":[]},"metaId":"c9k19u","joberFilter":{"type":"BATCH_FILTER","threshold":1},"triggerMode":"auto"},{"name":"文件落盘","type":"state","jober":{"type":"ohscript_jober","entity":{"code":"let context1 = entity{\n    .id = \"com.huawei.eDataMate.operators.persist_file_plugin\";\n.async = true;\n.format = \"cbor\";\n};\nlet f1 = fit::handleTask(context1);\n\nlet context2 = entity{\n    .id = \"6a6084c0d1e243e7b327cb1a0ba068e2\";\n.async = true;\n.format = \"cbor\";\n};\nlet f2 = fit::handleTask(context2);\n\nlet ans = ext::context >> f1;\nans.get(0).put(\"contextData\", ext::context.get(0).get(\"contextData\"));\nans >> f2"},"fitables":["com.huawei.eDataMate.operators.persist_file_plugin","6a6084c0d1e243e7b327cb1a0ba068e2"],"retryNum":2,"fitablesConfig":[]},"metaId":"cwriox","joberFilter":{"type":"BATCH_FILTER","threshold":1},"triggerMode":"auto"},{"name":"结束","type":"end","metaId":"97d4i3","triggerMode":"auto"}],"metaId":"8a755dce62d44b93ab04872401d201c1","status":"active","version":"1.0.0"}', 'com.huawei.a3000', '2024-02-29 11:55:13.224') ON CONFLICT (definition_id) DO NOTHING;

INSERT INTO "public"."tag_usage" ("id", "tag_id", "object_type", "object_id", "created_by", "created_at") VALUES ('c3b63533b6cc463f8514a5c9d0505b01', 'c6f276857d844339bbd45b84ace054a6', 'FLOW GRAPH', '8a755dce62d44b93ab04872401d201c1', 'com.huawei.a3000', '2024-02-29 03:55:12.813') ON CONFLICT (id) DO NOTHING;

INSERT INTO "public"."fitable_usage" ("fitable_id", "definition_id") VALUES ('com.huawei.eDataMate.operators.img_resize_plugin', '02e06763fa8749dca83331c3267d3e3d') ON CONFLICT (fitable_id, definition_id) DO NOTHING;
INSERT INTO "public"."fitable_usage" ("fitable_id", "definition_id") VALUES ('6a6084c0d1e243e7b327cb1a0ba068e2', '02e06763fa8749dca83331c3267d3e3d') ON CONFLICT (fitable_id, definition_id) DO NOTHING;
INSERT INTO "public"."fitable_usage" ("fitable_id", "definition_id") VALUES ('com.huawei.eDataMate.operators.img_enhanced_contrast_plugin', '02e06763fa8749dca83331c3267d3e3d') ON CONFLICT (fitable_id, definition_id) DO NOTHING;
INSERT INTO "public"."fitable_usage" ("fitable_id", "definition_id") VALUES ('com.huawei.eDataMate.operators.persist_file_plugin', '02e06763fa8749dca83331c3267d3e3d') ON CONFLICT (fitable_id, definition_id) DO NOTHING;
INSERT INTO "public"."fitable_usage" ("fitable_id", "definition_id") VALUES ('com.huawei.eDataMate.operators.img_denoise_plugin', '02e06763fa8749dca83331c3267d3e3d') ON CONFLICT (fitable_id, definition_id) DO NOTHING;
INSERT INTO "public"."fitable_usage" ("fitable_id", "definition_id") VALUES ('com.huawei.eDataMate.operators.img_enhanced_brightness_plugin', '02e06763fa8749dca83331c3267d3e3d') ON CONFLICT (fitable_id, definition_id) DO NOTHING;
INSERT INTO "public"."fitable_usage" ("fitable_id", "definition_id") VALUES ('com.huawei.eDataMate.operators.img_blurred_images_cleaner_plugin', '02e06763fa8749dca83331c3267d3e3d') ON CONFLICT (fitable_id, definition_id) DO NOTHING;
INSERT INTO "public"."fitable_usage" ("fitable_id", "definition_id") VALUES ('com.huawei.eDataMate.operators.img_direction_correct_plugin', '02e06763fa8749dca83331c3267d3e3d') ON CONFLICT (fitable_id, definition_id) DO NOTHING;
INSERT INTO "public"."fitable_usage" ("fitable_id", "definition_id") VALUES ('fd04d6f24ecd4ebb8f889014a441cc63', '02e06763fa8749dca83331c3267d3e3d') ON CONFLICT (fitable_id, definition_id) DO NOTHING;
INSERT INTO "public"."fitable_usage" ("fitable_id", "definition_id") VALUES ('com.huawei.eDataMate.operators.img_advertisement_images_cleaner_plugin', '02e06763fa8749dca83331c3267d3e3d') ON CONFLICT (fitable_id, definition_id) DO NOTHING;
INSERT INTO "public"."fitable_usage" ("fitable_id", "definition_id") VALUES ('com.huawei.eDataMate.operators.img_similar_images_cleaner_plugin', '02e06763fa8749dca83331c3267d3e3d') ON CONFLICT (fitable_id, definition_id) DO NOTHING;
INSERT INTO "public"."fitable_usage" ("fitable_id", "definition_id") VALUES ('com.huawei.eDataMate.operators.img_watermark_remove_plugin', '02e06763fa8749dca83331c3267d3e3d') ON CONFLICT (fitable_id, definition_id) DO NOTHING;
INSERT INTO "public"."fitable_usage" ("fitable_id", "definition_id") VALUES ('com.huawei.eDataMate.operators.img_duplicate_images_cleaner_plugin', '02e06763fa8749dca83331c3267d3e3d') ON CONFLICT (fitable_id, definition_id) DO NOTHING;
INSERT INTO "public"."fitable_usage" ("fitable_id", "definition_id") VALUES ('com.huawei.eDataMate.operators.img_type_unify_plugin', '02e06763fa8749dca83331c3267d3e3d') ON CONFLICT (fitable_id, definition_id) DO NOTHING;
INSERT INTO "public"."fitable_usage" ("fitable_id", "definition_id") VALUES ('com.huawei.eDataMate.operators.read_file_plugin', '02e06763fa8749dca83331c3267d3e3d') ON CONFLICT (fitable_id, definition_id) DO NOTHING;
INSERT INTO "public"."fitable_usage" ("fitable_id", "definition_id") VALUES ('com.huawei.eDataMate.operators.local_scanner_plugin', '02e06763fa8749dca83331c3267d3e3d') ON CONFLICT (fitable_id, definition_id) DO NOTHING;
-- nas
INSERT INTO "public"."flow_graph" ("id", "version", "tenant", "status", "name", "data", "created_by", "created_at", "updated_by", "updated_at", "previous", "is_deleted") VALUES ('e0c0ef8ac0ec45b9a8d55044fadf76fd', '1.0.0', '4b1f59a7ccdd4faf930f29b4f1f946b3', 'active', '图片清洗模板-NAS', '{"id":"e0c0ef8ac0ec45b9a8d55044fadf76fd","title":"图片清洗模板-NAS","source":"elsa","type":"graph","tenant":"default","setting":{"borderColor":"steelblue","backColor":"whitesmoke","headColor":"steelblue","fontColor":"steelblue","captionfontColor":"whitesmoke","fontFace":"arial","captionfontFace":"arial black","fontSize":12,"captionfontSize":14,"fontStyle":"normal","captionfontStyle":"normal","fontWeight":"lighter","captionfontWeight":"lighter","hAlign":"center","vAlign":"top","captionhAlign":"center","lineHeight":1.5,"lineWidth":2,"captionlineHeight":1,"focusMargin":0,"focusBorderColor":"darkorange","focusFontColor":"darkorange","focusBackColor":"whitesmoke","mouseInColor":"orange","mouseInBorderColor":"orange","mouseInFontColor":"orange","mouseInBackColor":"whitesmoke","borderWidth":1,"globalAlpha":1,"backAlpha":0.15,"cornerRadius":4,"dashWidth":0,"autoText":false,"autoHeight":false,"autoWidth":false,"margin":25,"pad":10,"code":"","rotateDegree":0,"shadow":false,"shadowData":"2px 2px 4px","outstanding":false,"pDock":"none","dockMode":"none","priority":0,"infoType":{"next":"INFORMATION","name":"none"},"progressStatus":{"next":"UNKNOWN","color":"gray","name":"NONE"},"progressPercent":0.65,"showedProgress":false,"itemPad":[5,5,5,5],"itemScroll":{"x":0,"y":0},"scrollLock":{"x":false,"y":false},"resizeable":true,"selectable":true,"rotateAble":true,"editable":true,"moveable":true,"dragable":true,"visible":true,"deletable":true,"allowLink":true,"shared":false,"strikethrough":false,"underline":false,"numberedList":false,"bulletedList":false,"enableAnimation":false,"enableSocial":true,"emphasized":false,"bulletSpeed":1,"tag":{}},"pages":[{"type":"page","id":"elsa-page:fhazfw","text":"--","namespace":"elsa","x":0,"y":0,"width":2489,"height":1195,"bold":false,"italic":false,"dockAlign":"top","division":-1,"itemSpace":5,"itemPad":[0,0,0,0],"itemScroll":{"x":0,"y":0},"hideText":true,"dockMode":"none","shapesAs":{},"borderColor":"white","backColor":"white","fontSize":18,"fontFace":"arial","fontColor":"#ECD0A7","fontWeight":"bold","fontStyle":"normal","hAlign":"left","vAlign":"top","enableContextMenu":true,"moveable":true,"container":"elsa-page:fhazfw","dirty":false,"isPage":true,"mode":"configuration","shapes":[{"id":"yyb9j5","version":"1.0.5","autoWidth":false,"bold":false,"borderWidth":0,"completedTask":0,"createTime":{"$date":"2024-01-26T06:53:51.709Z"},"createUser":"a3000","dirty":false,"enableAnimation":true,"height":30,"hideText":true,"index":100,"isDeleted":false,"italic":false,"margin":10,"namespace":"flowable","oldId":"ymbp2p","pad":6,"rotateAble":false,"runningTask":0,"text":"开始","triggerMode":"auto","type":"start","updateTime":{"$date":"2024-02-28T08:58:52.97Z"},"updateUser":"a3000","warningTask":0,"width":30,"x":203,"y":443,"container":"elsa-page:fhazfw"},{"id":"fd63w9","version":"1.0.5","allowLink":false,"backColor":"white","beginArrow":false,"beginArrowEmpty":false,"beginArrowSize":4,"bold":false,"borderWidth":1,"createTime":{"$date":"2024-01-26T06:53:51.709Z"},"createUser":"a3000","curvePoint1":{"x":0,"y":0},"curvePoint2":{"x":0,"y":0},"dashWidth":0,"definedFromConnector":"E","definedToConnector":"","dirty":true,"endArrow":true,"endArrowEmpty":false,"endArrowSize":4,"endpointOffsetX":0,"endpointOffsetY":0,"fromShape":"yyb9j5","hAlign":"center","height":5.684341886080802e-14,"hideText":false,"index":101,"isDeleted":false,"italic":false,"lineMode":{"type":"broken"},"lineWidth":2,"margin":29.99999999999997,"namespace":"flowable","oldId":"r7n4rp","pad":0,"text":"","textInnerHtml":"<p id=\"ns80pp\"><br data-cke-filler=\"true\"></p>","textX":0,"textY":0,"toShape":"d1pne9","type":"event","updateTime":{"$date":"2024-02-28T08:58:52.97Z"},"updateUser":"a3000","width":73,"x":233,"y":458,"container":"elsa-page:fhazfw"},{"id":"ot5v0a","version":"1.0.5","allowLink":false,"backColor":"white","beginArrow":false,"beginArrowEmpty":false,"beginArrowSize":4,"bold":false,"borderWidth":1,"createTime":{"$date":"2024-01-26T06:53:51.71Z"},"createUser":"a3000","curvePoint1":{"x":0,"y":0},"curvePoint2":{"x":0,"y":0},"dashWidth":0,"definedFromConnector":"E","definedToConnector":"","dirty":true,"endArrow":true,"endArrowEmpty":false,"endArrowSize":4,"endpointOffsetX":0,"endpointOffsetY":0,"fromShape":"d1pne9","hAlign":"center","height":0.00044094401300753816,"hideText":false,"index":102,"isDeleted":false,"italic":false,"lineMode":{"type":"broken"},"lineWidth":2,"margin":29.999779527993498,"namespace":"flowable","oldId":"u1skbq","pad":0,"text":"","textInnerHtml":"<p id=\"z6kszq\"><br data-cke-filler=\"true\"></p>","textX":0,"textY":0,"toShape":"dypqqs","type":"event","updateTime":{"$date":"2024-02-28T08:58:52.97Z"},"updateUser":"a3000","width":78,"x":369,"y":458.00000000000008,"container":"elsa-page:fhazfw"},{"id":"d1pne9","version":"1.0.5","autoHeight":true,"autoWidth":true,"bold":false,"completedTask":0,"createTime":{"$date":"2024-01-26T06:53:51.71Z"},"createUser":"a3000","dirty":false,"enableAnimation":true,"height":30,"index":103,"isDeleted":false,"italic":false,"jober":{"fitables":["com.huawei.eDataMate.operators.nas_scanner_plugin","fd04d6f24ecd4ebb8f889014a441cc63"],"fitablesConfig":[],"entity":{"code":"let context1 = entity{\n    .async = true;\n    .format = \"cbor\";\n    .id = \"com.huawei.eDataMate.operators.nas_scanner_plugin\";\n    };\nlet f1 = fit::handleTask(context1);\nlet ans = ext::context >> f1;\nlet context2 = entity{\n\t.async = true;\n\t.format = \"cbor\";\n\t.id = \"fd04d6f24ecd4ebb8f889014a441cc63\";\n};\nlet f2 = fit::handleTask(context2);\nans >> f2"},"retryNum":2,"type":"ohscript_jober"},"joberFilter":{"threshold":1,"type":"BATCH_FILTER"},"namespace":"flowable","oldId":"qtsua0","pad":6,"rotateAble":false,"runningTask":0,"text":"文件扫盘","triggerMode":"auto","type":"state","updateTime":{"$date":"2024-02-28T08:58:52.969Z"},"updateUser":"a3000","warningTask":0,"width":63,"x":306,"y":443.00000000000008,"container":"elsa-page:fhazfw"},{"id":"dypqqs","version":"1.0.5","autoHeight":true,"autoWidth":true,"bold":false,"completedTask":0,"createTime":{"$date":"2024-01-26T06:53:51.71Z"},"createUser":"a3000","dirty":false,"enableAnimation":true,"height":30,"index":104,"isDeleted":false,"italic":false,"jober":{"fitables":["com.huawei.eDataMate.operators.nas_read_file_plugin"],"fitablesConfig":[],"entity":{"code":"let context1 = entity{\n    .id = \"com.huawei.eDataMate.operators.nas_read_file_plugin\";\n.async = true;\n.format = \"cbor\";\n};\nlet f1 = fit::handleTask(context1);\n\next::context >> f1"},"retryNum":2,"type":"ohscript_jober"},"joberFilter":{"threshold":1,"type":"BATCH_FILTER"},"namespace":"flowable","oldId":"hdkyl3","pad":6,"rotateAble":false,"runningTask":0,"text":"文件读取","triggerMode":"auto","type":"state","updateTime":{"$date":"2024-02-28T08:58:52.97Z"},"updateUser":"a3000","warningTask":0,"width":63,"x":447,"y":443.00044094401309,"container":"elsa-page:fhazfw"},{"id":"rpe715","version":"1.0.5","allowLink":false,"backColor":"white","beginArrow":false,"beginArrowEmpty":false,"beginArrowSize":4,"bold":false,"borderWidth":1,"createTime":{"$date":"2024-01-26T07:28:31.263Z"},"createUser":"a3000","curvePoint1":{"x":0,"y":0},"curvePoint2":{"x":0,"y":0},"dashWidth":0,"definedFromConnector":"E","definedToConnector":"","dirty":true,"endArrow":true,"endArrowEmpty":false,"endArrowSize":4,"endpointOffsetX":0,"endpointOffsetY":0,"fromShape":"dypqqs","hAlign":"center","height":0.0002204720065606125,"hideText":false,"index":105,"isDeleted":false,"italic":false,"lineMode":{"type":"broken"},"lineWidth":2,"margin":29.99988976399672,"namespace":"flowable","oldId":"8mucbr","pad":0,"text":"","textInnerHtml":"<p id=\"cr7jxm\"><br data-cke-filler=\"true\"></p>","textX":0,"textY":0,"toShape":"hciclq","type":"event","updateTime":{"$date":"2024-02-28T08:58:52.97Z"},"updateUser":"a3000","width":76,"x":510,"y":458.00044094401309,"container":"elsa-page:fhazfw"},{"id":"du8ffs","version":"1.0.5","allowLink":false,"backColor":"white","beginArrow":false,"beginArrowEmpty":false,"beginArrowSize":4,"bold":false,"borderWidth":1,"createTime":{"$date":"2024-01-26T07:28:31.263Z"},"createUser":"a3000","curvePoint1":{"x":0,"y":0},"curvePoint2":{"x":0,"y":0},"dashWidth":0,"definedFromConnector":"E","definedToConnector":"","dirty":true,"endArrow":true,"endArrowEmpty":false,"endArrowSize":4,"endpointOffsetX":0,"endpointOffsetY":0,"fromShape":"hciclq","hAlign":"center","height":0.22047200655998723,"hideText":false,"index":106,"isDeleted":false,"italic":false,"lineMode":{"type":"broken"},"lineWidth":2,"margin":29.889763996720008,"namespace":"flowable","oldId":"db9421","pad":0,"text":"","textInnerHtml":"<p id=\"xq702u\"><br data-cke-filler=\"true\"></p>","textX":0,"textY":0,"toShape":"iokt11","type":"event","updateTime":{"$date":"2024-02-28T08:58:52.969Z"},"updateUser":"a3000","width":85,"x":649,"y":458.0006614160196,"container":"elsa-page:fhazfw"},{"id":"vf1ksk","version":"1.0.5","allowLink":false,"backColor":"white","beginArrow":false,"beginArrowEmpty":false,"beginArrowSize":4,"bold":false,"borderWidth":1,"createTime":{"$date":"2024-01-26T07:28:31.263Z"},"createUser":"a3000","curvePoint1":{"x":0,"y":0},"curvePoint2":{"x":0,"y":0},"dashWidth":0,"definedFromConnector":"E","definedToConnector":"","dirty":true,"endArrow":true,"endArrowEmpty":false,"endArrowSize":4,"endpointOffsetX":0,"endpointOffsetY":0,"fromShape":"iokt11","hAlign":"center","height":0.22047200664002276,"hideText":false,"index":107,"isDeleted":false,"italic":false,"lineMode":{"type":"broken"},"lineWidth":2,"margin":29.88976399667999,"namespace":"flowable","oldId":"6vfotu","pad":0,"text":"","textInnerHtml":"<p id=\"604txt\"><br data-cke-filler=\"true\"></p>","textX":0,"textY":0,"toShape":"08imkx","type":"event","updateTime":{"$date":"2024-02-28T08:58:52.969Z"},"updateUser":"a3000","width":74,"x":797,"y":458.2211334225796,"container":"elsa-page:fhazfw"},{"id":"hciclq","version":"1.0.5","autoHeight":true,"autoWidth":true,"bold":false,"completedTask":0,"createTime":{"$date":"2024-01-26T07:28:31.263Z"},"createUser":"a3000","dirty":false,"enableAnimation":true,"height":30,"index":108,"isDeleted":false,"italic":false,"jober":{"fitables":["com.huawei.eDataMate.operators.img_blurred_images_cleaner_plugin","com.huawei.eDataMate.operators.img_advertisement_images_cleaner_plugin"],"fitablesConfig":[],"entity":{"code":"let context1 = entity{\n    .id = \"com.huawei.eDataMate.operators.img_blurred_images_cleaner_plugin\";\n    .async = true;\n    .format = \"cbor\";\n};\nlet f1 = fit::handleTask(context1);\n\nlet context2 = entity{\n    .id = \"com.huawei.eDataMate.operators.img_advertisement_images_cleaner_plugin\";\n.async = true;\n.format = \"cbor\";\n};\nlet f2 = fit::handleTask(context2);\n\next::context >> f1 >> f2"},"retryNum":2,"type":"ohscript_jober"},"joberFilter":{"threshold":1,"type":"BATCH_FILTER"},"namespace":"flowable","oldId":"olialf","pad":6,"rotateAble":false,"runningTask":0,"text":"图片过滤","triggerMode":"auto","type":"state","updateTime":{"$date":"2024-02-28T08:58:52.969Z"},"updateUser":"a3000","warningTask":0,"width":63,"x":586,"y":443.0006614160196,"container":"elsa-page:fhazfw"},{"id":"f034wh","version":"1.0.5","allowLink":false,"backColor":"white","beginArrow":false,"beginArrowEmpty":false,"beginArrowSize":4,"bold":false,"borderWidth":1,"createTime":{"$date":"2024-01-26T07:28:31.264Z"},"createUser":"a3000","curvePoint1":{"x":0,"y":0},"curvePoint2":{"x":0,"y":0},"dashWidth":0,"definedFromConnector":"E","definedToConnector":"","dirty":true,"endArrow":true,"endArrowEmpty":false,"endArrowSize":4,"endpointOffsetX":0,"endpointOffsetY":0,"fromShape":"08imkx","hAlign":"center","height":0.22047200650001742,"hideText":false,"index":109,"isDeleted":false,"italic":false,"lineMode":{"type":"broken"},"lineWidth":2,"margin":29.88976399674999,"namespace":"flowable","oldId":"fb997w","pad":0,"text":"","textInnerHtml":"<p id=\"afrucb\"><br data-cke-filler=\"true\"></p>","textX":0,"textY":0,"toShape":"ukag3a","type":"event","updateTime":{"$date":"2024-02-28T08:58:52.969Z"},"updateUser":"a3000","width":79,"x":934,"y":458.44160542921966,"container":"elsa-page:fhazfw"},{"id":"iokt11","version":"1.0.5","autoHeight":true,"autoWidth":true,"bold":false,"completedTask":0,"createTime":{"$date":"2024-01-26T07:28:31.263Z"},"createUser":"a3000","dirty":false,"enableAnimation":true,"height":30,"index":110,"isDeleted":false,"italic":false,"jober":{"fitables":["com.huawei.eDataMate.operators.img_duplicate_images_cleaner_plugin","com.huawei.eDataMate.operators.img_similar_images_cleaner_plugin"],"fitablesConfig":[],"entity":{"code":"let context1 = entity{\n    .id = \"com.huawei.eDataMate.operators.img_duplicate_images_cleaner_plugin\";\n.async = true;\n.format = \"cbor\";\n};\nlet f1 = fit::handleTask(context1);\n\nlet context2 = entity{\n    .id = \"com.huawei.eDataMate.operators.img_similar_images_cleaner_plugin\";\n.async = true;\n.format = \"cbor\";\n};\nlet f2 = fit::handleTask(context2);\n\next::context >> f1 >> f2"},"retryNum":2,"type":"ohscript_jober"},"joberFilter":{"threshold":1,"type":"BATCH_FILTER"},"namespace":"flowable","oldId":"jz3n4p","pad":6,"rotateAble":false,"runningTask":0,"text":"图片去重","triggerMode":"auto","type":"state","updateTime":{"$date":"2024-02-28T08:58:52.97Z"},"updateUser":"a3000","warningTask":0,"width":63,"x":734,"y":443.2211334225796,"container":"elsa-page:fhazfw"},{"id":"wq2urs","version":"1.0.5","allowLink":false,"backColor":"white","beginArrow":false,"beginArrowEmpty":false,"beginArrowSize":4,"bold":false,"borderWidth":1,"createTime":{"$date":"2024-01-26T07:28:31.264Z"},"createUser":"a3000","curvePoint1":{"x":0,"y":0},"curvePoint2":{"x":0,"y":0},"dashWidth":0,"definedFromConnector":"E","definedToConnector":"","dirty":true,"endArrow":true,"endArrowEmpty":false,"endArrowSize":4,"endpointOffsetX":0,"endpointOffsetY":0,"fromShape":"ukag3a","hAlign":"center","height":0.22047200659994815,"hideText":false,"index":111,"isDeleted":false,"italic":false,"lineMode":{"type":"broken"},"lineWidth":2,"margin":29.889763996700027,"namespace":"flowable","oldId":"w1duow","pad":0,"text":"","textInnerHtml":"<p id=\"s1qk7g\"><br data-cke-filler=\"true\"></p>","textX":0,"textY":0,"toShape":"owdz6a","type":"event","updateTime":{"$date":"2024-02-28T08:58:52.97Z"},"updateUser":"a3000","width":95,"x":1076,"y":458.66207743571968,"container":"elsa-page:fhazfw"},{"id":"08imkx","version":"1.0.5","autoHeight":true,"autoWidth":true,"bold":false,"completedTask":0,"createTime":{"$date":"2024-01-26T07:28:31.264Z"},"createUser":"a3000","dirty":false,"enableAnimation":true,"height":30,"index":112,"isDeleted":false,"italic":false,"jober":{"fitablesConfig":[],"entity":{"code":"let context2 = entity{\n    .id = \"com.huawei.eDataMate.operators.img_enhanced_brightness_plugin\";\n.async = true;\n.format = \"cbor\";\n};\nlet f2 = fit::handleTask(context2);\n\nlet context3 = entity{\n    .id = \"com.huawei.eDataMate.operators.img_enhanced_contrast_plugin\";\n.async = true;\n.format = \"cbor\";\n};\nlet f3 = fit::handleTask(context3);\n\next::context >> f2 >> f3"},"fitables":["com.huawei.eDataMate.operators.img_enhanced_brightness_plugin","com.huawei.eDataMate.operators.img_enhanced_contrast_plugin"],"retryNum":2,"type":"ohscript_jober"},"joberFilter":{"threshold":1,"type":"BATCH_FILTER"},"namespace":"flowable","oldId":"u5xoif","pad":6,"rotateAble":false,"runningTask":0,"text":"图片修复","triggerMode":"auto","type":"state","updateTime":{"$date":"2024-02-28T08:58:52.97Z"},"updateUser":"a3000","warningTask":0,"width":63,"x":871,"y":443.44160542921966,"container":"elsa-page:fhazfw"},{"id":"c5ab1d","version":"1.0.5","allowLink":false,"backColor":"white","beginArrow":false,"beginArrowEmpty":false,"beginArrowSize":4,"bold":false,"borderWidth":1,"createTime":{"$date":"2024-01-26T07:28:31.264Z"},"createUser":"a3000","curvePoint1":{"x":0,"y":0},"curvePoint2":{"x":0,"y":0},"dashWidth":0,"definedFromConnector":"E","definedToConnector":"","dirty":true,"endArrow":true,"endArrowEmpty":false,"endArrowSize":4,"endpointOffsetX":0,"endpointOffsetY":0,"fromShape":"owdz6a","hAlign":"center","height":0.22834797699005095,"hideText":false,"index":113,"isDeleted":false,"italic":false,"lineMode":{"type":"broken"},"lineWidth":2,"margin":29.885826011504976,"namespace":"flowable","oldId":"nxxbi8","pad":0,"text":"","textInnerHtml":"<p id=\"pzdqzw\"><br data-cke-filler=\"true\"></p>","textX":0,"textY":0,"toShape":"fvrnq6","type":"event","updateTime":{"$date":"2024-02-28T08:58:52.97Z"},"updateUser":"a3000","width":76,"x":1246,"y":458.8825494423196,"container":"elsa-page:fhazfw"},{"id":"ukag3a","version":"1.0.5","autoHeight":true,"autoWidth":true,"bold":false,"completedTask":0,"createTime":{"$date":"2024-01-26T07:28:31.264Z"},"createUser":"a3000","dirty":false,"enableAnimation":true,"height":30,"index":114,"isDeleted":false,"italic":false,"jober":{"fitablesConfig":[],"entity":{"code":"let context1 = entity{\n    .id = \"com.huawei.eDataMate.operators.img_watermark_remove_plugin\";\n.async = true;\n.format = \"cbor\";\n};\nlet f1 = fit::handleTask(context1);\n\nlet context2 = entity{\n    .id = \"com.huawei.eDataMate.operators.img_denoise_plugin\";\n.async = true;\n.format = \"cbor\";\n};\nlet f2 = fit::handleTask(context2);\n\next::context >> f1 >> f2"},"fitables":["com.huawei.eDataMate.operators.img_watermark_remove_plugin","com.huawei.eDataMate.operators.img_denoise_plugin"],"retryNum":2,"type":"ohscript_jober"},"joberFilter":{"threshold":1,"type":"BATCH_FILTER"},"namespace":"flowable","oldId":"qrasp8","pad":6,"rotateAble":false,"runningTask":0,"text":"图片降噪","triggerMode":"auto","type":"state","updateTime":{"$date":"2024-02-28T08:58:52.97Z"},"updateUser":"a3000","warningTask":0,"width":63,"x":1013,"y":443.66207743571968,"container":"elsa-page:fhazfw"},{"id":"0mc5bf","version":"1.0.5","allowLink":false,"backColor":"white","beginArrow":false,"beginArrowEmpty":false,"beginArrowSize":4,"bold":false,"borderWidth":1,"createTime":{"$date":"2024-01-26T07:28:31.264Z"},"createUser":"a3000","curvePoint1":{"x":0,"y":0},"curvePoint2":{"x":0,"y":0},"dashWidth":0,"definedFromConnector":"E","definedToConnector":"","dirty":true,"endArrow":true,"endArrowEmpty":false,"endArrowSize":4,"endpointOffsetX":0,"endpointOffsetY":0,"fromShape":"fvrnq6","hAlign":"center","height":0.04409440131399833,"hideText":false,"index":115,"isDeleted":false,"italic":false,"lineMode":{"type":"broken"},"lineWidth":2,"margin":29.977952799343,"namespace":"flowable","oldId":"co0ox9","pad":0,"text":"","textInnerHtml":"<p id=\"yoe2g3\"><br data-cke-filler=\"true\"></p>","textX":0,"textY":0,"toShape":"xza4jy","type":"event","updateTime":{"$date":"2024-02-28T08:58:52.97Z"},"updateUser":"a3000","width":92,"x":1385,"y":459.11089741930967,"container":"elsa-page:fhazfw"},{"id":"owdz6a","version":"1.0.5","autoHeight":true,"autoWidth":true,"bold":false,"completedTask":0,"createTime":{"$date":"2024-01-26T07:28:31.264Z"},"createUser":"a3000","dirty":false,"enableAnimation":true,"height":30,"index":116,"isDeleted":false,"italic":false,"jober":{"fitables":["com.huawei.eDataMate.operators.img_resize_plugin","com.huawei.eDataMate.operators.img_direction_correct_plugin","com.huawei.eDataMate.operators.img_type_unify_plugin"],"fitablesConfig":[],"entity":{"code":"let context1 = entity{\n    .id = \"com.huawei.eDataMate.operators.img_resize_plugin\";\n.async = true;\n.format = \"cbor\";\n};\nlet f1 = fit::handleTask(context1);\n\nlet context2 = entity{\n    .id = \"com.huawei.eDataMate.operators.img_direction_correct_plugin\";\n.async = true;\n.format = \"cbor\";\n};\nlet f2 = fit::handleTask(context2);\n\nlet context3 = entity{\n    .id = \"com.huawei.eDataMate.operators.img_type_unify_plugin\";\n.async = true;\n.format = \"cbor\";\n};\nlet f3 = fit::handleTask(context3);\n\next::context >> f1 >> f2 >> f3"},"retryNum":2,"type":"ohscript_jober"},"joberFilter":{"threshold":1,"type":"BATCH_FILTER"},"namespace":"flowable","oldId":"09aybk","pad":6,"rotateAble":false,"runningTask":0,"text":"图片标准化","triggerMode":"auto","type":"state","updateTime":{"$date":"2024-02-28T08:58:52.969Z"},"updateUser":"a3000","warningTask":0,"width":75,"x":1171,"y":443.8825494423196,"container":"elsa-page:fhazfw"},{"id":"fvrnq6","version":"1.0.5","autoHeight":true,"autoWidth":true,"bold":false,"completedTask":0,"createTime":{"$date":"2024-01-26T07:28:31.264Z"},"createUser":"a3000","dirty":false,"enableAnimation":true,"height":30,"index":117,"isDeleted":false,"italic":false,"jober":{"fitables":["com.huawei.eDataMate.operators.persist_file_plugin","6a6084c0d1e243e7b327cb1a0ba068e2"],"fitablesConfig":[],"entity":{"code":"let context1 = entity{\n    .id = \"com.huawei.eDataMate.operators.persist_file_plugin\";\n.async = true;\n.format = \"cbor\";\n};\nlet f1 = fit::handleTask(context1);\n\nlet context2 = entity{\n    .id = \"6a6084c0d1e243e7b327cb1a0ba068e2\";\n.async = true;\n.format = \"cbor\";\n};\nlet f2 = fit::handleTask(context2);\n\nlet ans = ext::context >> f1;\nans.get(0).put(\"contextData\", ext::context.get(0).get(\"contextData\"));\nans >> f2"},"retryNum":2,"type":"ohscript_jober"},"joberFilter":{"threshold":1,"type":"BATCH_FILTER"},"namespace":"flowable","oldId":"6o88tn","pad":6,"rotateAble":false,"runningTask":0,"text":"文件落盘","textInnerHtml":"<p id=\"eabzh8\">文件落盘</p>","triggerMode":"auto","type":"state","updateTime":{"$date":"2024-02-28T08:58:52.969Z"},"updateUser":"a3000","warningTask":0,"width":63,"x":1322,"y":444.11089741930967,"container":"elsa-page:fhazfw"},{"id":"xza4jy","version":"1.0.5","autoWidth":false,"bold":false,"borderWidth":0,"completedTask":0,"createTime":{"$date":"2024-01-26T07:28:31.264Z"},"createUser":"a3000","dirty":false,"enableAnimation":true,"height":30,"hideText":true,"index":118,"isDeleted":false,"italic":false,"joberFilter":{"threshold":1,"type":"BATCH_FILTER"},"margin":10,"namespace":"flowable","oldId":"udnbvc","pad":6,"rotateAble":false,"runningTask":0,"text":"结束","triggerMode":"auto","type":"end","updateTime":{"$date":"2024-02-28T08:58:52.97Z"},"updateUser":"a3000","warningTask":0,"width":30,"x":1477,"y":444.15499182062367,"container":"elsa-page:fhazfw"}],"index":0}]}', 'com.huawei.a3000', '2024-02-29 12:02:20.937', 'com.huawei.a3000', '2024-02-29 12:02:20.937', NULL, 'f') ON CONFLICT (id, version) DO NOTHING;

INSERT INTO "public"."flow_definition" ("definition_id", "meta_id", "name", "tenant", "version", "status", "graph", "created_by", "created_at") VALUES ('4dceb6433484420bb0989565ff6c9049', 'e0c0ef8ac0ec45b9a8d55044fadf76fd', '图片清洗模板-NAS', '4b1f59a7ccdd4faf930f29b4f1f946b3', '1.0.0', 'active', '{"name":"图片清洗模板-NAS","nodes":[{"name":"开始","type":"start","metaId":"yyb9j5","triggerMode":"auto"},{"to":"d1pne9","from":"yyb9j5","name":"","type":"event","metaId":"fd63w9"},{"to":"dypqqs","from":"d1pne9","name":"","type":"event","metaId":"ot5v0a"},{"name":"文件扫盘","type":"state","jober":{"type":"ohscript_jober","entity":{"code":"let context1 = entity{\n    .async = true;\n    .format = \"cbor\";\n    .id = \"com.huawei.eDataMate.operators.nas_scanner_plugin\";\n    };\nlet f1 = fit::handleTask(context1);\nlet ans = ext::context >> f1;\nlet context2 = entity{\n\t.async = true;\n\t.format = \"cbor\";\n\t.id = \"fd04d6f24ecd4ebb8f889014a441cc63\";\n};\nlet f2 = fit::handleTask(context2);\nans >> f2"},"fitables":["com.huawei.eDataMate.operators.nas_scanner_plugin","fd04d6f24ecd4ebb8f889014a441cc63"],"retryNum":2,"fitablesConfig":[]},"metaId":"d1pne9","joberFilter":{"type":"BATCH_FILTER","threshold":1},"triggerMode":"auto"},{"name":"文件读取","type":"state","jober":{"type":"ohscript_jober","entity":{"code":"let context1 = entity{\n    .id = \"com.huawei.eDataMate.operators.nas_read_file_plugin\";\n.async = true;\n.format = \"cbor\";\n};\nlet f1 = fit::handleTask(context1);\n\next::context >> f1"},"fitables":["com.huawei.eDataMate.operators.nas_read_file_plugin"],"retryNum":2,"fitablesConfig":[]},"metaId":"dypqqs","joberFilter":{"type":"BATCH_FILTER","threshold":1},"triggerMode":"auto"},{"to":"hciclq","from":"dypqqs","name":"","type":"event","metaId":"rpe715"},{"to":"iokt11","from":"hciclq","name":"","type":"event","metaId":"du8ffs"},{"to":"08imkx","from":"iokt11","name":"","type":"event","metaId":"vf1ksk"},{"name":"图片过滤","type":"state","jober":{"type":"ohscript_jober","entity":{"code":"let context1 = entity{\n    .id = \"com.huawei.eDataMate.operators.img_blurred_images_cleaner_plugin\";\n    .async = true;\n    .format = \"cbor\";\n};\nlet f1 = fit::handleTask(context1);\n\nlet context2 = entity{\n    .id = \"com.huawei.eDataMate.operators.img_advertisement_images_cleaner_plugin\";\n.async = true;\n.format = \"cbor\";\n};\nlet f2 = fit::handleTask(context2);\n\next::context >> f1 >> f2"},"fitables":["com.huawei.eDataMate.operators.img_blurred_images_cleaner_plugin","com.huawei.eDataMate.operators.img_advertisement_images_cleaner_plugin"],"retryNum":2,"fitablesConfig":[]},"metaId":"hciclq","joberFilter":{"type":"BATCH_FILTER","threshold":1},"triggerMode":"auto"},{"to":"ukag3a","from":"08imkx","name":"","type":"event","metaId":"f034wh"},{"name":"图片去重","type":"state","jober":{"type":"ohscript_jober","entity":{"code":"let context1 = entity{\n    .id = \"com.huawei.eDataMate.operators.img_duplicate_images_cleaner_plugin\";\n.async = true;\n.format = \"cbor\";\n};\nlet f1 = fit::handleTask(context1);\n\nlet context2 = entity{\n    .id = \"com.huawei.eDataMate.operators.img_similar_images_cleaner_plugin\";\n.async = true;\n.format = \"cbor\";\n};\nlet f2 = fit::handleTask(context2);\n\next::context >> f1 >> f2"},"fitables":["com.huawei.eDataMate.operators.img_duplicate_images_cleaner_plugin","com.huawei.eDataMate.operators.img_similar_images_cleaner_plugin"],"retryNum":2,"fitablesConfig":[]},"metaId":"iokt11","joberFilter":{"type":"BATCH_FILTER","threshold":1},"triggerMode":"auto"},{"to":"owdz6a","from":"ukag3a","name":"","type":"event","metaId":"wq2urs"},{"name":"图片修复","type":"state","jober":{"type":"ohscript_jober","entity":{"code":"let context2 = entity{\n    .id = \"com.huawei.eDataMate.operators.img_enhanced_brightness_plugin\";\n.async = true;\n.format = \"cbor\";\n};\nlet f2 = fit::handleTask(context2);\n\nlet context3 = entity{\n    .id = \"com.huawei.eDataMate.operators.img_enhanced_contrast_plugin\";\n.async = true;\n.format = \"cbor\";\n};\nlet f3 = fit::handleTask(context3);\n\next::context >> f2 >> f3"},"fitables":["com.huawei.eDataMate.operators.img_enhanced_brightness_plugin","com.huawei.eDataMate.operators.img_enhanced_contrast_plugin"],"retryNum":2,"fitablesConfig":[]},"metaId":"08imkx","joberFilter":{"type":"BATCH_FILTER","threshold":1},"triggerMode":"auto"},{"to":"fvrnq6","from":"owdz6a","name":"","type":"event","metaId":"c5ab1d"},{"name":"图片降噪","type":"state","jober":{"type":"ohscript_jober","entity":{"code":"let context1 = entity{\n    .id = \"com.huawei.eDataMate.operators.img_watermark_remove_plugin\";\n.async = true;\n.format = \"cbor\";\n};\nlet f1 = fit::handleTask(context1);\n\nlet context2 = entity{\n    .id = \"com.huawei.eDataMate.operators.img_denoise_plugin\";\n.async = true;\n.format = \"cbor\";\n};\nlet f2 = fit::handleTask(context2);\n\next::context >> f1 >> f2"},"fitables":["com.huawei.eDataMate.operators.img_watermark_remove_plugin","com.huawei.eDataMate.operators.img_denoise_plugin"],"retryNum":2,"fitablesConfig":[]},"metaId":"ukag3a","joberFilter":{"type":"BATCH_FILTER","threshold":1},"triggerMode":"auto"},{"to":"xza4jy","from":"fvrnq6","name":"","type":"event","metaId":"0mc5bf"},{"name":"图片标准化","type":"state","jober":{"type":"ohscript_jober","entity":{"code":"let context1 = entity{\n    .id = \"com.huawei.eDataMate.operators.img_resize_plugin\";\n.async = true;\n.format = \"cbor\";\n};\nlet f1 = fit::handleTask(context1);\n\nlet context2 = entity{\n    .id = \"com.huawei.eDataMate.operators.img_direction_correct_plugin\";\n.async = true;\n.format = \"cbor\";\n};\nlet f2 = fit::handleTask(context2);\n\nlet context3 = entity{\n    .id = \"com.huawei.eDataMate.operators.img_type_unify_plugin\";\n.async = true;\n.format = \"cbor\";\n};\nlet f3 = fit::handleTask(context3);\n\next::context >> f1 >> f2 >> f3"},"fitables":["com.huawei.eDataMate.operators.img_resize_plugin","com.huawei.eDataMate.operators.img_direction_correct_plugin","com.huawei.eDataMate.operators.img_type_unify_plugin"],"retryNum":2,"fitablesConfig":[]},"metaId":"owdz6a","joberFilter":{"type":"BATCH_FILTER","threshold":1},"triggerMode":"auto"},{"name":"文件落盘","type":"state","jober":{"type":"ohscript_jober","entity":{"code":"let context1 = entity{\n    .id = \"com.huawei.eDataMate.operators.persist_file_plugin\";\n.async = true;\n.format = \"cbor\";\n};\nlet f1 = fit::handleTask(context1);\n\nlet context2 = entity{\n    .id = \"6a6084c0d1e243e7b327cb1a0ba068e2\";\n.async = true;\n.format = \"cbor\";\n};\nlet f2 = fit::handleTask(context2);\n\nlet ans = ext::context >> f1;\nans.get(0).put(\"contextData\", ext::context.get(0).get(\"contextData\"));\nans >> f2"},"fitables":["com.huawei.eDataMate.operators.persist_file_plugin","6a6084c0d1e243e7b327cb1a0ba068e2"],"retryNum":2,"fitablesConfig":[]},"metaId":"fvrnq6","joberFilter":{"type":"BATCH_FILTER","threshold":1},"triggerMode":"auto"},{"name":"结束","type":"end","metaId":"xza4jy","triggerMode":"auto"}],"metaId":"e0c0ef8ac0ec45b9a8d55044fadf76fd","status":"active","version":"1.0.0"}', 'com.huawei.a3000', '2024-02-29 12:02:20.867') ON CONFLICT (definition_id) DO NOTHING;

INSERT INTO "public"."tag_usage" ("id", "tag_id", "object_type", "object_id", "created_by", "created_at") VALUES ('7618766600f74a2891532dd41f515c0f', '1feb21baf20d42e0befd83bc325c7cd3', 'FLOW GRAPH', 'e0c0ef8ac0ec45b9a8d55044fadf76fd', 'com.huawei.a3000', '2024-02-29 04:02:20.591') ON CONFLICT (id) DO NOTHING;

INSERT INTO "public"."fitable_usage" ("fitable_id", "definition_id") VALUES ('com.huawei.eDataMate.operators.img_resize_plugin', '4dceb6433484420bb0989565ff6c9049') ON CONFLICT (fitable_id, definition_id) DO NOTHING;
INSERT INTO "public"."fitable_usage" ("fitable_id", "definition_id") VALUES ('6a6084c0d1e243e7b327cb1a0ba068e2', '4dceb6433484420bb0989565ff6c9049') ON CONFLICT (fitable_id, definition_id) DO NOTHING;
INSERT INTO "public"."fitable_usage" ("fitable_id", "definition_id") VALUES ('com.huawei.eDataMate.operators.img_enhanced_contrast_plugin', '4dceb6433484420bb0989565ff6c9049') ON CONFLICT (fitable_id, definition_id) DO NOTHING;
INSERT INTO "public"."fitable_usage" ("fitable_id", "definition_id") VALUES ('com.huawei.eDataMate.operators.persist_file_plugin', '4dceb6433484420bb0989565ff6c9049') ON CONFLICT (fitable_id, definition_id) DO NOTHING;
INSERT INTO "public"."fitable_usage" ("fitable_id", "definition_id") VALUES ('com.huawei.eDataMate.operators.img_denoise_plugin', '4dceb6433484420bb0989565ff6c9049') ON CONFLICT (fitable_id, definition_id) DO NOTHING;
INSERT INTO "public"."fitable_usage" ("fitable_id", "definition_id") VALUES ('com.huawei.eDataMate.operators.img_enhanced_brightness_plugin', '4dceb6433484420bb0989565ff6c9049') ON CONFLICT (fitable_id, definition_id) DO NOTHING;
INSERT INTO "public"."fitable_usage" ("fitable_id", "definition_id") VALUES ('com.huawei.eDataMate.operators.img_blurred_images_cleaner_plugin', '4dceb6433484420bb0989565ff6c9049') ON CONFLICT (fitable_id, definition_id) DO NOTHING;
INSERT INTO "public"."fitable_usage" ("fitable_id", "definition_id") VALUES ('com.huawei.eDataMate.operators.img_direction_correct_plugin', '4dceb6433484420bb0989565ff6c9049') ON CONFLICT (fitable_id, definition_id) DO NOTHING;
INSERT INTO "public"."fitable_usage" ("fitable_id", "definition_id") VALUES ('com.huawei.eDataMate.operators.nas_scanner_plugin', '4dceb6433484420bb0989565ff6c9049') ON CONFLICT (fitable_id, definition_id) DO NOTHING;
INSERT INTO "public"."fitable_usage" ("fitable_id", "definition_id") VALUES ('fd04d6f24ecd4ebb8f889014a441cc63', '4dceb6433484420bb0989565ff6c9049') ON CONFLICT (fitable_id, definition_id) DO NOTHING;
INSERT INTO "public"."fitable_usage" ("fitable_id", "definition_id") VALUES ('com.huawei.eDataMate.operators.nas_read_file_plugin', '4dceb6433484420bb0989565ff6c9049') ON CONFLICT (fitable_id, definition_id) DO NOTHING;
INSERT INTO "public"."fitable_usage" ("fitable_id", "definition_id") VALUES ('com.huawei.eDataMate.operators.img_advertisement_images_cleaner_plugin', '4dceb6433484420bb0989565ff6c9049') ON CONFLICT (fitable_id, definition_id) DO NOTHING;
INSERT INTO "public"."fitable_usage" ("fitable_id", "definition_id") VALUES ('com.huawei.eDataMate.operators.img_similar_images_cleaner_plugin', '4dceb6433484420bb0989565ff6c9049') ON CONFLICT (fitable_id, definition_id) DO NOTHING;
INSERT INTO "public"."fitable_usage" ("fitable_id", "definition_id") VALUES ('com.huawei.eDataMate.operators.img_watermark_remove_plugin', '4dceb6433484420bb0989565ff6c9049') ON CONFLICT (fitable_id, definition_id) DO NOTHING;
INSERT INTO "public"."fitable_usage" ("fitable_id", "definition_id") VALUES ('com.huawei.eDataMate.operators.img_duplicate_images_cleaner_plugin', '4dceb6433484420bb0989565ff6c9049') ON CONFLICT (fitable_id, definition_id) DO NOTHING;
INSERT INTO "public"."fitable_usage" ("fitable_id", "definition_id") VALUES ('com.huawei.eDataMate.operators.img_type_unify_plugin', '4dceb6433484420bb0989565ff6c9049') ON CONFLICT (fitable_id, definition_id) DO NOTHING;

-- obs
INSERT INTO "public"."flow_graph" ("id", "version", "tenant", "status", "name", "data", "created_by", "created_at", "updated_by", "updated_at", "previous", "is_deleted") VALUES ('ed0519a5dcfd45f3a2a0950c6db8c493', '1.0.0', '4b1f59a7ccdd4faf930f29b4f1f946b3', 'active', '图片清洗模板-OBS', '{"id":"ed0519a5dcfd45f3a2a0950c6db8c493","title":"图片清洗模板-OBS","source":"elsa","type":"graph","tenant":"default","setting":{"borderColor":"steelblue","backColor":"whitesmoke","headColor":"steelblue","fontColor":"steelblue","captionfontColor":"whitesmoke","fontFace":"arial","captionfontFace":"arial black","fontSize":12,"captionfontSize":14,"fontStyle":"normal","captionfontStyle":"normal","fontWeight":"lighter","captionfontWeight":"lighter","hAlign":"center","vAlign":"top","captionhAlign":"center","lineHeight":1.5,"lineWidth":2,"captionlineHeight":1,"focusMargin":0,"focusBorderColor":"darkorange","focusFontColor":"darkorange","focusBackColor":"whitesmoke","mouseInColor":"orange","mouseInBorderColor":"orange","mouseInFontColor":"orange","mouseInBackColor":"whitesmoke","borderWidth":1,"globalAlpha":1,"backAlpha":0.15,"cornerRadius":4,"dashWidth":0,"autoText":false,"autoHeight":false,"autoWidth":false,"margin":25,"pad":10,"code":"","rotateDegree":0,"shadow":false,"shadowData":"2px 2px 4px","outstanding":false,"pDock":"none","dockMode":"none","priority":0,"infoType":{"next":"INFORMATION","name":"none"},"progressStatus":{"next":"UNKNOWN","color":"gray","name":"NONE"},"progressPercent":0.65,"showedProgress":false,"itemPad":[5,5,5,5],"itemScroll":{"x":0,"y":0},"scrollLock":{"x":false,"y":false},"resizeable":true,"selectable":true,"rotateAble":true,"editable":true,"moveable":true,"dragable":true,"visible":true,"deletable":true,"allowLink":true,"shared":false,"strikethrough":false,"underline":false,"numberedList":false,"bulletedList":false,"enableAnimation":false,"enableSocial":true,"emphasized":false,"bulletSpeed":1,"tag":{}},"pages":[{"type":"page","id":"elsa-page:q6ftpc","text":"--","namespace":"elsa","x":0,"y":0,"width":2489,"height":1195,"bold":false,"italic":false,"dockAlign":"top","division":-1,"itemSpace":5,"itemPad":[0,0,0,0],"itemScroll":{"x":0,"y":0},"hideText":true,"dockMode":"none","shapesAs":{},"borderColor":"white","backColor":"white","fontSize":18,"fontFace":"arial","fontColor":"#ECD0A7","fontWeight":"bold","fontStyle":"normal","hAlign":"left","vAlign":"top","enableContextMenu":true,"moveable":true,"container":"elsa-page:q6ftpc","dirty":false,"isPage":true,"mode":"configuration","shapes":[{"id":"1vudf8","version":"1.0.5","autoWidth":false,"bold":false,"borderWidth":0,"completedTask":0,"createTime":{"$date":"2024-01-26T06:53:51.709Z"},"createUser":"a3000","dirty":false,"enableAnimation":true,"height":30,"hideText":true,"index":100,"isDeleted":false,"italic":false,"margin":10,"namespace":"flowable","oldId":"qq12be","pad":6,"rotateAble":false,"runningTask":0,"text":"开始","triggerMode":"auto","type":"start","updateTime":{"$date":"2024-02-28T08:58:52.97Z"},"updateUser":"a3000","warningTask":0,"width":30,"x":168,"y":473,"container":"elsa-page:q6ftpc"},{"id":"r8qj6p","version":"1.0.5","allowLink":false,"backColor":"white","beginArrow":false,"beginArrowEmpty":false,"beginArrowSize":4,"bold":false,"borderWidth":1,"createTime":{"$date":"2024-01-26T06:53:51.709Z"},"createUser":"a3000","curvePoint1":{"x":0,"y":0},"curvePoint2":{"x":0,"y":0},"dashWidth":0,"definedFromConnector":"E","definedToConnector":"","dirty":true,"endArrow":true,"endArrowEmpty":false,"endArrowSize":4,"endpointOffsetX":0,"endpointOffsetY":0,"fromShape":"1vudf8","hAlign":"center","height":-0.9999999999999432,"hideText":false,"index":101,"isDeleted":false,"italic":false,"lineMode":{"type":"broken"},"lineWidth":2,"margin":29.50000000000003,"namespace":"flowable","oldId":"zvksof","pad":0,"text":"","textInnerHtml":"<p id=\"gc7gth\"><br data-cke-filler=\"true\"></p>","textX":0,"textY":0,"toShape":"y44sdt","type":"event","updateTime":{"$date":"2024-02-28T08:58:52.97Z"},"updateUser":"a3000","width":76,"x":198,"y":488,"container":"elsa-page:q6ftpc"},{"id":"qdmwgl","version":"1.0.5","allowLink":false,"backColor":"white","beginArrow":false,"beginArrowEmpty":false,"beginArrowSize":4,"bold":false,"borderWidth":1,"createTime":{"$date":"2024-01-26T06:53:51.71Z"},"createUser":"a3000","curvePoint1":{"x":0,"y":0},"curvePoint2":{"x":0,"y":0},"dashWidth":0,"definedFromConnector":"E","definedToConnector":"","dirty":true,"endArrow":true,"endArrowEmpty":false,"endArrowSize":4,"endpointOffsetX":0,"endpointOffsetY":0,"fromShape":"y44sdt","hAlign":"center","height":0.00044094401300753816,"hideText":false,"index":102,"isDeleted":false,"italic":false,"lineMode":{"type":"broken"},"lineWidth":2,"margin":29.999779527993498,"namespace":"flowable","oldId":"pzx7wz","pad":0,"text":"","textInnerHtml":"<p id=\"rqe654\"><br data-cke-filler=\"true\"></p>","textX":0,"textY":0,"toShape":"ncyrv2","type":"event","updateTime":{"$date":"2024-02-28T08:58:52.97Z"},"updateUser":"a3000","width":74,"x":337,"y":487.00000000000008,"container":"elsa-page:q6ftpc"},{"id":"y44sdt","version":"1.0.5","autoHeight":true,"autoWidth":true,"bold":false,"completedTask":0,"createTime":{"$date":"2024-01-26T06:53:51.71Z"},"createUser":"a3000","dirty":true,"enableAnimation":true,"height":30,"index":103,"isDeleted":false,"italic":false,"jober":{"fitables":["com.huawei.eDataMate.operators.obs_plugin.list_objects","fd04d6f24ecd4ebb8f889014a441cc63"],"fitablesConfig":[],"entity":{"code":"let context1 = entity{\n    .async = true;\n    .format = \"cbor\";\n    .id = \"com.huawei.eDataMate.operators.obs_plugin.list_objects\";\n    };\nlet f1 = fit::handleTask(context1);\nlet ans = ext::context >> f1;\nlet context2 = entity{\n\t.async = true;\n\t.format = \"cbor\";\n\t.id = \"fd04d6f24ecd4ebb8f889014a441cc63\";\n};\nlet f2 = fit::handleTask(context2);\nans >> f2"},"retryNum":2,"type":"ohscript_jober"},"joberFilter":{"threshold":1,"type":"BATCH_FILTER"},"namespace":"flowable","oldId":"ae0xu4","pad":6,"rotateAble":false,"runningTask":0,"text":"文件扫盘","triggerMode":"auto","type":"state","updateTime":{"$date":"2024-02-28T08:58:52.969Z"},"updateUser":"a3000","warningTask":0,"width":63,"x":274,"y":472.00000000000008,"container":"elsa-page:q6ftpc"},{"id":"ncyrv2","version":"1.0.5","autoHeight":true,"autoWidth":true,"bold":false,"completedTask":0,"createTime":{"$date":"2024-01-26T06:53:51.71Z"},"createUser":"a3000","dirty":true,"enableAnimation":true,"height":30,"index":104,"isDeleted":false,"italic":false,"jober":{"fitables":["com.huawei.eDataMate.operators.obs_plugin.read_object"],"fitablesConfig":[],"entity":{"code":"let context1 = entity{\n    .id = \"com.huawei.eDataMate.operators.obs_plugin.read_object\";\n.async = true;\n.format = \"cbor\";\n};\nlet f1 = fit::handleTask(context1);\n\next::context >> f1"},"retryNum":2,"type":"ohscript_jober"},"joberFilter":{"threshold":1,"type":"BATCH_FILTER"},"namespace":"flowable","oldId":"csl2wj","pad":6,"rotateAble":false,"runningTask":0,"text":"文件读取","triggerMode":"auto","type":"state","updateTime":{"$date":"2024-02-28T08:58:52.97Z"},"updateUser":"a3000","warningTask":0,"width":63,"x":411,"y":472.00044094401309,"container":"elsa-page:q6ftpc"},{"id":"7zuk0l","version":"1.0.5","allowLink":false,"backColor":"white","beginArrow":false,"beginArrowEmpty":false,"beginArrowSize":4,"bold":false,"borderWidth":1,"createTime":{"$date":"2024-01-26T07:28:31.263Z"},"createUser":"a3000","curvePoint1":{"x":0,"y":0},"curvePoint2":{"x":0,"y":0},"dashWidth":0,"definedFromConnector":"E","definedToConnector":"","dirty":true,"endArrow":true,"endArrowEmpty":false,"endArrowSize":4,"endpointOffsetX":0,"endpointOffsetY":0,"fromShape":"ncyrv2","hAlign":"center","height":1.0002204720065607,"hideText":false,"index":105,"isDeleted":false,"italic":false,"lineMode":{"type":"broken"},"lineWidth":2,"margin":29.49988976399672,"namespace":"flowable","oldId":"3dxr2v","pad":0,"text":"","textInnerHtml":"<p id=\"vcisw8\"><br data-cke-filler=\"true\"></p>","textX":0,"textY":0,"toShape":"20yhuv","type":"event","updateTime":{"$date":"2024-02-28T08:58:52.97Z"},"updateUser":"a3000","width":77,"x":474,"y":487.00044094401309,"container":"elsa-page:q6ftpc"},{"id":"a2z6jo","version":"1.0.5","allowLink":false,"backColor":"white","beginArrow":false,"beginArrowEmpty":false,"beginArrowSize":4,"bold":false,"borderWidth":1,"createTime":{"$date":"2024-01-26T07:28:31.263Z"},"createUser":"a3000","curvePoint1":{"x":0,"y":0},"curvePoint2":{"x":0,"y":0},"dashWidth":0,"definedFromConnector":"E","definedToConnector":"","dirty":true,"endArrow":true,"endArrowEmpty":false,"endArrowSize":4,"endpointOffsetX":0,"endpointOffsetY":0,"fromShape":"20yhuv","hAlign":"center","height":0.22047200655998723,"hideText":false,"index":106,"isDeleted":false,"italic":false,"lineMode":{"type":"broken"},"lineWidth":2,"margin":29.889763996720008,"namespace":"flowable","oldId":"o9hlyn","pad":0,"text":"","textInnerHtml":"<p id=\"bbq99s\"><br data-cke-filler=\"true\"></p>","textX":0,"textY":0,"toShape":"uvnea7","type":"event","updateTime":{"$date":"2024-02-28T08:58:52.969Z"},"updateUser":"a3000","width":85,"x":614,"y":488.0006614160196,"container":"elsa-page:q6ftpc"},{"id":"6z6khz","version":"1.0.5","allowLink":false,"backColor":"white","beginArrow":false,"beginArrowEmpty":false,"beginArrowSize":4,"bold":false,"borderWidth":1,"createTime":{"$date":"2024-01-26T07:28:31.263Z"},"createUser":"a3000","curvePoint1":{"x":0,"y":0},"curvePoint2":{"x":0,"y":0},"dashWidth":0,"definedFromConnector":"E","definedToConnector":"","dirty":true,"endArrow":true,"endArrowEmpty":false,"endArrowSize":4,"endpointOffsetX":0,"endpointOffsetY":0,"fromShape":"uvnea7","hAlign":"center","height":0.22047200664002276,"hideText":false,"index":107,"isDeleted":false,"italic":false,"lineMode":{"type":"broken"},"lineWidth":2,"margin":29.88976399667999,"namespace":"flowable","oldId":"gu6nxv","pad":0,"text":"","textInnerHtml":"<p id=\"x6lpia\"><br data-cke-filler=\"true\"></p>","textX":0,"textY":0,"toShape":"ueq052","type":"event","updateTime":{"$date":"2024-02-28T08:58:52.969Z"},"updateUser":"a3000","width":74,"x":762,"y":488.2211334225796,"container":"elsa-page:q6ftpc"},{"id":"20yhuv","version":"1.0.5","autoHeight":true,"autoWidth":true,"bold":false,"completedTask":0,"createTime":{"$date":"2024-01-26T07:28:31.263Z"},"createUser":"a3000","dirty":false,"enableAnimation":true,"height":30,"index":108,"isDeleted":false,"italic":false,"jober":{"fitables":["com.huawei.eDataMate.operators.img_blurred_images_cleaner_plugin","com.huawei.eDataMate.operators.img_advertisement_images_cleaner_plugin"],"fitablesConfig":[],"entity":{"code":"let context1 = entity{\n    .id = \"com.huawei.eDataMate.operators.img_blurred_images_cleaner_plugin\";\n    .async = true;\n    .format = \"cbor\";\n};\nlet f1 = fit::handleTask(context1);\n\nlet context2 = entity{\n    .id = \"com.huawei.eDataMate.operators.img_advertisement_images_cleaner_plugin\";\n.async = true;\n.format = \"cbor\";\n};\nlet f2 = fit::handleTask(context2);\n\next::context >> f1 >> f2"},"retryNum":2,"type":"ohscript_jober"},"joberFilter":{"threshold":1,"type":"BATCH_FILTER"},"namespace":"flowable","oldId":"3myf1z","pad":6,"rotateAble":false,"runningTask":0,"text":"图片过滤","triggerMode":"auto","type":"state","updateTime":{"$date":"2024-02-28T08:58:52.969Z"},"updateUser":"a3000","warningTask":0,"width":63,"x":551,"y":473.0006614160196,"container":"elsa-page:q6ftpc"},{"id":"toussw","version":"1.0.5","allowLink":false,"backColor":"white","beginArrow":false,"beginArrowEmpty":false,"beginArrowSize":4,"bold":false,"borderWidth":1,"createTime":{"$date":"2024-01-26T07:28:31.264Z"},"createUser":"a3000","curvePoint1":{"x":0,"y":0},"curvePoint2":{"x":0,"y":0},"dashWidth":0,"definedFromConnector":"E","definedToConnector":"","dirty":true,"endArrow":true,"endArrowEmpty":false,"endArrowSize":4,"endpointOffsetX":0,"endpointOffsetY":0,"fromShape":"ueq052","hAlign":"center","height":0.22047200650001742,"hideText":false,"index":109,"isDeleted":false,"italic":false,"lineMode":{"type":"broken"},"lineWidth":2,"margin":29.88976399674999,"namespace":"flowable","oldId":"vgmhgv","pad":0,"text":"","textInnerHtml":"<p id=\"a3ywrk\"><br data-cke-filler=\"true\"></p>","textX":0,"textY":0,"toShape":"a025f3","type":"event","updateTime":{"$date":"2024-02-28T08:58:52.969Z"},"updateUser":"a3000","width":79,"x":899,"y":488.44160542921966,"container":"elsa-page:q6ftpc"},{"id":"uvnea7","version":"1.0.5","autoHeight":true,"autoWidth":true,"bold":false,"completedTask":0,"createTime":{"$date":"2024-01-26T07:28:31.263Z"},"createUser":"a3000","dirty":false,"enableAnimation":true,"height":30,"index":110,"isDeleted":false,"italic":false,"jober":{"fitables":["com.huawei.eDataMate.operators.img_duplicate_images_cleaner_plugin","com.huawei.eDataMate.operators.img_similar_images_cleaner_plugin"],"fitablesConfig":[],"entity":{"code":"let context1 = entity{\n    .id = \"com.huawei.eDataMate.operators.img_duplicate_images_cleaner_plugin\";\n.async = true;\n.format = \"cbor\";\n};\nlet f1 = fit::handleTask(context1);\n\nlet context2 = entity{\n    .id = \"com.huawei.eDataMate.operators.img_similar_images_cleaner_plugin\";\n.async = true;\n.format = \"cbor\";\n};\nlet f2 = fit::handleTask(context2);\n\next::context >> f1 >> f2"},"retryNum":2,"type":"ohscript_jober"},"joberFilter":{"threshold":1,"type":"BATCH_FILTER"},"namespace":"flowable","oldId":"605gwc","pad":6,"rotateAble":false,"runningTask":0,"text":"图片去重","triggerMode":"auto","type":"state","updateTime":{"$date":"2024-02-28T08:58:52.97Z"},"updateUser":"a3000","warningTask":0,"width":63,"x":699,"y":473.2211334225796,"container":"elsa-page:q6ftpc"},{"id":"13n4xs","version":"1.0.5","allowLink":false,"backColor":"white","beginArrow":false,"beginArrowEmpty":false,"beginArrowSize":4,"bold":false,"borderWidth":1,"createTime":{"$date":"2024-01-26T07:28:31.264Z"},"createUser":"a3000","curvePoint1":{"x":0,"y":0},"curvePoint2":{"x":0,"y":0},"dashWidth":0,"definedFromConnector":"E","definedToConnector":"","dirty":true,"endArrow":true,"endArrowEmpty":false,"endArrowSize":4,"endpointOffsetX":0,"endpointOffsetY":0,"fromShape":"a025f3","hAlign":"center","height":0.22047200659994815,"hideText":false,"index":111,"isDeleted":false,"italic":false,"lineMode":{"type":"broken"},"lineWidth":2,"margin":29.889763996700027,"namespace":"flowable","oldId":"jlyjhk","pad":0,"text":"","textInnerHtml":"<p id=\"26ohi1\"><br data-cke-filler=\"true\"></p>","textX":0,"textY":0,"toShape":"5afaoh","type":"event","updateTime":{"$date":"2024-02-28T08:58:52.97Z"},"updateUser":"a3000","width":95,"x":1041,"y":488.66207743571968,"container":"elsa-page:q6ftpc"},{"id":"ueq052","version":"1.0.5","autoHeight":true,"autoWidth":true,"bold":false,"completedTask":0,"createTime":{"$date":"2024-01-26T07:28:31.264Z"},"createUser":"a3000","dirty":false,"enableAnimation":true,"height":30,"index":112,"isDeleted":false,"italic":false,"jober":{"fitablesConfig":[],"entity":{"code":"let context2 = entity{\n    .id = \"com.huawei.eDataMate.operators.img_enhanced_brightness_plugin\";\n.async = true;\n.format = \"cbor\";\n};\nlet f2 = fit::handleTask(context2);\n\nlet context3 = entity{\n    .id = \"com.huawei.eDataMate.operators.img_enhanced_contrast_plugin\";\n.async = true;\n.format = \"cbor\";\n};\nlet f3 = fit::handleTask(context3);\n\next::context >> f2 >> f3"},"fitables":["com.huawei.eDataMate.operators.img_enhanced_brightness_plugin","com.huawei.eDataMate.operators.img_enhanced_contrast_plugin"],"retryNum":2,"type":"ohscript_jober"},"joberFilter":{"threshold":1,"type":"BATCH_FILTER"},"namespace":"flowable","oldId":"ktzc03","pad":6,"rotateAble":false,"runningTask":0,"text":"图片修复","triggerMode":"auto","type":"state","updateTime":{"$date":"2024-02-28T08:58:52.97Z"},"updateUser":"a3000","warningTask":0,"width":63,"x":836,"y":473.44160542921966,"container":"elsa-page:q6ftpc"},{"id":"oc06h0","version":"1.0.5","allowLink":false,"backColor":"white","beginArrow":false,"beginArrowEmpty":false,"beginArrowSize":4,"bold":false,"borderWidth":1,"createTime":{"$date":"2024-01-26T07:28:31.264Z"},"createUser":"a3000","curvePoint1":{"x":0,"y":0},"curvePoint2":{"x":0,"y":0},"dashWidth":0,"definedFromConnector":"E","definedToConnector":"","dirty":true,"endArrow":true,"endArrowEmpty":false,"endArrowSize":4,"endpointOffsetX":0,"endpointOffsetY":0,"fromShape":"5afaoh","hAlign":"center","height":0.22834797699005095,"hideText":false,"index":113,"isDeleted":false,"italic":false,"lineMode":{"type":"broken"},"lineWidth":2,"margin":29.885826011504976,"namespace":"flowable","oldId":"p7mnhe","pad":0,"text":"","textInnerHtml":"<p id=\"ss0wo2\"><br data-cke-filler=\"true\"></p>","textX":0,"textY":0,"toShape":"jmstgy","type":"event","updateTime":{"$date":"2024-02-28T08:58:52.97Z"},"updateUser":"a3000","width":76,"x":1211,"y":488.8825494423196,"container":"elsa-page:q6ftpc"},{"id":"a025f3","version":"1.0.5","autoHeight":true,"autoWidth":true,"bold":false,"completedTask":0,"createTime":{"$date":"2024-01-26T07:28:31.264Z"},"createUser":"a3000","dirty":false,"enableAnimation":true,"height":30,"index":114,"isDeleted":false,"italic":false,"jober":{"fitablesConfig":[],"entity":{"code":"let context1 = entity{\n    .id = \"com.huawei.eDataMate.operators.img_watermark_remove_plugin\";\n.async = true;\n.format = \"cbor\";\n};\nlet f1 = fit::handleTask(context1);\n\nlet context2 = entity{\n    .id = \"com.huawei.eDataMate.operators.img_denoise_plugin\";\n.async = true;\n.format = \"cbor\";\n};\nlet f2 = fit::handleTask(context2);\n\next::context >> f1 >> f2"},"fitables":["com.huawei.eDataMate.operators.img_watermark_remove_plugin","com.huawei.eDataMate.operators.img_denoise_plugin"],"retryNum":2,"type":"ohscript_jober"},"joberFilter":{"threshold":1,"type":"BATCH_FILTER"},"namespace":"flowable","oldId":"zo3r59","pad":6,"rotateAble":false,"runningTask":0,"text":"图片降噪","triggerMode":"auto","type":"state","updateTime":{"$date":"2024-02-28T08:58:52.97Z"},"updateUser":"a3000","warningTask":0,"width":63,"x":978,"y":473.66207743571968,"container":"elsa-page:q6ftpc"},{"id":"b8q7iz","version":"1.0.5","allowLink":false,"backColor":"white","beginArrow":false,"beginArrowEmpty":false,"beginArrowSize":4,"bold":false,"borderWidth":1,"createTime":{"$date":"2024-01-26T07:28:31.264Z"},"createUser":"a3000","curvePoint1":{"x":0,"y":0},"curvePoint2":{"x":0,"y":0},"dashWidth":0,"definedFromConnector":"E","definedToConnector":"","dirty":true,"endArrow":true,"endArrowEmpty":false,"endArrowSize":4,"endpointOffsetX":0,"endpointOffsetY":0,"fromShape":"jmstgy","hAlign":"center","height":0.04409440131399833,"hideText":false,"index":115,"isDeleted":false,"italic":false,"lineMode":{"type":"broken"},"lineWidth":2,"margin":29.977952799343,"namespace":"flowable","oldId":"k4d7eq","pad":0,"text":"","textInnerHtml":"<p id=\"3kbgws\"><br data-cke-filler=\"true\"></p>","textX":0,"textY":0,"toShape":"sqjjdo","type":"event","updateTime":{"$date":"2024-02-28T08:58:52.97Z"},"updateUser":"a3000","width":92,"x":1350,"y":489.11089741930967,"container":"elsa-page:q6ftpc"},{"id":"5afaoh","version":"1.0.5","autoHeight":true,"autoWidth":true,"bold":false,"completedTask":0,"createTime":{"$date":"2024-01-26T07:28:31.264Z"},"createUser":"a3000","dirty":false,"enableAnimation":true,"height":30,"index":116,"isDeleted":false,"italic":false,"jober":{"fitables":["com.huawei.eDataMate.operators.img_resize_plugin","com.huawei.eDataMate.operators.img_direction_correct_plugin","com.huawei.eDataMate.operators.img_type_unify_plugin"],"fitablesConfig":[],"entity":{"code":"let context1 = entity{\n    .id = \"com.huawei.eDataMate.operators.img_resize_plugin\";\n.async = true;\n.format = \"cbor\";\n};\nlet f1 = fit::handleTask(context1);\n\nlet context2 = entity{\n    .id = \"com.huawei.eDataMate.operators.img_direction_correct_plugin\";\n.async = true;\n.format = \"cbor\";\n};\nlet f2 = fit::handleTask(context2);\n\nlet context3 = entity{\n    .id = \"com.huawei.eDataMate.operators.img_type_unify_plugin\";\n.async = true;\n.format = \"cbor\";\n};\nlet f3 = fit::handleTask(context3);\n\next::context >> f1 >> f2 >> f3"},"retryNum":2,"type":"ohscript_jober"},"joberFilter":{"threshold":1,"type":"BATCH_FILTER"},"namespace":"flowable","oldId":"u70m4l","pad":6,"rotateAble":false,"runningTask":0,"text":"图片标准化","triggerMode":"auto","type":"state","updateTime":{"$date":"2024-02-28T08:58:52.969Z"},"updateUser":"a3000","warningTask":0,"width":75,"x":1136,"y":473.8825494423196,"container":"elsa-page:q6ftpc"},{"id":"jmstgy","version":"1.0.5","autoHeight":true,"autoWidth":true,"bold":false,"completedTask":0,"createTime":{"$date":"2024-01-26T07:28:31.264Z"},"createUser":"a3000","dirty":false,"enableAnimation":true,"height":30,"index":117,"isDeleted":false,"italic":false,"jober":{"fitables":["com.huawei.eDataMate.operators.persist_file_plugin","6a6084c0d1e243e7b327cb1a0ba068e2"],"fitablesConfig":[],"entity":{"code":"let context1 = entity{\n    .id = \"com.huawei.eDataMate.operators.persist_file_plugin\";\n.async = true;\n.format = \"cbor\";\n};\nlet f1 = fit::handleTask(context1);\n\nlet context2 = entity{\n    .id = \"6a6084c0d1e243e7b327cb1a0ba068e2\";\n.async = true;\n.format = \"cbor\";\n};\nlet f2 = fit::handleTask(context2);\n\nlet ans = ext::context >> f1;\nans.get(0).put(\"contextData\", ext::context.get(0).get(\"contextData\"));\nans >> f2"},"retryNum":2,"type":"ohscript_jober"},"joberFilter":{"threshold":1,"type":"BATCH_FILTER"},"namespace":"flowable","oldId":"0pwq8w","pad":6,"rotateAble":false,"runningTask":0,"text":"文件落盘","textInnerHtml":"<p id=\"eabzh8\">文件落盘</p>","triggerMode":"auto","type":"state","updateTime":{"$date":"2024-02-28T08:58:52.969Z"},"updateUser":"a3000","warningTask":0,"width":63,"x":1287,"y":474.11089741930967,"container":"elsa-page:q6ftpc"},{"id":"sqjjdo","version":"1.0.5","autoWidth":false,"bold":false,"borderWidth":0,"completedTask":0,"createTime":{"$date":"2024-01-26T07:28:31.264Z"},"createUser":"a3000","dirty":false,"enableAnimation":true,"height":30,"hideText":true,"index":118,"isDeleted":false,"italic":false,"joberFilter":{"threshold":1,"type":"BATCH_FILTER"},"margin":10,"namespace":"flowable","oldId":"7vruig","pad":6,"rotateAble":false,"runningTask":0,"text":"结束","triggerMode":"auto","type":"end","updateTime":{"$date":"2024-02-28T08:58:52.97Z"},"updateUser":"a3000","warningTask":0,"width":30,"x":1442,"y":474.15499182062367,"container":"elsa-page:q6ftpc"}],"index":0}]}', 'com.huawei.a3000', '2024-02-29 12:06:05.98', 'com.huawei.a3000', '2024-02-29 12:06:05.98', NULL, 'f') ON CONFLICT (id, version) DO NOTHING;

INSERT INTO "public"."flow_definition" ("definition_id", "meta_id", "name", "tenant", "version", "status", "graph", "created_by", "created_at") VALUES ('7364843138114347936ad802eb147ed3', 'ed0519a5dcfd45f3a2a0950c6db8c493', '图片清洗模板-OBS', '4b1f59a7ccdd4faf930f29b4f1f946b3', '1.0.0', 'active', '{"name":"图片清洗模板-OBS","nodes":[{"name":"开始","type":"start","metaId":"1vudf8","triggerMode":"auto"},{"to":"y44sdt","from":"1vudf8","name":"","type":"event","metaId":"r8qj6p"},{"to":"ncyrv2","from":"y44sdt","name":"","type":"event","metaId":"qdmwgl"},{"name":"文件扫盘","type":"state","jober":{"type":"ohscript_jober","entity":{"code":"let context1 = entity{\n    .async = true;\n    .format = \"cbor\";\n    .id = \"com.huawei.eDataMate.operators.obs_plugin.list_objects\";\n    };\nlet f1 = fit::handleTask(context1);\nlet ans = ext::context >> f1;\nlet context2 = entity{\n\t.async = true;\n\t.format = \"cbor\";\n\t.id = \"fd04d6f24ecd4ebb8f889014a441cc63\";\n};\nlet f2 = fit::handleTask(context2);\nans >> f2"},"fitables":["com.huawei.eDataMate.operators.obs_plugin.list_objects","fd04d6f24ecd4ebb8f889014a441cc63"],"retryNum":2,"fitablesConfig":[]},"metaId":"y44sdt","joberFilter":{"type":"BATCH_FILTER","threshold":1},"triggerMode":"auto"},{"name":"文件读取","type":"state","jober":{"type":"ohscript_jober","entity":{"code":"let context1 = entity{\n    .id = \"com.huawei.eDataMate.operators.obs_plugin.read_object\";\n.async = true;\n.format = \"cbor\";\n};\nlet f1 = fit::handleTask(context1);\n\next::context >> f1"},"fitables":["com.huawei.eDataMate.operators.obs_plugin.read_object"],"retryNum":2,"fitablesConfig":[]},"metaId":"ncyrv2","joberFilter":{"type":"BATCH_FILTER","threshold":1},"triggerMode":"auto"},{"to":"20yhuv","from":"ncyrv2","name":"","type":"event","metaId":"7zuk0l"},{"to":"uvnea7","from":"20yhuv","name":"","type":"event","metaId":"a2z6jo"},{"to":"ueq052","from":"uvnea7","name":"","type":"event","metaId":"6z6khz"},{"name":"图片过滤","type":"state","jober":{"type":"ohscript_jober","entity":{"code":"let context1 = entity{\n    .id = \"com.huawei.eDataMate.operators.img_blurred_images_cleaner_plugin\";\n    .async = true;\n    .format = \"cbor\";\n};\nlet f1 = fit::handleTask(context1);\n\nlet context2 = entity{\n    .id = \"com.huawei.eDataMate.operators.img_advertisement_images_cleaner_plugin\";\n.async = true;\n.format = \"cbor\";\n};\nlet f2 = fit::handleTask(context2);\n\next::context >> f1 >> f2"},"fitables":["com.huawei.eDataMate.operators.img_blurred_images_cleaner_plugin","com.huawei.eDataMate.operators.img_advertisement_images_cleaner_plugin"],"retryNum":2,"fitablesConfig":[]},"metaId":"20yhuv","joberFilter":{"type":"BATCH_FILTER","threshold":1},"triggerMode":"auto"},{"to":"a025f3","from":"ueq052","name":"","type":"event","metaId":"toussw"},{"name":"图片去重","type":"state","jober":{"type":"ohscript_jober","entity":{"code":"let context1 = entity{\n    .id = \"com.huawei.eDataMate.operators.img_duplicate_images_cleaner_plugin\";\n.async = true;\n.format = \"cbor\";\n};\nlet f1 = fit::handleTask(context1);\n\nlet context2 = entity{\n    .id = \"com.huawei.eDataMate.operators.img_similar_images_cleaner_plugin\";\n.async = true;\n.format = \"cbor\";\n};\nlet f2 = fit::handleTask(context2);\n\next::context >> f1 >> f2"},"fitables":["com.huawei.eDataMate.operators.img_duplicate_images_cleaner_plugin","com.huawei.eDataMate.operators.img_similar_images_cleaner_plugin"],"retryNum":2,"fitablesConfig":[]},"metaId":"uvnea7","joberFilter":{"type":"BATCH_FILTER","threshold":1},"triggerMode":"auto"},{"to":"5afaoh","from":"a025f3","name":"","type":"event","metaId":"13n4xs"},{"name":"图片修复","type":"state","jober":{"type":"ohscript_jober","entity":{"code":"let context2 = entity{\n    .id = \"com.huawei.eDataMate.operators.img_enhanced_brightness_plugin\";\n.async = true;\n.format = \"cbor\";\n};\nlet f2 = fit::handleTask(context2);\n\nlet context3 = entity{\n    .id = \"com.huawei.eDataMate.operators.img_enhanced_contrast_plugin\";\n.async = true;\n.format = \"cbor\";\n};\nlet f3 = fit::handleTask(context3);\n\next::context >> f2 >> f3"},"fitables":["com.huawei.eDataMate.operators.img_enhanced_brightness_plugin","com.huawei.eDataMate.operators.img_enhanced_contrast_plugin"],"retryNum":2,"fitablesConfig":[]},"metaId":"ueq052","joberFilter":{"type":"BATCH_FILTER","threshold":1},"triggerMode":"auto"},{"to":"jmstgy","from":"5afaoh","name":"","type":"event","metaId":"oc06h0"},{"name":"图片降噪","type":"state","jober":{"type":"ohscript_jober","entity":{"code":"let context1 = entity{\n    .id = \"com.huawei.eDataMate.operators.img_watermark_remove_plugin\";\n.async = true;\n.format = \"cbor\";\n};\nlet f1 = fit::handleTask(context1);\n\nlet context2 = entity{\n    .id = \"com.huawei.eDataMate.operators.img_denoise_plugin\";\n.async = true;\n.format = \"cbor\";\n};\nlet f2 = fit::handleTask(context2);\n\next::context >> f1 >> f2"},"fitables":["com.huawei.eDataMate.operators.img_watermark_remove_plugin","com.huawei.eDataMate.operators.img_denoise_plugin"],"retryNum":2,"fitablesConfig":[]},"metaId":"a025f3","joberFilter":{"type":"BATCH_FILTER","threshold":1},"triggerMode":"auto"},{"to":"sqjjdo","from":"jmstgy","name":"","type":"event","metaId":"b8q7iz"},{"name":"图片标准化","type":"state","jober":{"type":"ohscript_jober","entity":{"code":"let context1 = entity{\n    .id = \"com.huawei.eDataMate.operators.img_resize_plugin\";\n.async = true;\n.format = \"cbor\";\n};\nlet f1 = fit::handleTask(context1);\n\nlet context2 = entity{\n    .id = \"com.huawei.eDataMate.operators.img_direction_correct_plugin\";\n.async = true;\n.format = \"cbor\";\n};\nlet f2 = fit::handleTask(context2);\n\nlet context3 = entity{\n    .id = \"com.huawei.eDataMate.operators.img_type_unify_plugin\";\n.async = true;\n.format = \"cbor\";\n};\nlet f3 = fit::handleTask(context3);\n\next::context >> f1 >> f2 >> f3"},"fitables":["com.huawei.eDataMate.operators.img_resize_plugin","com.huawei.eDataMate.operators.img_direction_correct_plugin","com.huawei.eDataMate.operators.img_type_unify_plugin"],"retryNum":2,"fitablesConfig":[]},"metaId":"5afaoh","joberFilter":{"type":"BATCH_FILTER","threshold":1},"triggerMode":"auto"},{"name":"文件落盘","type":"state","jober":{"type":"ohscript_jober","entity":{"code":"let context1 = entity{\n    .id = \"com.huawei.eDataMate.operators.persist_file_plugin\";\n.async = true;\n.format = \"cbor\";\n};\nlet f1 = fit::handleTask(context1);\n\nlet context2 = entity{\n    .id = \"6a6084c0d1e243e7b327cb1a0ba068e2\";\n.async = true;\n.format = \"cbor\";\n};\nlet f2 = fit::handleTask(context2);\n\nlet ans = ext::context >> f1;\nans.get(0).put(\"contextData\", ext::context.get(0).get(\"contextData\"));\nans >> f2"},"fitables":["com.huawei.eDataMate.operators.persist_file_plugin","6a6084c0d1e243e7b327cb1a0ba068e2"],"retryNum":2,"fitablesConfig":[]},"metaId":"jmstgy","joberFilter":{"type":"BATCH_FILTER","threshold":1},"triggerMode":"auto"},{"name":"结束","type":"end","metaId":"sqjjdo","triggerMode":"auto"}],"metaId":"ed0519a5dcfd45f3a2a0950c6db8c493","status":"active","version":"1.0.0"}', 'com.huawei.a3000', '2024-02-29 12:06:05.911') ON CONFLICT (definition_id) DO NOTHING;

INSERT INTO "public"."tag_usage" ("id", "tag_id", "object_type", "object_id", "created_by", "created_at") VALUES ('5fe564768c1b4d1997eee6413ca1cf56', '06339eb6db7c42d6aa01e62bae5f1442', 'FLOW GRAPH', 'ed0519a5dcfd45f3a2a0950c6db8c493', 'com.huawei.a3000', '2024-02-29 04:06:05.639') ON CONFLICT (id) DO NOTHING;

INSERT INTO "public"."fitable_usage" ("fitable_id", "definition_id") VALUES ('com.huawei.eDataMate.operators.img_resize_plugin', '7364843138114347936ad802eb147ed3') ON CONFLICT (fitable_id, definition_id) DO NOTHING;
INSERT INTO "public"."fitable_usage" ("fitable_id", "definition_id") VALUES ('6a6084c0d1e243e7b327cb1a0ba068e2', '7364843138114347936ad802eb147ed3') ON CONFLICT (fitable_id, definition_id) DO NOTHING;
INSERT INTO "public"."fitable_usage" ("fitable_id", "definition_id") VALUES ('com.huawei.eDataMate.operators.img_enhanced_contrast_plugin', '7364843138114347936ad802eb147ed3') ON CONFLICT (fitable_id, definition_id) DO NOTHING;
INSERT INTO "public"."fitable_usage" ("fitable_id", "definition_id") VALUES ('com.huawei.eDataMate.operators.persist_file_plugin', '7364843138114347936ad802eb147ed3') ON CONFLICT (fitable_id, definition_id) DO NOTHING;
INSERT INTO "public"."fitable_usage" ("fitable_id", "definition_id") VALUES ('com.huawei.eDataMate.operators.img_denoise_plugin', '7364843138114347936ad802eb147ed3') ON CONFLICT (fitable_id, definition_id) DO NOTHING;
INSERT INTO "public"."fitable_usage" ("fitable_id", "definition_id") VALUES ('com.huawei.eDataMate.operators.obs_plugin.read_object', '7364843138114347936ad802eb147ed3') ON CONFLICT (fitable_id, definition_id) DO NOTHING;
INSERT INTO "public"."fitable_usage" ("fitable_id", "definition_id") VALUES ('com.huawei.eDataMate.operators.img_enhanced_brightness_plugin', '7364843138114347936ad802eb147ed3') ON CONFLICT (fitable_id, definition_id) DO NOTHING;
INSERT INTO "public"."fitable_usage" ("fitable_id", "definition_id") VALUES ('com.huawei.eDataMate.operators.img_blurred_images_cleaner_plugin', '7364843138114347936ad802eb147ed3') ON CONFLICT (fitable_id, definition_id) DO NOTHING;
INSERT INTO "public"."fitable_usage" ("fitable_id", "definition_id") VALUES ('com.huawei.eDataMate.operators.img_direction_correct_plugin', '7364843138114347936ad802eb147ed3') ON CONFLICT (fitable_id, definition_id) DO NOTHING;
INSERT INTO "public"."fitable_usage" ("fitable_id", "definition_id") VALUES ('fd04d6f24ecd4ebb8f889014a441cc63', '7364843138114347936ad802eb147ed3') ON CONFLICT (fitable_id, definition_id) DO NOTHING;
INSERT INTO "public"."fitable_usage" ("fitable_id", "definition_id") VALUES ('com.huawei.eDataMate.operators.img_advertisement_images_cleaner_plugin', '7364843138114347936ad802eb147ed3') ON CONFLICT (fitable_id, definition_id) DO NOTHING;
INSERT INTO "public"."fitable_usage" ("fitable_id", "definition_id") VALUES ('com.huawei.eDataMate.operators.img_similar_images_cleaner_plugin', '7364843138114347936ad802eb147ed3') ON CONFLICT (fitable_id, definition_id) DO NOTHING;
INSERT INTO "public"."fitable_usage" ("fitable_id", "definition_id") VALUES ('com.huawei.eDataMate.operators.img_watermark_remove_plugin', '7364843138114347936ad802eb147ed3') ON CONFLICT (fitable_id, definition_id) DO NOTHING;
INSERT INTO "public"."fitable_usage" ("fitable_id", "definition_id") VALUES ('com.huawei.eDataMate.operators.img_duplicate_images_cleaner_plugin', '7364843138114347936ad802eb147ed3') ON CONFLICT (fitable_id, definition_id) DO NOTHING;
INSERT INTO "public"."fitable_usage" ("fitable_id", "definition_id") VALUES ('com.huawei.eDataMate.operators.img_type_unify_plugin', '7364843138114347936ad802eb147ed3') ON CONFLICT (fitable_id, definition_id) DO NOTHING;
INSERT INTO "public"."fitable_usage" ("fitable_id", "definition_id") VALUES ('com.huawei.eDataMate.operators.obs_plugin.list_objects', '7364843138114347936ad802eb147ed3') ON CONFLICT (fitable_id, definition_id) DO NOTHING;


-- 扫描文件清洗
DELETE FROM flow_graph WHERE id = '9457e59011204385abbd479bf365fe14' AND version = '1.0.0';
DELETE FROM flow_definition WHERE definition_id = '9a7f2dce0bf64c60a791880ac9ecb721';
DELETE FROM tag_usage WHERE id = 'd0aeffae81e842dfbffca6117d1d3724';
DELETE FROM fitable_usage WHERE definition_id = '9a7f2dce0bf64c60a791880ac9ecb721';

DELETE FROM flow_graph WHERE id = '9457e59011204385abbd479bf365fe14' AND version = '1.0.1';
DELETE FROM flow_definition WHERE definition_id = '7d77a8a774d24f9794e5195f08ce1660';
DELETE FROM tag_usage WHERE id = 'd0aeffae81e842dfbffca6117d1d3724';
DELETE FROM fitable_usage WHERE definition_id = '7d77a8a774d24f9794e5195f08ce1660';

DELETE FROM flow_graph WHERE id = '9457e59011204385abbd479bf365fe14' AND version = '1.0.2';
DELETE FROM flow_definition WHERE definition_id = '94564e437b1649278b4c0ce7144ee347';
DELETE FROM tag_usage WHERE id = 'd0aeffae81e842dfbffca6117d1d3724';
DELETE FROM fitable_usage WHERE definition_id = '94564e437b1649278b4c0ce7144ee347';

-- 本地
INSERT INTO "public"."flow_graph" ("id", "version", "tenant", "status", "name", "data", "created_by", "created_at", "updated_by", "updated_at", "previous", "is_deleted") VALUES ('9457e59011204385abbd479bf365fe14', '1.0.3', '4b1f59a7ccdd4faf930f29b4f1f946b3', 'active', '扫描件清洗模板-本地文件', '{"id":"9457e59011204385abbd479bf365fe14","title":"扫描件清洗模板-本地文件","createTime":{"$date":"2024-02-19T02:26:19.737Z"},"source":"elsa","type":"graph","tenant":"default","setting":{"borderColor":"steelblue","backColor":"whitesmoke","headColor":"steelblue","fontColor":"steelblue","captionfontColor":"whitesmoke","fontFace":"arial","captionfontFace":"arial black","fontSize":12,"captionfontSize":14,"fontStyle":"normal","captionfontStyle":"normal","fontWeight":"lighter","captionfontWeight":"lighter","hAlign":"center","vAlign":"top","captionhAlign":"center","lineHeight":1.5,"lineWidth":2,"captionlineHeight":1,"focusMargin":0,"focusBorderColor":"darkorange","focusFontColor":"darkorange","focusBackColor":"whitesmoke","mouseInColor":"orange","mouseInBorderColor":"orange","mouseInFontColor":"orange","mouseInBackColor":"whitesmoke","borderWidth":1,"globalAlpha":1,"backAlpha":0.15,"cornerRadius":4,"dashWidth":0,"autoText":false,"autoHeight":false,"autoWidth":false,"margin":25,"pad":10,"code":"","rotateDegree":0,"shadow":false,"shadowData":"2px 2px 4px","outstanding":false,"pDock":"none","dockMode":"none","priority":0,"infoType":{"next":"INFORMATION","name":"none"},"progressStatus":{"next":"UNKNOWN","color":"gray","name":"NONE"},"progressPercent":0.65,"showedProgress":false,"itemPad":[5,5,5,5],"itemScroll":{"x":0,"y":0},"scrollLock":{"x":false,"y":false},"resizeable":true,"selectable":true,"rotateAble":true,"editable":true,"moveable":true,"dragable":true,"visible":true,"deletable":true,"allowLink":true,"shared":false,"strikethrough":false,"underline":false,"numberedList":false,"bulletedList":false,"enableAnimation":false,"enableSocial":true,"emphasized":false,"bulletSpeed":1,"tag":{}},"pages":[{"id":"elsa-page:cit8kf","backColor":"white","bold":false,"borderColor":"white","container":"elsa-page:cit8kf","createTime":{"$date":"2024-02-19T02:26:19.738Z"},"createUser":"a3000","dirty":false,"division":-1,"dockAlign":"top","dockMode":"none","enableContextMenu":true,"fontColor":"#ECD0A7","fontFace":"arial","fontSize":18,"fontStyle":"normal","fontWeight":"bold","hAlign":"left","height":1195,"hideText":true,"index":0,"isDeleted":false,"isPage":true,"italic":false,"itemPad":[0,0,0,0],"itemScroll":{"x":0,"y":0},"itemSpace":5,"mode":"configuration","moveable":true,"namespace":"elsa","shapesAs":{},"text":"--","type":"page","updateTime":{"$date":"2024-02-29T02:19:13.365Z"},"updateUser":"a3000","vAlign":"top","version":"1.0.3","width":2489,"x":0,"y":0,"shapes":[{"id":"qqu2r3","autoWidth":false,"bold":false,"borderWidth":0,"completedTask":0,"createTime":{"$date":"2024-02-19T02:26:19.739Z"},"createUser":"a3000","dirty":false,"enableAnimation":true,"height":30,"hideText":true,"index":100,"isDeleted":false,"italic":false,"joberFilter":{"threshold":1,"type":"BATCH_FILTER"},"margin":10,"namespace":"flowable","pad":6,"rotateAble":false,"runningTask":0,"text":"开始","triggerMode":"auto","type":"start","updateTime":{"$date":"2024-02-29T02:19:13.365Z"},"updateUser":"a3000","version":"1.0.3","warningTask":0,"width":30,"x":170,"y":369,"container":"elsa-page:cit8kf"},{"id":"nqjhhs","allowLink":false,"backColor":"white","beginArrow":false,"beginArrowEmpty":false,"beginArrowSize":4,"bold":false,"borderWidth":1,"createTime":{"$date":"2024-02-19T02:26:19.739Z"},"createUser":"a3000","curvePoint1":{"x":0,"y":0},"curvePoint2":{"x":0,"y":0},"dashWidth":0,"definedFromConnector":"E","definedToConnector":"","dirty":false,"endArrow":true,"endArrowEmpty":false,"endArrowSize":4,"endpointOffsetX":0,"endpointOffsetY":0,"fromShape":"qqu2r3","hAlign":"center","height":0,"hideText":false,"index":101,"isDeleted":false,"italic":false,"lineMode":{"type":"broken"},"lineWidth":2,"margin":30,"namespace":"flowable","pad":0,"text":"","textInnerHtml":"<p id=\"u3w1nj\"><br data-cke-filler=\"true\"></p>","textX":0,"textY":0,"toShape":"3xends","type":"event","updateTime":{"$date":"2024-02-29T02:19:13.365Z"},"updateUser":"a3000","version":"1.0.3","width":79,"x":200,"y":384,"container":"elsa-page:cit8kf"},{"id":"vp04sy","allowLink":false,"backColor":"white","beginArrow":false,"beginArrowEmpty":false,"beginArrowSize":4,"bold":false,"borderWidth":1,"createTime":{"$date":"2024-02-19T02:26:19.739Z"},"createUser":"a3000","curvePoint1":{"x":0,"y":0},"curvePoint2":{"x":0,"y":0},"dashWidth":0,"definedFromConnector":"E","definedToConnector":"","dirty":false,"endArrow":true,"endArrowEmpty":false,"endArrowSize":4,"endpointOffsetX":0,"endpointOffsetY":0,"fromShape":"ik4fm1","hAlign":"center","height":0,"hideText":false,"index":102,"isDeleted":false,"italic":false,"lineMode":{"type":"broken"},"lineWidth":2,"margin":30,"namespace":"flowable","pad":0,"text":"","textInnerHtml":"<p id=\"0q4gs7\"><br data-cke-filler=\"true\"></p>","textX":0,"textY":0,"toShape":"vqmxny","type":"event","updateTime":{"$date":"2024-02-29T02:19:13.365Z"},"updateUser":"a3000","version":"1.0.3","width":128,"x":580,"y":384,"container":"elsa-page:cit8kf"},{"id":"3xends","autoHeight":true,"autoWidth":true,"bold":false,"completedTask":0,"createTime":{"$date":"2024-02-19T02:26:19.739Z"},"createUser":"a3000","dirty":false,"enableAnimation":true,"height":30,"index":103,"isDeleted":false,"italic":false,"jober":{"fitables":["com.huawei.eDataMate.operators.local_scanner_plugin","fd04d6f24ecd4ebb8f889014a441cc63"],"fitablesConfig":[],"entity":{"code":"let context1 = entity{\n    .async = true;\n    .format = \"cbor\";\n    .id = \"com.huawei.eDataMate.operators.local_scanner_plugin\";\n    };\nlet f1 = fit::handleTask(context1);\nlet ans = ext::context >> f1;\nlet context2 = entity{\n\t.async = true;\n\t.format = \"cbor\";\n\t.id = \"fd04d6f24ecd4ebb8f889014a441cc63\";\n};\nlet f2 = fit::handleTask(context2);\nans >> f2"},"retryNum":2,"type":"ohscript_jober"},"joberFilter":{"threshold":1,"type":"BATCH_FILTER"},"namespace":"flowable","pad":6,"rotateAble":false,"runningTask":0,"text":"文件扫盘","triggerMode":"auto","type":"state","updateTime":{"$date":"2024-02-29T02:19:13.365Z"},"updateUser":"a3000","version":"1.0.3","warningTask":0,"width":43,"x":279,"y":369,"container":"elsa-page:cit8kf"},{"id":"somosk","allowLink":false,"backColor":"white","beginArrow":false,"beginArrowEmpty":false,"beginArrowSize":4,"bold":false,"borderWidth":1,"createTime":{"$date":"2024-02-19T02:26:19.739Z"},"createUser":"a3000","curvePoint1":{"x":0,"y":0},"curvePoint2":{"x":0,"y":0},"dashWidth":0,"definedFromConnector":"E","definedToConnector":"","dirty":false,"endArrow":true,"endArrowEmpty":false,"endArrowSize":4,"endpointOffsetX":0,"endpointOffsetY":0,"fromShape":"vqmxny","hAlign":"center","height":0,"hideText":false,"index":104,"isDeleted":false,"italic":false,"lineMode":{"type":"broken"},"lineWidth":2,"margin":30,"namespace":"flowable","pad":0,"text":"","textInnerHtml":"<p id=\"s8u59p\"><br data-cke-filler=\"true\"></p>","textX":0,"textY":0,"toShape":"bkvrvr","type":"event","updateTime":{"$date":"2024-02-29T02:19:13.366Z"},"updateUser":"a3000","version":"1.0.3","width":85,"x":771,"y":384,"container":"elsa-page:cit8kf"},{"id":"ik4fm1","autoHeight":true,"autoWidth":true,"bold":false,"completedTask":0,"createTime":{"$date":"2024-02-19T02:26:19.739Z"},"createUser":"a3000","dirty":false,"enableAnimation":true,"height":30,"index":105,"isDeleted":false,"italic":false,"jober":{"fitables":["com.huawei.eDataMate.operators.ocr_extractor_plugin"],"fitablesConfig":[],"entity":{"code":"let context1 = entity{\n    .id = \"com.huawei.eDataMate.operators.ocr_extractor_plugin\";\n.async = true;\n.format = \"cbor\";\n};\nlet f1 = fit::handleTask(context1);\n\next::context >> f1"},"retryNum":2,"type":"ohscript_jober"},"joberFilter":{"threshold":1,"type":"BATCH_FILTER"},"namespace":"flowable","pad":6,"rotateAble":false,"runningTask":0,"text":"内容抽取","triggerMode":"auto","type":"state","updateTime":{"$date":"2024-02-29T02:19:13.366Z"},"updateUser":"a3000","version":"1.0.3","warningTask":0,"width":63,"x":517,"y":369,"container":"elsa-page:cit8kf"},{"id":"hf90ow","allowLink":false,"backColor":"white","beginArrow":false,"beginArrowEmpty":false,"beginArrowSize":4,"bold":false,"borderWidth":1,"createTime":{"$date":"2024-02-19T02:26:19.739Z"},"createUser":"a3000","curvePoint1":{"x":0,"y":0},"curvePoint2":{"x":0,"y":0},"dashWidth":0,"definedFromConnector":"E","definedToConnector":"","dirty":false,"endArrow":true,"endArrowEmpty":false,"endArrowSize":4,"endpointOffsetX":0,"endpointOffsetY":0,"fromShape":"bkvrvr","hAlign":"center","height":0,"hideText":false,"index":106,"isDeleted":false,"italic":false,"lineMode":{"type":"broken"},"lineWidth":2,"margin":30,"namespace":"flowable","pad":0,"text":"","textInnerHtml":"<p id=\"nhey35\"><br data-cke-filler=\"true\"></p>","textX":0,"textY":0,"toShape":"kefd34","type":"event","updateTime":{"$date":"2024-02-29T02:19:13.366Z"},"updateUser":"a3000","version":"1.0.3","width":71,"x":919,"y":384,"container":"elsa-page:cit8kf"},{"id":"vqmxny","autoHeight":true,"autoWidth":true,"bold":false,"completedTask":0,"createTime":{"$date":"2024-02-19T02:26:19.739Z"},"createUser":"a3000","dirty":false,"enableAnimation":true,"height":30,"index":107,"isDeleted":false,"italic":false,"jober":{"fitables":["com.huawei.eDataMate.operators.text_to_word_plugin"],"fitablesConfig":[],"entity":{"code":"let context1 = entity{\n    .id = \"com.huawei.eDataMate.operators.text_to_word_plugin\";\n.async = true;\n.format = \"cbor\";\n};\nlet f1 = fit::handleTask(context1);\n\next::context >> f1"},"retryNum":2,"type":"ohscript_jober"},"joberFilter":{"threshold":1,"type":"BATCH_FILTER"},"namespace":"flowable","pad":6,"rotateAble":false,"runningTask":0,"text":"格式转换","triggerMode":"auto","type":"state","updateTime":{"$date":"2024-02-29T02:19:13.366Z"},"updateUser":"a3000","version":"1.0.3","warningTask":0,"width":63,"x":708,"y":369,"container":"elsa-page:cit8kf"},{"id":"bkvrvr","autoHeight":true,"autoWidth":true,"bold":false,"completedTask":0,"createTime":{"$date":"2024-02-19T02:26:19.739Z"},"createUser":"a3000","dirty":false,"enableAnimation":true,"height":30,"index":108,"isDeleted":false,"italic":false,"jober":{"fitables":["com.huawei.eDataMate.operators.persist_file_plugin","6a6084c0d1e243e7b327cb1a0ba068e2"],"fitablesConfig":[],"entity":{"code":"let context1 = entity{\n    .id = \"com.huawei.eDataMate.operators.persist_file_plugin\";\n.async = true;\n.format = \"cbor\";\n};\nlet f1 = fit::handleTask(context1);\n\nlet context2 = entity{\n    .id = \"6a6084c0d1e243e7b327cb1a0ba068e2\";\n.async = true;\n.format = \"cbor\";\n};\nlet f2 = fit::handleTask(context2);\n\nlet ans = ext::context >> f1;\nans.get(0).put(\"contextData\", ext::context.get(0).get(\"contextData\"));\nans >> f2"},"retryNum":2,"type":"ohscript_jober"},"joberFilter":{"threshold":1,"type":"BATCH_FILTER"},"namespace":"flowable","pad":6,"rotateAble":false,"runningTask":0,"text":"文件落盘","triggerMode":"auto","type":"state","updateTime":{"$date":"2024-02-29T02:19:13.366Z"},"updateUser":"a3000","version":"1.0.3","warningTask":0,"width":63,"x":856,"y":369,"container":"elsa-page:cit8kf"},{"id":"8php8d","allowLink":false,"backColor":"white","beginArrow":false,"beginArrowEmpty":false,"beginArrowSize":4,"bold":false,"borderWidth":1,"createTime":{"$date":"2024-02-21T06:17:39.21Z"},"createUser":"a3000","curvePoint1":{"x":0,"y":0},"curvePoint2":{"x":0,"y":0},"dashWidth":0,"definedFromConnector":"E","definedToConnector":"","dirty":false,"endArrow":true,"endArrowEmpty":false,"endArrowSize":4,"endpointOffsetX":0,"endpointOffsetY":0,"fromShape":"3xends","hAlign":"center","height":0,"hideText":false,"index":109,"isDeleted":false,"italic":false,"lineMode":{"type":"broken"},"lineWidth":2,"margin":30,"namespace":"flowable","pad":0,"text":"","textInnerHtml":"<p id=\"wqs6no\"><br data-cke-filler=\"true\"></p>","textX":0,"textY":0,"toShape":"yuv2i7","type":"event","updateTime":{"$date":"2024-02-29T02:19:13.366Z"},"updateUser":"a3000","version":"1.0.3","width":82,"x":322,"y":384,"container":"elsa-page:cit8kf"},{"id":"kefd34","autoWidth":false,"bold":false,"borderWidth":0,"completedTask":0,"createTime":{"$date":"2024-02-19T02:26:19.739Z"},"createUser":"a3000","dirty":false,"enableAnimation":true,"height":30,"hideText":true,"index":110,"isDeleted":false,"italic":false,"joberFilter":{"threshold":1,"type":"BATCH_FILTER"},"margin":10,"namespace":"flowable","pad":6,"rotateAble":false,"runningTask":0,"text":"结束","triggerMode":"auto","type":"end","updateTime":{"$date":"2024-02-29T02:19:13.366Z"},"updateUser":"a3000","version":"1.0.3","warningTask":0,"width":30,"x":990,"y":369,"container":"elsa-page:cit8kf"},{"id":"corfz5","allowLink":false,"backColor":"white","beginArrow":false,"beginArrowEmpty":false,"beginArrowSize":4,"bold":false,"borderWidth":1,"createTime":{"$date":"2024-02-21T06:17:39.211Z"},"createUser":"a3000","curvePoint1":{"x":0,"y":0},"curvePoint2":{"x":0,"y":0},"dashWidth":0,"definedFromConnector":"E","definedToConnector":"W","dirty":false,"endArrow":true,"endArrowEmpty":false,"endArrowSize":4,"endpointOffsetX":0,"endpointOffsetY":0,"fromShape":"yuv2i7","hAlign":"center","height":0,"hideText":false,"index":111,"isDeleted":false,"italic":false,"lineMode":{"type":"broken"},"lineWidth":2,"margin":30,"namespace":"flowable","pad":0,"text":"","textX":0,"textY":0,"toShape":"ik4fm1","type":"event","updateTime":{"$date":"2024-02-29T02:19:13.366Z"},"updateUser":"a3000","version":"1.0.3","width":70,"x":447,"y":384,"container":"elsa-page:cit8kf"},{"id":"yuv2i7","autoHeight":true,"autoWidth":true,"bold":false,"completedTask":0,"createTime":{"$date":"2024-02-21T06:17:39.21Z"},"createUser":"a3000","dirty":false,"enableAnimation":true,"height":30,"index":112,"isDeleted":false,"italic":false,"jober":{"fitables":["com.huawei.eDataMate.operators.read_file_plugin"],"fitablesConfig":[],"entity":{"code":"let context1 = entity{\n    .id = \"com.huawei.eDataMate.operators.read_file_plugin\";\n.async = true;\n.format = \"cbor\";\n};\nlet f1 = fit::handleTask(context1);\n\next::context >> f1"},"retryNum":2,"type":"ohscript_jober"},"joberFilter":{"threshold":1,"type":"BATCH_FILTER"},"namespace":"flowable","pad":6,"rotateAble":false,"runningTask":0,"text":"文件读取","triggerMode":"auto","type":"state","updateTime":{"$date":"2024-02-29T02:19:13.366Z"},"updateUser":"a3000","version":"1.0.3","warningTask":0,"width":43,"x":404,"y":369,"container":"elsa-page:cit8kf"}]}],"version":"1.0.3"}', 'com.huawei.a3000', '2024-02-29 10:53:29.271', 'com.huawei.a3000', '2024-02-29 10:53:29.271', NULL, 'f') ON CONFLICT (id, version) DO NOTHING;

INSERT INTO "public"."flow_definition" ("definition_id", "meta_id", "name", "tenant", "version", "status", "graph", "created_by", "created_at") VALUES ('d914da30c39540608b1966b2c9d1c654', '9457e59011204385abbd479bf365fe14', '扫描件清洗模板-本地文件', '4b1f59a7ccdd4faf930f29b4f1f946b3', '1.0.3', 'active', '{"name": "扫描件清洗模板-本地文件", "nodes": [{"name": "开始", "type": "start", "metaId": "qqu2r3", "triggerMode": "auto"}, {"to": "3xends", "from": "qqu2r3", "name": "", "type": "event", "metaId": "nqjhhs"}, {"to": "vqmxny", "from": "ik4fm1", "name": "", "type": "event", "metaId": "vp04sy"}, {"name": "文件扫盘", "type": "state", "jober": {"type": "ohscript_jober", "entity": {"code": "let context1 = entity{\n    .async = true;\n    .format = \"cbor\";\n    .id = \"com.huawei.eDataMate.operators.local_scanner_plugin\";\n    };\nlet f1 = fit::handleTask(context1);\nlet ans = ext::context >> f1;\nlet context2 = entity{\n\t.async = true;\n\t.format = \"cbor\";\n\t.id = \"fd04d6f24ecd4ebb8f889014a441cc63\";\n};\nlet f2 = fit::handleTask(context2);\nans >> f2"}, "fitables": ["com.huawei.eDataMate.operators.local_scanner_plugin", "fd04d6f24ecd4ebb8f889014a441cc63"], "retryNum": 2, "fitablesConfig": []}, "metaId": "3xends", "joberFilter": {"type": "BATCH_FILTER", "threshold": 1}, "triggerMode": "auto"}, {"to": "bkvrvr", "from": "vqmxny", "name": "", "type": "event", "metaId": "somosk"}, {"name": "内容抽取", "type": "state", "jober": {"type": "ohscript_jober", "entity": {"code": "let context1 = entity{\n    .id = \"com.huawei.eDataMate.operators.ocr_extractor_plugin\";\n.async = true;\n.format = \"cbor\";\n};\nlet f1 = fit::handleTask(context1);\n\next::context >> f1"}, "fitables": ["com.huawei.eDataMate.operators.ocr_extractor_plugin"], "retryNum": 2, "fitablesConfig": []}, "metaId": "ik4fm1", "joberFilter": {"type": "BATCH_FILTER", "threshold": 1}, "triggerMode": "auto"}, {"to": "kefd34", "from": "bkvrvr", "name": "", "type": "event", "metaId": "hf90ow"}, {"name": "格式转换", "type": "state", "jober": {"type": "ohscript_jober", "entity": {"code": "let context1 = entity{\n    .id = \"com.huawei.eDataMate.operators.text_to_word_plugin\";\n.async = true;\n.format = \"cbor\";\n};\nlet f1 = fit::handleTask(context1);\n\next::context >> f1"}, "fitables": ["com.huawei.eDataMate.operators.text_to_word_plugin"], "retryNum": 2, "fitablesConfig": []}, "metaId": "vqmxny", "joberFilter": {"type": "BATCH_FILTER", "threshold": 1}, "triggerMode": "auto"}, {"name": "文件落盘", "type": "state", "jober": {"type": "ohscript_jober", "entity": {"code": "let context1 = entity{\n    .id = \"com.huawei.eDataMate.operators.persist_file_plugin\";\n.async = true;\n.format = \"cbor\";\n};\nlet f1 = fit::handleTask(context1);\n\nlet context2 = entity{\n    .id = \"6a6084c0d1e243e7b327cb1a0ba068e2\";\n.async = true;\n.format = \"cbor\";\n};\nlet f2 = fit::handleTask(context2);\n\nlet ans = ext::context >> f1;\nans.get(0).put(\"contextData\", ext::context.get(0).get(\"contextData\"));\nans >> f2"}, "fitables": ["com.huawei.eDataMate.operators.persist_file_plugin", "6a6084c0d1e243e7b327cb1a0ba068e2"], "retryNum": 2, "fitablesConfig": []}, "metaId": "bkvrvr", "joberFilter": {"type": "BATCH_FILTER", "threshold": 1}, "triggerMode": "auto"}, {"to": "yuv2i7", "from": "3xends", "name": "", "type": "event", "metaId": "8php8d"}, {"name": "结束", "type": "end", "metaId": "kefd34", "triggerMode": "auto"}, {"to": "ik4fm1", "from": "yuv2i7", "name": "", "type": "event", "metaId": "corfz5"}, {"name": "文件读取", "type": "state", "jober": {"type": "ohscript_jober", "entity": {"code": "let context1 = entity{\n    .id = \"com.huawei.eDataMate.operators.read_file_plugin\";\n.async = true;\n.format = \"cbor\";\n};\nlet f1 = fit::handleTask(context1);\n\next::context >> f1"}, "fitables": ["com.huawei.eDataMate.operators.read_file_plugin"], "retryNum": 2, "fitablesConfig": []}, "metaId": "yuv2i7", "joberFilter": {"type": "BATCH_FILTER", "threshold": 1}, "triggerMode": "auto"}], "metaId": "9457e59011204385abbd479bf365fe14", "status": "active", "version": "1.0.3"}', 'com.huawei.a3000', '2024-02-29 10:53:25.156') ON CONFLICT (definition_id) DO NOTHING;

INSERT INTO "public"."tag_usage" ("id", "tag_id", "object_type", "object_id", "created_by", "created_at") VALUES ('d0aeffae81e842dfbffca6117d1d3724', '1234787ca7e54b39bcddaa4131a8e1c8', 'FLOW GRAPH', '9457e59011204385abbd479bf365fe14', 'A3000', '2024-02-19 03:14:44.096') ON CONFLICT (id) DO NOTHING;

INSERT INTO "public"."fitable_usage" ("fitable_id", "definition_id") VALUES ('com.huawei.eDataMate.operators.ocr_extractor_plugin', 'd914da30c39540608b1966b2c9d1c654') ON CONFLICT (fitable_id, definition_id) DO NOTHING;
INSERT INTO "public"."fitable_usage" ("fitable_id", "definition_id") VALUES ('6a6084c0d1e243e7b327cb1a0ba068e2', 'd914da30c39540608b1966b2c9d1c654') ON CONFLICT (fitable_id, definition_id) DO NOTHING;
INSERT INTO "public"."fitable_usage" ("fitable_id", "definition_id") VALUES ('com.huawei.eDataMate.operators.text_to_word_plugin', 'd914da30c39540608b1966b2c9d1c654') ON CONFLICT (fitable_id, definition_id) DO NOTHING;
INSERT INTO "public"."fitable_usage" ("fitable_id", "definition_id") VALUES ('com.huawei.eDataMate.operators.persist_file_plugin', 'd914da30c39540608b1966b2c9d1c654') ON CONFLICT (fitable_id, definition_id) DO NOTHING;
INSERT INTO "public"."fitable_usage" ("fitable_id", "definition_id") VALUES ('fd04d6f24ecd4ebb8f889014a441cc63', 'd914da30c39540608b1966b2c9d1c654') ON CONFLICT (fitable_id, definition_id) DO NOTHING;
INSERT INTO "public"."fitable_usage" ("fitable_id", "definition_id") VALUES ('com.huawei.eDataMate.operators.read_file_plugin', 'd914da30c39540608b1966b2c9d1c654') ON CONFLICT (fitable_id, definition_id) DO NOTHING;
INSERT INTO "public"."fitable_usage" ("fitable_id", "definition_id") VALUES ('com.huawei.eDataMate.operators.local_scanner_plugin', 'd914da30c39540608b1966b2c9d1c654') ON CONFLICT (fitable_id, definition_id) DO NOTHING;

-- nas
INSERT INTO "public"."flow_graph" ("id", "version", "tenant", "status", "name", "data", "created_by", "created_at", "updated_by", "updated_at", "previous", "is_deleted") VALUES ('24d718579d3448b5a7c44bfd51b0b29e', '1.0.0', '4b1f59a7ccdd4faf930f29b4f1f946b3', 'active', '扫描件清洗模板-NAS', '{"id":"24d718579d3448b5a7c44bfd51b0b29e","title":"扫描件清洗模板-NAS","createTime":{"$date":"2024-02-29T02:30:46.383Z"},"source":"elsa","type":"graph","tenant":"default","setting":{"borderColor":"steelblue","backColor":"whitesmoke","headColor":"steelblue","fontColor":"steelblue","captionfontColor":"whitesmoke","fontFace":"arial","captionfontFace":"arial black","fontSize":12,"captionfontSize":14,"fontStyle":"normal","captionfontStyle":"normal","fontWeight":"lighter","captionfontWeight":"lighter","hAlign":"center","vAlign":"top","captionhAlign":"center","lineHeight":1.5,"lineWidth":2,"captionlineHeight":1,"focusMargin":0,"focusBorderColor":"darkorange","focusFontColor":"darkorange","focusBackColor":"whitesmoke","mouseInColor":"orange","mouseInBorderColor":"orange","mouseInFontColor":"orange","mouseInBackColor":"whitesmoke","borderWidth":1,"globalAlpha":1,"backAlpha":0.15,"cornerRadius":4,"dashWidth":0,"autoText":false,"autoHeight":false,"autoWidth":false,"margin":25,"pad":10,"code":"","rotateDegree":0,"shadow":false,"shadowData":"2px 2px 4px","outstanding":false,"pDock":"none","dockMode":"none","priority":0,"infoType":{"next":"INFORMATION","name":"none"},"progressStatus":{"next":"UNKNOWN","color":"gray","name":"NONE"},"progressPercent":0.65,"showedProgress":false,"itemPad":[5,5,5,5],"itemScroll":{"x":0,"y":0},"scrollLock":{"x":false,"y":false},"resizeable":true,"selectable":true,"rotateAble":true,"editable":true,"moveable":true,"dragable":true,"visible":true,"deletable":true,"allowLink":true,"shared":false,"strikethrough":false,"underline":false,"numberedList":false,"bulletedList":false,"enableAnimation":false,"enableSocial":true,"emphasized":false,"bulletSpeed":1,"tag":{}},"pages":[{"id":"elsa-page:xy02p4","backColor":"white","bold":false,"borderColor":"white","container":"elsa-page:xy02p4","createTime":{"$date":"2024-02-29T02:30:46.385Z"},"createUser":"a3000","dirty":false,"division":-1,"dockAlign":"top","dockMode":"none","enableContextMenu":true,"fontColor":"#ECD0A7","fontFace":"arial","fontSize":18,"fontStyle":"normal","fontWeight":"bold","hAlign":"left","height":1195,"hideText":true,"index":0,"isDeleted":false,"isPage":true,"italic":false,"itemPad":[0,0,0,0],"itemScroll":{"x":0,"y":0},"itemSpace":5,"mode":"configuration","moveable":true,"namespace":"elsa","shapesAs":{},"text":"--","type":"page","updateTime":{"$date":"2024-02-29T02:30:46.385Z"},"updateUser":"a3000","vAlign":"top","version":"1.0.0","width":2489,"x":0,"y":0,"shapes":[{"id":"cy3zus","autoWidth":false,"bold":false,"borderWidth":0,"completedTask":0,"createTime":{"$date":"2024-02-19T02:26:19.739Z"},"createUser":"a3000","dirty":true,"enableAnimation":true,"height":30,"hideText":true,"index":100,"isDeleted":false,"italic":false,"joberFilter":{"threshold":1,"type":"BATCH_FILTER"},"margin":10,"namespace":"flowable","oldId":"m2fpxm","pad":6,"rotateAble":false,"runningTask":0,"text":"开始","triggerMode":"auto","type":"start","updateTime":{"$date":"2024-02-29T02:30:46.385Z"},"updateUser":"a3000","version":"1.0.0","warningTask":0,"width":30,"x":414,"y":412,"container":"elsa-page:xy02p4"},{"id":"c66orp","allowLink":false,"backColor":"white","beginArrow":false,"beginArrowEmpty":false,"beginArrowSize":4,"bold":false,"borderWidth":1,"createTime":{"$date":"2024-02-19T02:26:19.739Z"},"createUser":"a3000","curvePoint1":{"x":0,"y":0},"curvePoint2":{"x":0,"y":0},"dashWidth":0,"definedFromConnector":"E","definedToConnector":"","dirty":true,"endArrow":true,"endArrowEmpty":false,"endArrowSize":4,"endpointOffsetX":0,"endpointOffsetY":0,"fromShape":"cy3zus","hAlign":"center","height":0,"hideText":false,"index":101,"isDeleted":false,"italic":false,"lineMode":{"type":"broken"},"lineWidth":2,"margin":30,"namespace":"flowable","oldId":"rtdelq","pad":0,"text":"","textInnerHtml":"<p id=\"ou1cqx\"><br data-cke-filler=\"true\"></p>","textX":0,"textY":0,"toShape":"hb0e40","type":"event","updateTime":{"$date":"2024-02-29T02:30:46.385Z"},"updateUser":"a3000","version":"1.0.0","width":88,"x":444,"y":427,"container":"elsa-page:xy02p4"},{"id":"1xgxgd","allowLink":false,"backColor":"white","beginArrow":false,"beginArrowEmpty":false,"beginArrowSize":4,"bold":false,"borderWidth":1,"createTime":{"$date":"2024-02-19T02:26:19.739Z"},"createUser":"a3000","curvePoint1":{"x":0,"y":0},"curvePoint2":{"x":0,"y":0},"dashWidth":0,"definedFromConnector":"E","definedToConnector":"","dirty":true,"endArrow":true,"endArrowEmpty":false,"endArrowSize":4,"endpointOffsetX":0,"endpointOffsetY":0,"fromShape":"6v7vmc","hAlign":"center","height":0,"hideText":false,"index":102,"isDeleted":false,"italic":false,"lineMode":{"type":"broken"},"lineWidth":2,"margin":30,"namespace":"flowable","oldId":"wzpy9d","pad":0,"text":"","textInnerHtml":"<p id=\"susswx\"><br data-cke-filler=\"true\"></p>","textX":0,"textY":0,"toShape":"4rdv0f","type":"event","updateTime":{"$date":"2024-02-29T02:30:46.385Z"},"updateUser":"a3000","version":"1.0.0","width":89,"x":847,"y":427,"container":"elsa-page:xy02p4"},{"id":"hb0e40","autoHeight":true,"autoWidth":true,"bold":false,"completedTask":0,"createTime":{"$date":"2024-02-19T02:26:19.739Z"},"createUser":"a3000","dirty":true,"enableAnimation":true,"height":30,"index":103,"isDeleted":false,"italic":false,"jober":{"fitables":["com.huawei.eDataMate.operators.nas_scanner_plugin","fd04d6f24ecd4ebb8f889014a441cc63"],"fitablesConfig":[],"entity":{"code":"let context1 = entity{\n    .async = true;\n    .format = \"cbor\";\n    .id = \"com.huawei.eDataMate.operators.nas_scanner_plugin\";\n    };\nlet f1 = fit::handleTask(context1);\nlet ans = ext::context >> f1;\nlet context2 = entity{\n\t.async = true;\n\t.format = \"cbor\";\n\t.id = \"fd04d6f24ecd4ebb8f889014a441cc63\";\n};\nlet f2 = fit::handleTask(context2);\nans >> f2"},"retryNum":2,"type":"ohscript_jober"},"joberFilter":{"threshold":1,"type":"BATCH_FILTER"},"namespace":"flowable","oldId":"0h4bgz","pad":6,"rotateAble":false,"runningTask":0,"text":"文件扫盘","triggerMode":"auto","type":"state","updateTime":{"$date":"2024-02-29T02:30:46.385Z"},"updateUser":"a3000","version":"1.0.0","warningTask":0,"width":43,"x":532,"y":412,"container":"elsa-page:xy02p4"},{"id":"03q02b","allowLink":false,"backColor":"white","beginArrow":false,"beginArrowEmpty":false,"beginArrowSize":4,"bold":false,"borderWidth":1,"createTime":{"$date":"2024-02-19T02:26:19.739Z"},"createUser":"a3000","curvePoint1":{"x":0,"y":0},"curvePoint2":{"x":0,"y":0},"dashWidth":0,"definedFromConnector":"E","definedToConnector":"","dirty":true,"endArrow":true,"endArrowEmpty":false,"endArrowSize":4,"endpointOffsetX":0,"endpointOffsetY":0,"fromShape":"4rdv0f","hAlign":"center","height":0,"hideText":false,"index":104,"isDeleted":false,"italic":false,"lineMode":{"type":"broken"},"lineWidth":2,"margin":30,"namespace":"flowable","oldId":"vkij4p","pad":0,"text":"","textInnerHtml":"<p id=\"qkyudx\"><br data-cke-filler=\"true\"></p>","textX":0,"textY":0,"toShape":"7o3xxr","type":"event","updateTime":{"$date":"2024-02-29T02:30:46.385Z"},"updateUser":"a3000","version":"1.0.0","width":78,"x":999,"y":427,"container":"elsa-page:xy02p4"},{"id":"6v7vmc","autoHeight":true,"autoWidth":true,"bold":false,"completedTask":0,"createTime":{"$date":"2024-02-19T02:26:19.739Z"},"createUser":"a3000","dirty":true,"enableAnimation":true,"height":30,"index":105,"isDeleted":false,"italic":false,"jober":{"fitables":["com.huawei.eDataMate.operators.ocr_extractor_plugin"],"fitablesConfig":[],"entity":{"code":"let context1 = entity{\n    .id = \"com.huawei.eDataMate.operators.ocr_extractor_plugin\";\n.async = true;\n.format = \"cbor\";\n};\nlet f1 = fit::handleTask(context1);\n\next::context >> f1"},"retryNum":2,"type":"ohscript_jober"},"joberFilter":{"threshold":1,"type":"BATCH_FILTER"},"namespace":"flowable","oldId":"o01aws","pad":6,"rotateAble":false,"runningTask":0,"text":"内容抽取","triggerMode":"auto","type":"state","updateTime":{"$date":"2024-02-29T02:30:46.385Z"},"updateUser":"a3000","version":"1.0.0","warningTask":0,"width":63,"x":784,"y":412,"container":"elsa-page:xy02p4"},{"id":"bqxx05","allowLink":false,"backColor":"white","beginArrow":false,"beginArrowEmpty":false,"beginArrowSize":4,"bold":false,"borderWidth":1,"createTime":{"$date":"2024-02-19T02:26:19.739Z"},"createUser":"a3000","curvePoint1":{"x":0,"y":0},"curvePoint2":{"x":0,"y":0},"dashWidth":0,"definedFromConnector":"E","definedToConnector":"","dirty":true,"endArrow":true,"endArrowEmpty":false,"endArrowSize":4,"endpointOffsetX":0,"endpointOffsetY":0,"fromShape":"7o3xxr","hAlign":"center","height":0,"hideText":false,"index":106,"isDeleted":false,"italic":false,"lineMode":{"type":"broken"},"lineWidth":2,"margin":30,"namespace":"flowable","oldId":"ebxwuv","pad":0,"text":"","textInnerHtml":"<p id=\"8202te\"><br data-cke-filler=\"true\"></p>","textX":0,"textY":0,"toShape":"snfiis","type":"event","updateTime":{"$date":"2024-02-29T02:30:46.385Z"},"updateUser":"a3000","version":"1.0.0","width":76,"x":1140,"y":427,"container":"elsa-page:xy02p4"},{"id":"4rdv0f","autoHeight":true,"autoWidth":true,"bold":false,"completedTask":0,"createTime":{"$date":"2024-02-19T02:26:19.739Z"},"createUser":"a3000","dirty":true,"enableAnimation":true,"height":30,"index":107,"isDeleted":false,"italic":false,"jober":{"fitables":["com.huawei.eDataMate.operators.text_to_word_plugin"],"fitablesConfig":[],"entity":{"code":"let context1 = entity{\n    .id = \"com.huawei.eDataMate.operators.text_to_word_plugin\";\n.async = true;\n.format = \"cbor\";\n};\nlet f1 = fit::handleTask(context1);\n\next::context >> f1"},"retryNum":2,"type":"ohscript_jober"},"joberFilter":{"threshold":1,"type":"BATCH_FILTER"},"namespace":"flowable","oldId":"kc6di8","pad":6,"rotateAble":false,"runningTask":0,"text":"格式转换","triggerMode":"auto","type":"state","updateTime":{"$date":"2024-02-29T02:30:46.385Z"},"updateUser":"a3000","version":"1.0.0","warningTask":0,"width":63,"x":936,"y":412,"container":"elsa-page:xy02p4"},{"id":"7o3xxr","autoHeight":true,"autoWidth":true,"bold":false,"completedTask":0,"createTime":{"$date":"2024-02-19T02:26:19.739Z"},"createUser":"a3000","dirty":true,"enableAnimation":true,"height":30,"index":108,"isDeleted":false,"italic":false,"jober":{"fitables":["com.huawei.eDataMate.operators.persist_file_plugin","6a6084c0d1e243e7b327cb1a0ba068e2"],"fitablesConfig":[],"entity":{"code":"let context1 = entity{\n    .id = \"com.huawei.eDataMate.operators.persist_file_plugin\";\n.async = true;\n.format = \"cbor\";\n};\nlet f1 = fit::handleTask(context1);\n\nlet context2 = entity{\n    .id = \"6a6084c0d1e243e7b327cb1a0ba068e2\";\n.async = true;\n.format = \"cbor\";\n};\nlet f2 = fit::handleTask(context2);\n\nlet ans = ext::context >> f1;\nans.get(0).put(\"contextData\", ext::context.get(0).get(\"contextData\"));\nans >> f2"},"retryNum":2,"type":"ohscript_jober"},"joberFilter":{"threshold":1,"type":"BATCH_FILTER"},"namespace":"flowable","oldId":"9cjqbi","pad":6,"rotateAble":false,"runningTask":0,"text":"文件落盘","triggerMode":"auto","type":"state","updateTime":{"$date":"2024-02-29T02:30:46.385Z"},"updateUser":"a3000","version":"1.0.0","warningTask":0,"width":63,"x":1077,"y":412,"container":"elsa-page:xy02p4"},{"id":"ewyola","allowLink":false,"backColor":"white","beginArrow":false,"beginArrowEmpty":false,"beginArrowSize":4,"bold":false,"borderWidth":1,"createTime":{"$date":"2024-02-21T06:17:39.21Z"},"createUser":"a3000","curvePoint1":{"x":0,"y":0},"curvePoint2":{"x":0,"y":0},"dashWidth":0,"definedFromConnector":"E","definedToConnector":"","dirty":true,"endArrow":true,"endArrowEmpty":false,"endArrowSize":4,"endpointOffsetX":0,"endpointOffsetY":0,"fromShape":"hb0e40","hAlign":"center","height":0,"hideText":false,"index":109,"isDeleted":false,"italic":false,"lineMode":{"type":"broken"},"lineWidth":2,"margin":30,"namespace":"flowable","oldId":"f4z7jq","pad":0,"text":"","textInnerHtml":"<p id=\"46j8ii\"><br data-cke-filler=\"true\"></p>","textX":0,"textY":0,"toShape":"yhu2g2","type":"event","updateTime":{"$date":"2024-02-29T02:30:46.385Z"},"updateUser":"a3000","version":"1.0.0","width":81,"x":575,"y":427,"container":"elsa-page:xy02p4"},{"id":"snfiis","autoWidth":false,"bold":false,"borderWidth":0,"completedTask":0,"createTime":{"$date":"2024-02-19T02:26:19.739Z"},"createUser":"a3000","dirty":true,"enableAnimation":true,"height":30,"hideText":true,"index":110,"isDeleted":false,"italic":false,"joberFilter":{"threshold":1,"type":"BATCH_FILTER"},"margin":10,"namespace":"flowable","oldId":"w21w8g","pad":6,"rotateAble":false,"runningTask":0,"text":"结束","triggerMode":"auto","type":"end","updateTime":{"$date":"2024-02-29T02:30:46.385Z"},"updateUser":"a3000","version":"1.0.0","warningTask":0,"width":30,"x":1216,"y":412,"container":"elsa-page:xy02p4"},{"id":"9swsjj","allowLink":false,"backColor":"white","beginArrow":false,"beginArrowEmpty":false,"beginArrowSize":4,"bold":false,"borderWidth":1,"createTime":{"$date":"2024-02-21T06:17:39.211Z"},"createUser":"a3000","curvePoint1":{"x":0,"y":0},"curvePoint2":{"x":0,"y":0},"dashWidth":0,"definedFromConnector":"E","definedToConnector":"W","dirty":true,"endArrow":true,"endArrowEmpty":false,"endArrowSize":4,"endpointOffsetX":0,"endpointOffsetY":0,"fromShape":"yhu2g2","hAlign":"center","height":0,"hideText":false,"index":111,"isDeleted":false,"italic":false,"lineMode":{"type":"broken"},"lineWidth":2,"margin":30,"namespace":"flowable","oldId":"v9urer","pad":0,"text":"","textInnerHtml":"<p id=\"5ion1w\"><br data-cke-filler=\"true\"></p>","textX":0,"textY":0,"toShape":"6v7vmc","type":"event","updateTime":{"$date":"2024-02-29T02:30:46.386Z"},"updateUser":"a3000","version":"1.0.0","width":85,"x":699,"y":427,"container":"elsa-page:xy02p4"},{"id":"yhu2g2","autoHeight":true,"autoWidth":true,"bold":false,"completedTask":0,"createTime":{"$date":"2024-02-21T06:17:39.21Z"},"createUser":"a3000","dirty":true,"enableAnimation":true,"height":30,"index":112,"isDeleted":false,"italic":false,"jober":{"fitables":["com.huawei.eDataMate.operators.nas_read_file_plugin"],"fitablesConfig":[],"entity":{"code":"let context1 = entity{\n    .id = \"com.huawei.eDataMate.operators.nas_read_file_plugin\";\n.async = true;\n.format = \"cbor\";\n};\nlet f1 = fit::handleTask(context1);\n\next::context >> f1"},"retryNum":2,"type":"ohscript_jober"},"joberFilter":{"threshold":1,"type":"BATCH_FILTER"},"namespace":"flowable","oldId":"tw8jhe","pad":6,"rotateAble":false,"runningTask":0,"text":"文件读取","triggerMode":"auto","type":"state","updateTime":{"$date":"2024-02-29T02:30:46.386Z"},"updateUser":"a3000","version":"1.0.0","warningTask":0,"width":43,"x":656,"y":412,"container":"elsa-page:xy02p4"}]}],"version":"1.0.0"}', 'com.huawei.a3000', '2024-02-29 11:09:19.367', 'com.huawei.a3000', '2024-02-29 11:09:19.367', NULL, 'f') ON CONFLICT (id, version) DO NOTHING;

INSERT INTO "public"."flow_definition" ("definition_id", "meta_id", "name", "tenant", "version", "status", "graph", "created_by", "created_at") VALUES ('bb405de0934d45c7a7ff5b0555f08e49', '24d718579d3448b5a7c44bfd51b0b29e', '扫描件清洗模板-NAS', '4b1f59a7ccdd4faf930f29b4f1f946b3', '1.0.0', 'active', '{"name": "扫描件清洗模板-NAS", "nodes": [{"name": "开始", "type": "start", "metaId": "cy3zus", "triggerMode": "auto"}, {"to": "hb0e40", "from": "cy3zus", "name": "", "type": "event", "metaId": "c66orp"}, {"to": "4rdv0f", "from": "6v7vmc", "name": "", "type": "event", "metaId": "1xgxgd"}, {"name": "文件扫盘", "type": "state", "jober": {"type": "ohscript_jober", "entity": {"code": "let context1 = entity{\n    .async = true;\n    .format = \"cbor\";\n    .id = \"com.huawei.eDataMate.operators.nas_scanner_plugin\";\n    };\nlet f1 = fit::handleTask(context1);\nlet ans = ext::context >> f1;\nlet context2 = entity{\n\t.async = true;\n\t.format = \"cbor\";\n\t.id = \"fd04d6f24ecd4ebb8f889014a441cc63\";\n};\nlet f2 = fit::handleTask(context2);\nans >> f2"}, "fitables": ["com.huawei.eDataMate.operators.nas_scanner_plugin", "fd04d6f24ecd4ebb8f889014a441cc63"], "retryNum": 2, "fitablesConfig": []}, "metaId": "hb0e40", "joberFilter": {"type": "BATCH_FILTER", "threshold": 1}, "triggerMode": "auto"}, {"to": "7o3xxr", "from": "4rdv0f", "name": "", "type": "event", "metaId": "03q02b"}, {"name": "内容抽取", "type": "state", "jober": {"type": "ohscript_jober", "entity": {"code": "let context1 = entity{\n    .id = \"com.huawei.eDataMate.operators.ocr_extractor_plugin\";\n.async = true;\n.format = \"cbor\";\n};\nlet f1 = fit::handleTask(context1);\n\next::context >> f1"}, "fitables": ["com.huawei.eDataMate.operators.ocr_extractor_plugin"], "retryNum": 2, "fitablesConfig": []}, "metaId": "6v7vmc", "joberFilter": {"type": "BATCH_FILTER", "threshold": 1}, "triggerMode": "auto"}, {"to": "snfiis", "from": "7o3xxr", "name": "", "type": "event", "metaId": "bqxx05"}, {"name": "格式转换", "type": "state", "jober": {"type": "ohscript_jober", "entity": {"code": "let context1 = entity{\n    .id = \"com.huawei.eDataMate.operators.text_to_word_plugin\";\n.async = true;\n.format = \"cbor\";\n};\nlet f1 = fit::handleTask(context1);\n\next::context >> f1"}, "fitables": ["com.huawei.eDataMate.operators.text_to_word_plugin"], "retryNum": 2, "fitablesConfig": []}, "metaId": "4rdv0f", "joberFilter": {"type": "BATCH_FILTER", "threshold": 1}, "triggerMode": "auto"}, {"name": "文件落盘", "type": "state", "jober": {"type": "ohscript_jober", "entity": {"code": "let context1 = entity{\n    .id = \"com.huawei.eDataMate.operators.persist_file_plugin\";\n.async = true;\n.format = \"cbor\";\n};\nlet f1 = fit::handleTask(context1);\n\nlet context2 = entity{\n    .id = \"6a6084c0d1e243e7b327cb1a0ba068e2\";\n.async = true;\n.format = \"cbor\";\n};\nlet f2 = fit::handleTask(context2);\n\nlet ans = ext::context >> f1;\nans.get(0).put(\"contextData\", ext::context.get(0).get(\"contextData\"));\nans >> f2"}, "fitables": ["com.huawei.eDataMate.operators.persist_file_plugin", "6a6084c0d1e243e7b327cb1a0ba068e2"], "retryNum": 2, "fitablesConfig": []}, "metaId": "7o3xxr", "joberFilter": {"type": "BATCH_FILTER", "threshold": 1}, "triggerMode": "auto"}, {"to": "yhu2g2", "from": "hb0e40", "name": "", "type": "event", "metaId": "ewyola"}, {"name": "结束", "type": "end", "metaId": "snfiis", "triggerMode": "auto"}, {"to": "6v7vmc", "from": "yhu2g2", "name": "", "type": "event", "metaId": "9swsjj"}, {"name": "文件读取", "type": "state", "jober": {"type": "ohscript_jober", "entity": {"code": "let context1 = entity{\n    .id = \"com.huawei.eDataMate.operators.nas_read_file_plugin\";\n.async = true;\n.format = \"cbor\";\n};\nlet f1 = fit::handleTask(context1);\n\next::context >> f1"}, "fitables": ["com.huawei.eDataMate.operators.nas_read_file_plugin"], "retryNum": 2, "fitablesConfig": []}, "metaId": "yhu2g2", "joberFilter": {"type": "BATCH_FILTER", "threshold": 1}, "triggerMode": "auto"}], "metaId": "24d718579d3448b5a7c44bfd51b0b29e", "status": "active", "version": "1.0.0"}', 'com.huawei.a3000', '2024-02-29 11:09:19.3') ON CONFLICT (definition_id) DO NOTHING;

INSERT INTO "public"."tag_usage" ("id", "tag_id", "object_type", "object_id", "created_by", "created_at") VALUES ('d3bf7f5d29154f0590ee56bc0aab4dff', 'c370982fef874b41b8285d3077d873e9', 'FLOW GRAPH', '24d718579d3448b5a7c44bfd51b0b29e', 'com.huawei.a3000', '2024-02-29 03:09:19.036') ON CONFLICT (id) DO NOTHING;

INSERT INTO "public"."fitable_usage" ("fitable_id", "definition_id") VALUES ('com.huawei.eDataMate.operators.ocr_extractor_plugin', 'bb405de0934d45c7a7ff5b0555f08e49') ON CONFLICT (fitable_id, definition_id) DO NOTHING;
INSERT INTO "public"."fitable_usage" ("fitable_id", "definition_id") VALUES ('6a6084c0d1e243e7b327cb1a0ba068e2', 'bb405de0934d45c7a7ff5b0555f08e49') ON CONFLICT (fitable_id, definition_id) DO NOTHING;
INSERT INTO "public"."fitable_usage" ("fitable_id", "definition_id") VALUES ('com.huawei.eDataMate.operators.text_to_word_plugin', 'bb405de0934d45c7a7ff5b0555f08e49') ON CONFLICT (fitable_id, definition_id) DO NOTHING;
INSERT INTO "public"."fitable_usage" ("fitable_id", "definition_id") VALUES ('com.huawei.eDataMate.operators.persist_file_plugin', 'bb405de0934d45c7a7ff5b0555f08e49') ON CONFLICT (fitable_id, definition_id) DO NOTHING;
INSERT INTO "public"."fitable_usage" ("fitable_id", "definition_id") VALUES ('com.huawei.eDataMate.operators.nas_scanner_plugin', 'bb405de0934d45c7a7ff5b0555f08e49') ON CONFLICT (fitable_id, definition_id) DO NOTHING;
INSERT INTO "public"."fitable_usage" ("fitable_id", "definition_id") VALUES ('fd04d6f24ecd4ebb8f889014a441cc63', 'bb405de0934d45c7a7ff5b0555f08e49') ON CONFLICT (fitable_id, definition_id) DO NOTHING;
INSERT INTO "public"."fitable_usage" ("fitable_id", "definition_id") VALUES ('com.huawei.eDataMate.operators.nas_read_file_plugin', 'bb405de0934d45c7a7ff5b0555f08e49') ON CONFLICT (fitable_id, definition_id) DO NOTHING;

-- obs
INSERT INTO "public"."flow_graph" ("id", "version", "tenant", "status", "name", "data", "created_by", "created_at", "updated_by", "updated_at", "previous", "is_deleted") VALUES ('25a6ab2fd8184ac5aee9782d79062663', '1.0.0', '4b1f59a7ccdd4faf930f29b4f1f946b3', 'active', '扫描件清洗模板-OBS', '{"id":"25a6ab2fd8184ac5aee9782d79062663","title":"扫描件清洗模板-OBS","source":"elsa","type":"graph","tenant":"default","setting":{"borderColor":"steelblue","backColor":"whitesmoke","headColor":"steelblue","fontColor":"steelblue","captionfontColor":"whitesmoke","fontFace":"arial","captionfontFace":"arial black","fontSize":12,"captionfontSize":14,"fontStyle":"normal","captionfontStyle":"normal","fontWeight":"lighter","captionfontWeight":"lighter","hAlign":"center","vAlign":"top","captionhAlign":"center","lineHeight":1.5,"lineWidth":2,"captionlineHeight":1,"focusMargin":0,"focusBorderColor":"darkorange","focusFontColor":"darkorange","focusBackColor":"whitesmoke","mouseInColor":"orange","mouseInBorderColor":"orange","mouseInFontColor":"orange","mouseInBackColor":"whitesmoke","borderWidth":1,"globalAlpha":1,"backAlpha":0.15,"cornerRadius":4,"dashWidth":0,"autoText":false,"autoHeight":false,"autoWidth":false,"margin":25,"pad":10,"code":"","rotateDegree":0,"shadow":false,"shadowData":"2px 2px 4px","outstanding":false,"pDock":"none","dockMode":"none","priority":0,"infoType":{"next":"INFORMATION","name":"none"},"progressStatus":{"next":"UNKNOWN","color":"gray","name":"NONE"},"progressPercent":0.65,"showedProgress":false,"itemPad":[5,5,5,5],"itemScroll":{"x":0,"y":0},"scrollLock":{"x":false,"y":false},"resizeable":true,"selectable":true,"rotateAble":true,"editable":true,"moveable":true,"dragable":true,"visible":true,"deletable":true,"allowLink":true,"shared":false,"strikethrough":false,"underline":false,"numberedList":false,"bulletedList":false,"enableAnimation":false,"enableSocial":true,"emphasized":false,"bulletSpeed":1,"tag":{}},"pages":[{"type":"page","id":"elsa-page:qdjone","text":"--","namespace":"elsa","x":0,"y":0,"width":2489,"height":1195,"bold":false,"italic":false,"dockAlign":"top","division":-1,"itemSpace":5,"itemPad":[0,0,0,0],"itemScroll":{"x":0,"y":0},"hideText":true,"dockMode":"none","shapesAs":{},"borderColor":"white","backColor":"white","fontSize":18,"fontFace":"arial","fontColor":"#ECD0A7","fontWeight":"bold","fontStyle":"normal","hAlign":"left","vAlign":"top","enableContextMenu":true,"moveable":true,"container":"elsa-page:qdjone","dirty":false,"isPage":true,"mode":"configuration","shapes":[{"id":"fpewt5","autoWidth":false,"bold":false,"borderWidth":0,"completedTask":0,"createTime":{"$date":"2024-02-19T02:26:19.739Z"},"createUser":"a3000","dirty":true,"enableAnimation":true,"height":30,"hideText":true,"index":100,"isDeleted":false,"italic":false,"joberFilter":{"threshold":1,"type":"BATCH_FILTER"},"margin":10,"namespace":"flowable","pad":6,"rotateAble":false,"runningTask":0,"text":"开始","triggerMode":"auto","type":"start","updateTime":{"$date":"2024-02-21T06:17:39.21Z"},"updateUser":"a3000","version":"1.0.3","warningTask":0,"width":30,"x":215,"y":335,"container":"elsa-page:qdjone","oldId":"m2fpxm"},{"id":"3vfq1n","allowLink":false,"backColor":"white","beginArrow":false,"beginArrowEmpty":false,"beginArrowSize":4,"bold":false,"borderWidth":1,"createTime":{"$date":"2024-02-19T02:26:19.739Z"},"createUser":"a3000","curvePoint1":{"x":0,"y":0},"curvePoint2":{"x":0,"y":0},"dashWidth":0,"definedFromConnector":"E","definedToConnector":"","dirty":true,"endArrow":true,"endArrowEmpty":false,"endArrowSize":4,"endpointOffsetX":0,"endpointOffsetY":0,"fromShape":"fpewt5","hAlign":"center","height":0,"hideText":false,"index":101,"isDeleted":false,"italic":false,"lineMode":{"type":"broken"},"lineWidth":2,"margin":30,"namespace":"flowable","pad":0,"text":"","textInnerHtml":"<p id=\"tsdp7r\"><br data-cke-filler=\"true\"></p>","textX":0,"textY":0,"toShape":"vlrjwo","type":"event","updateTime":{"$date":"2024-02-21T06:17:39.21Z"},"updateUser":"a3000","version":"1.0.3","width":67,"x":245,"y":350,"container":"elsa-page:qdjone","oldId":"rtdelq"},{"id":"s8wyf7","allowLink":false,"backColor":"white","beginArrow":false,"beginArrowEmpty":false,"beginArrowSize":4,"bold":false,"borderWidth":1,"createTime":{"$date":"2024-02-19T02:26:19.739Z"},"createUser":"a3000","curvePoint1":{"x":0,"y":0},"curvePoint2":{"x":0,"y":0},"dashWidth":0,"definedFromConnector":"E","definedToConnector":"","dirty":true,"endArrow":true,"endArrowEmpty":false,"endArrowSize":4,"endpointOffsetX":0,"endpointOffsetY":0,"fromShape":"3rb5hi","hAlign":"center","height":0,"hideText":false,"index":102,"isDeleted":false,"italic":false,"lineMode":{"type":"broken"},"lineWidth":2,"margin":30,"namespace":"flowable","pad":0,"text":"","textInnerHtml":"<p id=\"lcogjp\"><br data-cke-filler=\"true\"></p>","textX":0,"textY":0,"toShape":"f4w36f","type":"event","updateTime":{"$date":"2024-02-21T06:17:39.21Z"},"updateUser":"a3000","version":"1.0.3","width":128,"x":615,"y":350,"container":"elsa-page:qdjone","oldId":"wzpy9d"},{"id":"vlrjwo","autoHeight":true,"autoWidth":true,"bold":false,"completedTask":0,"createTime":{"$date":"2024-02-19T02:26:19.739Z"},"createUser":"a3000","dirty":true,"enableAnimation":true,"height":30,"index":103,"isDeleted":false,"italic":false,"jober":{"fitables":["com.huawei.eDataMate.operators.obs_plugin.list_objects","fd04d6f24ecd4ebb8f889014a441cc63"],"fitablesConfig":[],"entity":{"code":"let context1 = entity{\n    .async = true;\n    .format = \"cbor\";\n    .id = \"com.huawei.eDataMate.operators.obs_plugin.list_objects\";\n    };\nlet f1 = fit::handleTask(context1);\nlet ans = ext::context >> f1;\nlet context2 = entity{\n\t.async = true;\n\t.format = \"cbor\";\n\t.id = \"fd04d6f24ecd4ebb8f889014a441cc63\";\n};\nlet f2 = fit::handleTask(context2);\nans >> f2"},"retryNum":2,"type":"ohscript_jober"},"joberFilter":{"threshold":1,"type":"BATCH_FILTER"},"namespace":"flowable","pad":6,"rotateAble":false,"runningTask":0,"text":"文件扫盘","triggerMode":"auto","type":"state","updateTime":{"$date":"2024-02-21T06:17:39.21Z"},"updateUser":"a3000","version":"1.0.3","warningTask":0,"width":43,"x":312,"y":335,"container":"elsa-page:qdjone","oldId":"0h4bgz"},{"id":"j1j5h6","allowLink":false,"backColor":"white","beginArrow":false,"beginArrowEmpty":false,"beginArrowSize":4,"bold":false,"borderWidth":1,"createTime":{"$date":"2024-02-19T02:26:19.739Z"},"createUser":"a3000","curvePoint1":{"x":0,"y":0},"curvePoint2":{"x":0,"y":0},"dashWidth":0,"definedFromConnector":"E","definedToConnector":"","dirty":true,"endArrow":true,"endArrowEmpty":false,"endArrowSize":4,"endpointOffsetX":0,"endpointOffsetY":0,"fromShape":"f4w36f","hAlign":"center","height":0,"hideText":false,"index":104,"isDeleted":false,"italic":false,"lineMode":{"type":"broken"},"lineWidth":2,"margin":30,"namespace":"flowable","pad":0,"text":"","textInnerHtml":"<p id=\"0mbyap\"><br data-cke-filler=\"true\"></p>","textX":0,"textY":0,"toShape":"pg0kfg","type":"event","updateTime":{"$date":"2024-02-21T06:17:39.21Z"},"updateUser":"a3000","version":"1.0.3","width":85,"x":806,"y":350,"container":"elsa-page:qdjone","oldId":"vkij4p"},{"id":"3rb5hi","autoHeight":true,"autoWidth":true,"bold":false,"completedTask":0,"createTime":{"$date":"2024-02-19T02:26:19.739Z"},"createUser":"a3000","dirty":false,"enableAnimation":true,"height":30,"index":105,"isDeleted":false,"italic":false,"jober":{"fitables":["com.huawei.eDataMate.operators.ocr_extractor_plugin"],"fitablesConfig":[],"entity":{"code":"let context1 = entity{\n    .id = \"com.huawei.eDataMate.operators.ocr_extractor_plugin\";\n.async = true;\n.format = \"cbor\";\n};\nlet f1 = fit::handleTask(context1);\n\next::context >> f1"},"retryNum":2,"type":"ohscript_jober"},"joberFilter":{"threshold":1,"type":"BATCH_FILTER"},"namespace":"flowable","pad":6,"rotateAble":false,"runningTask":0,"text":"内容抽取","triggerMode":"auto","type":"state","updateTime":{"$date":"2024-02-21T06:17:39.21Z"},"updateUser":"a3000","version":"1.0.3","warningTask":0,"width":63,"x":552,"y":335,"container":"elsa-page:qdjone","oldId":"o01aws"},{"id":"tncpii","allowLink":false,"backColor":"white","beginArrow":false,"beginArrowEmpty":false,"beginArrowSize":4,"bold":false,"borderWidth":1,"createTime":{"$date":"2024-02-19T02:26:19.739Z"},"createUser":"a3000","curvePoint1":{"x":0,"y":0},"curvePoint2":{"x":0,"y":0},"dashWidth":0,"definedFromConnector":"E","definedToConnector":"","dirty":true,"endArrow":true,"endArrowEmpty":false,"endArrowSize":4,"endpointOffsetX":0,"endpointOffsetY":0,"fromShape":"pg0kfg","hAlign":"center","height":0,"hideText":false,"index":106,"isDeleted":false,"italic":false,"lineMode":{"type":"broken"},"lineWidth":2,"margin":30,"namespace":"flowable","pad":0,"text":"","textInnerHtml":"<p id=\"ijtaqg\"><br data-cke-filler=\"true\"></p>","textX":0,"textY":0,"toShape":"lzqw6k","type":"event","updateTime":{"$date":"2024-02-21T06:17:39.21Z"},"updateUser":"a3000","version":"1.0.3","width":71,"x":954,"y":350,"container":"elsa-page:qdjone","oldId":"ebxwuv"},{"id":"f4w36f","autoHeight":true,"autoWidth":true,"bold":false,"completedTask":0,"createTime":{"$date":"2024-02-19T02:26:19.739Z"},"createUser":"a3000","dirty":false,"enableAnimation":true,"height":30,"index":107,"isDeleted":false,"italic":false,"jober":{"fitables":["com.huawei.eDataMate.operators.text_to_word_plugin"],"fitablesConfig":[],"entity":{"code":"let context1 = entity{\n    .id = \"com.huawei.eDataMate.operators.text_to_word_plugin\";\n.async = true;\n.format = \"cbor\";\n};\nlet f1 = fit::handleTask(context1);\n\next::context >> f1"},"retryNum":2,"type":"ohscript_jober"},"joberFilter":{"threshold":1,"type":"BATCH_FILTER"},"namespace":"flowable","pad":6,"rotateAble":false,"runningTask":0,"text":"格式转换","triggerMode":"auto","type":"state","updateTime":{"$date":"2024-02-21T06:17:39.21Z"},"updateUser":"a3000","version":"1.0.3","warningTask":0,"width":63,"x":743,"y":335,"container":"elsa-page:qdjone","oldId":"kc6di8"},{"id":"pg0kfg","autoHeight":true,"autoWidth":true,"bold":false,"completedTask":0,"createTime":{"$date":"2024-02-19T02:26:19.739Z"},"createUser":"a3000","dirty":false,"enableAnimation":true,"height":30,"index":108,"isDeleted":false,"italic":false,"jober":{"fitables":["com.huawei.eDataMate.operators.persist_file_plugin","6a6084c0d1e243e7b327cb1a0ba068e2"],"fitablesConfig":[],"entity":{"code":"let context1 = entity{\n    .id = \"com.huawei.eDataMate.operators.persist_file_plugin\";\n.async = true;\n.format = \"cbor\";\n};\nlet f1 = fit::handleTask(context1);\n\nlet context2 = entity{\n    .id = \"6a6084c0d1e243e7b327cb1a0ba068e2\";\n.async = true;\n.format = \"cbor\";\n};\nlet f2 = fit::handleTask(context2);\n\nlet ans = ext::context >> f1;\nans.get(0).put(\"contextData\", ext::context.get(0).get(\"contextData\"));\nans >> f2"},"retryNum":2,"type":"ohscript_jober"},"joberFilter":{"threshold":1,"type":"BATCH_FILTER"},"namespace":"flowable","pad":6,"rotateAble":false,"runningTask":0,"text":"文件落盘","triggerMode":"auto","type":"state","updateTime":{"$date":"2024-02-21T06:17:39.21Z"},"updateUser":"a3000","version":"1.0.3","warningTask":0,"width":63,"x":891,"y":335,"container":"elsa-page:qdjone","oldId":"9cjqbi"},{"id":"117il2","allowLink":false,"backColor":"white","beginArrow":false,"beginArrowEmpty":false,"beginArrowSize":4,"bold":false,"borderWidth":1,"createTime":{"$date":"2024-02-21T06:17:39.21Z"},"createUser":"a3000","curvePoint1":{"x":0,"y":0},"curvePoint2":{"x":0,"y":0},"dashWidth":0,"definedFromConnector":"E","definedToConnector":"","dirty":true,"endArrow":true,"endArrowEmpty":false,"endArrowSize":4,"endpointOffsetX":0,"endpointOffsetY":0,"fromShape":"vlrjwo","hAlign":"center","height":0,"hideText":false,"index":109,"isDeleted":false,"italic":false,"lineMode":{"type":"broken"},"lineWidth":2,"margin":30,"namespace":"flowable","pad":0,"text":"","textInnerHtml":"<p id=\"ukyj6k\"><br data-cke-filler=\"true\"></p>","textX":0,"textY":0,"toShape":"94p6o9","type":"event","updateTime":{"$date":"2024-02-21T06:17:39.21Z"},"updateUser":"a3000","version":"1.0.3","width":84,"x":355,"y":350,"container":"elsa-page:qdjone","oldId":"f4z7jq"},{"id":"lzqw6k","autoWidth":false,"bold":false,"borderWidth":0,"completedTask":0,"createTime":{"$date":"2024-02-19T02:26:19.739Z"},"createUser":"a3000","dirty":false,"enableAnimation":true,"height":30,"hideText":true,"index":110,"isDeleted":false,"italic":false,"joberFilter":{"threshold":1,"type":"BATCH_FILTER"},"margin":10,"namespace":"flowable","pad":6,"rotateAble":false,"runningTask":0,"text":"结束","triggerMode":"auto","type":"end","updateTime":{"$date":"2024-02-21T06:17:39.21Z"},"updateUser":"a3000","version":"1.0.3","warningTask":0,"width":30,"x":1025,"y":335,"container":"elsa-page:qdjone","oldId":"w21w8g"},{"id":"unecu8","allowLink":false,"backColor":"white","beginArrow":false,"beginArrowEmpty":false,"beginArrowSize":4,"bold":false,"borderWidth":1,"createTime":{"$date":"2024-02-21T06:17:39.211Z"},"createUser":"a3000","curvePoint1":{"x":0,"y":0},"curvePoint2":{"x":0,"y":0},"dashWidth":0,"definedFromConnector":"E","definedToConnector":"W","dirty":true,"endArrow":true,"endArrowEmpty":false,"endArrowSize":4,"endpointOffsetX":0,"endpointOffsetY":0,"fromShape":"94p6o9","hAlign":"center","height":0,"hideText":false,"index":111,"isDeleted":false,"italic":false,"lineMode":{"type":"broken"},"lineWidth":2,"margin":30,"namespace":"flowable","pad":0,"text":"","textX":0,"textY":0,"toShape":"3rb5hi","type":"event","updateTime":{"$date":"2024-02-21T06:17:39.211Z"},"updateUser":"a3000","version":"1.0.3","width":70,"x":482,"y":350,"container":"elsa-page:qdjone","textInnerHtml":"<p id=\"vqbpzl\"><br data-cke-filler=\"true\"></p>","oldId":"v9urer"},{"id":"94p6o9","autoHeight":true,"autoWidth":true,"bold":false,"completedTask":0,"createTime":{"$date":"2024-02-21T06:17:39.21Z"},"createUser":"a3000","dirty":false,"enableAnimation":true,"height":30,"index":112,"isDeleted":false,"italic":false,"jober":{"fitables":["com.huawei.eDataMate.operators.obs_plugin.read_object"],"fitablesConfig":[],"entity":{"code":"let context1 = entity{\n    .id = \"com.huawei.eDataMate.operators.obs_plugin.read_object\";\n.async = true;\n.format = \"cbor\";\n};\nlet f1 = fit::handleTask(context1);\n\next::context >> f1"},"retryNum":2,"type":"ohscript_jober"},"joberFilter":{"threshold":1,"type":"BATCH_FILTER"},"namespace":"flowable","pad":6,"rotateAble":false,"runningTask":0,"text":"文件读取","triggerMode":"auto","type":"state","updateTime":{"$date":"2024-02-21T06:17:39.21Z"},"updateUser":"a3000","version":"1.0.3","warningTask":0,"width":43,"x":439,"y":335,"container":"elsa-page:qdjone","oldId":"tw8jhe"}],"index":0}]}', 'com.huawei.a3000', '2024-02-29 11:06:54.64', 'com.huawei.a3000', '2024-02-29 11:06:54.64', NULL, 'f') ON CONFLICT (id, version) DO NOTHING;

INSERT INTO "public"."flow_definition" ("definition_id", "meta_id", "name", "tenant", "version", "status", "graph", "created_by", "created_at") VALUES ('7988fabef76d47c99dc9c1814d801e8f', '25a6ab2fd8184ac5aee9782d79062663', '扫描件清洗模板-OBS', '4b1f59a7ccdd4faf930f29b4f1f946b3', '1.0.0', 'active', '{"name": "扫描件清洗模板-OBS", "nodes": [{"name": "开始", "type": "start", "metaId": "fpewt5", "triggerMode": "auto"}, {"to": "vlrjwo", "from": "fpewt5", "name": "", "type": "event", "metaId": "3vfq1n"}, {"to": "f4w36f", "from": "3rb5hi", "name": "", "type": "event", "metaId": "s8wyf7"}, {"name": "文件扫盘", "type": "state", "jober": {"type": "ohscript_jober", "entity": {"code": "let context1 = entity{\n    .async = true;\n    .format = \"cbor\";\n    .id = \"com.huawei.eDataMate.operators.obs_plugin.list_objects\";\n    };\nlet f1 = fit::handleTask(context1);\nlet ans = ext::context >> f1;\nlet context2 = entity{\n\t.async = true;\n\t.format = \"cbor\";\n\t.id = \"fd04d6f24ecd4ebb8f889014a441cc63\";\n};\nlet f2 = fit::handleTask(context2);\nans >> f2"}, "fitables": ["com.huawei.eDataMate.operators.obs_plugin.list_objects", "fd04d6f24ecd4ebb8f889014a441cc63"], "retryNum": 2, "fitablesConfig": []}, "metaId": "vlrjwo", "joberFilter": {"type": "BATCH_FILTER", "threshold": 1}, "triggerMode": "auto"}, {"to": "pg0kfg", "from": "f4w36f", "name": "", "type": "event", "metaId": "j1j5h6"}, {"name": "内容抽取", "type": "state", "jober": {"type": "ohscript_jober", "entity": {"code": "let context1 = entity{\n    .id = \"com.huawei.eDataMate.operators.ocr_extractor_plugin\";\n.async = true;\n.format = \"cbor\";\n};\nlet f1 = fit::handleTask(context1);\n\next::context >> f1"}, "fitables": ["com.huawei.eDataMate.operators.ocr_extractor_plugin"], "retryNum": 2, "fitablesConfig": []}, "metaId": "3rb5hi", "joberFilter": {"type": "BATCH_FILTER", "threshold": 1}, "triggerMode": "auto"}, {"to": "lzqw6k", "from": "pg0kfg", "name": "", "type": "event", "metaId": "tncpii"}, {"name": "格式转换", "type": "state", "jober": {"type": "ohscript_jober", "entity": {"code": "let context1 = entity{\n    .id = \"com.huawei.eDataMate.operators.text_to_word_plugin\";\n.async = true;\n.format = \"cbor\";\n};\nlet f1 = fit::handleTask(context1);\n\next::context >> f1"}, "fitables": ["com.huawei.eDataMate.operators.text_to_word_plugin"], "retryNum": 2, "fitablesConfig": []}, "metaId": "f4w36f", "joberFilter": {"type": "BATCH_FILTER", "threshold": 1}, "triggerMode": "auto"}, {"name": "文件落盘", "type": "state", "jober": {"type": "ohscript_jober", "entity": {"code": "let context1 = entity{\n    .id = \"com.huawei.eDataMate.operators.persist_file_plugin\";\n.async = true;\n.format = \"cbor\";\n};\nlet f1 = fit::handleTask(context1);\n\nlet context2 = entity{\n    .id = \"6a6084c0d1e243e7b327cb1a0ba068e2\";\n.async = true;\n.format = \"cbor\";\n};\nlet f2 = fit::handleTask(context2);\n\nlet ans = ext::context >> f1;\nans.get(0).put(\"contextData\", ext::context.get(0).get(\"contextData\"));\nans >> f2"}, "fitables": ["com.huawei.eDataMate.operators.persist_file_plugin", "6a6084c0d1e243e7b327cb1a0ba068e2"], "retryNum": 2, "fitablesConfig": []}, "metaId": "pg0kfg", "joberFilter": {"type": "BATCH_FILTER", "threshold": 1}, "triggerMode": "auto"}, {"to": "94p6o9", "from": "vlrjwo", "name": "", "type": "event", "metaId": "117il2"}, {"name": "结束", "type": "end", "metaId": "lzqw6k", "triggerMode": "auto"}, {"to": "3rb5hi", "from": "94p6o9", "name": "", "type": "event", "metaId": "unecu8"}, {"name": "文件读取", "type": "state", "jober": {"type": "ohscript_jober", "entity": {"code": "let context1 = entity{\n    .id = \"com.huawei.eDataMate.operators.obs_plugin.read_object\";\n.async = true;\n.format = \"cbor\";\n};\nlet f1 = fit::handleTask(context1);\n\next::context >> f1"}, "fitables": ["com.huawei.eDataMate.operators.obs_plugin.read_object"], "retryNum": 2, "fitablesConfig": []}, "metaId": "94p6o9", "joberFilter": {"type": "BATCH_FILTER", "threshold": 1}, "triggerMode": "auto"}], "metaId": "25a6ab2fd8184ac5aee9782d79062663", "status": "active", "version": "1.0.0"}', 'com.huawei.a3000', '2024-02-29 11:06:54.571') ON CONFLICT (definition_id) DO NOTHING;

INSERT INTO "public"."tag_usage" ("id", "tag_id", "object_type", "object_id", "created_by", "created_at") VALUES ('2d33617ca65643dcb8550825fd2b9996', '426fb6ea353b44e7958ff7cc96d7b5e6', 'FLOW GRAPH', '25a6ab2fd8184ac5aee9782d79062663', 'com.huawei.a3000', '2024-02-29 03:06:54.299') ON CONFLICT (id) DO NOTHING;

INSERT INTO "public"."fitable_usage" ("fitable_id", "definition_id") VALUES ('com.huawei.eDataMate.operators.ocr_extractor_plugin', '7988fabef76d47c99dc9c1814d801e8f') ON CONFLICT (fitable_id, definition_id) DO NOTHING;
INSERT INTO "public"."fitable_usage" ("fitable_id", "definition_id") VALUES ('6a6084c0d1e243e7b327cb1a0ba068e2', '7988fabef76d47c99dc9c1814d801e8f') ON CONFLICT (fitable_id, definition_id) DO NOTHING;
INSERT INTO "public"."fitable_usage" ("fitable_id", "definition_id") VALUES ('com.huawei.eDataMate.operators.text_to_word_plugin', '7988fabef76d47c99dc9c1814d801e8f') ON CONFLICT (fitable_id, definition_id) DO NOTHING;
INSERT INTO "public"."fitable_usage" ("fitable_id", "definition_id") VALUES ('com.huawei.eDataMate.operators.persist_file_plugin', '7988fabef76d47c99dc9c1814d801e8f') ON CONFLICT (fitable_id, definition_id) DO NOTHING;
INSERT INTO "public"."fitable_usage" ("fitable_id", "definition_id") VALUES ('com.huawei.eDataMate.operators.obs_plugin.read_object', '7988fabef76d47c99dc9c1814d801e8f') ON CONFLICT (fitable_id, definition_id) DO NOTHING;
INSERT INTO "public"."fitable_usage" ("fitable_id", "definition_id") VALUES ('fd04d6f24ecd4ebb8f889014a441cc63', '7988fabef76d47c99dc9c1814d801e8f') ON CONFLICT (fitable_id, definition_id) DO NOTHING;
INSERT INTO "public"."fitable_usage" ("fitable_id", "definition_id") VALUES ('com.huawei.eDataMate.operators.obs_plugin.list_objects', '7988fabef76d47c99dc9c1814d801e8f') ON CONFLICT (fitable_id, definition_id) DO NOTHING;

-- 数据增强
INSERT INTO "public"."flow_graph" ("id", "version", "tenant", "status", "name", "data", "created_by", "created_at", "updated_by", "updated_at", "previous", "is_deleted") VALUES ('52b4961dd7194a3ab7c9b308e5bba523', '1.0.0', 'A3000', 'active', '数据增强', '{"id":"52b4961dd7194a3ab7c9b308e5bba523","title":"数据增强","createTime":{"$date":"2023-11-20T09:10:20.473Z"},"source":"elsa","type":"graph","tenant":"default","setting":{"borderColor":"steelblue","backColor":"whitesmoke","headColor":"steelblue","fontColor":"steelblue","captionfontColor":"whitesmoke","fontFace":"arial","captionfontFace":"arial black","fontSize":12,"captionfontSize":14,"fontStyle":"normal","captionfontStyle":"normal","fontWeight":"lighter","captionfontWeight":"lighter","hAlign":"center","vAlign":"top","captionhAlign":"center","lineHeight":1.5,"lineWidth":2,"captionlineHeight":1,"focusMargin":0,"focusBorderColor":"darkorange","focusFontColor":"darkorange","focusBackColor":"whitesmoke","mouseInColor":"orange","mouseInBorderColor":"orange","mouseInFontColor":"orange","mouseInBackColor":"whitesmoke","borderWidth":1,"globalAlpha":1,"backAlpha":0.15,"cornerRadius":4,"dashWidth":0,"autoText":false,"autoHeight":false,"autoWidth":false,"margin":25,"pad":10,"code":"","rotateDegree":0,"shadow":false,"shadowData":"2px 2px 4px","outstanding":false,"pDock":"none","dockMode":"none","priority":0,"infoType":{"next":"INFORMATION","name":"none"},"progressStatus":{"next":"UNKNOWN","color":"gray","name":"NONE"},"progressPercent":0.65,"showedProgress":false,"itemPad":[5,5,5,5],"itemScroll":{"x":0,"y":0},"scrollLock":{"x":false,"y":false},"resizeable":true,"selectable":true,"rotateAble":true,"editable":true,"moveable":true,"dragable":true,"visible":true,"deletable":true,"allowLink":true,"shared":false,"strikethrough":false,"underline":false,"numberedList":false,"bulletedList":false,"enableAnimation":false,"enableSocial":true,"emphasized":false,"bulletSpeed":1,"tag":{}},"pages":[{"id":"elsa-page:k8lp1x","backColor":"white","bold":false,"borderColor":"white","container":"elsa-page:k8lp1x","createTime":{"$date":"2023-11-20T09:10:20.473Z"},"createUser":"A3000","dirty":false,"dockAlign":"top","dockMode":"none","fontColor":"#ECD0A7","fontFace":"arial","fontSize":18,"fontStyle":"normal","fontWeight":"bold","hAlign":"left","height":919,"hideText":true,"index":0,"isPage":true,"italic":false,"itemPad":[0,0,0,0],"itemScroll":{"x":0,"y":0},"itemSpace":5,"moveable":true,"namespace":"elsa","shapesAs":{},"text":"--","type":"page","updateTime":{"$date":"2023-11-20T12:11:56.691Z"},"updateUser":"A3000","vAlign":"top","version":"1.0.0","width":1977,"x":0,"y":0,"shapes":[{"id":"h7qe7k","autoWidth":false,"bold":false,"borderWidth":0,"completedTask":0,"createTime":{"$date":"2023-11-20T09:10:20.473Z"},"createUser":"A3000","dirty":false,"enableAnimation":true,"height":30,"hideText":true,"index":100,"isDeleted":false,"italic":false,"margin":10,"namespace":"flowable","oldId":"u72k01","pad":6,"rotateAble":false,"runningTask":0,"text":"开始","triggerMode":"auto","type":"start","updateTime":{"$date":"2023-12-04T09:01:13.607Z"},"updateUser":"A3000","version":"1.0.0","warningTask":0,"width":30,"x":691,"y":378,"container":"elsa-page:k8lp1x"},{"id":"af6q24","allowLink":false,"backColor":"white","beginArrow":false,"beginArrowEmpty":false,"beginArrowSize":4,"bold":false,"borderWidth":1,"createTime":{"$date":"2023-11-20T09:10:20.473Z"},"createUser":"A3000","curvePoint1":{"x":0,"y":0},"curvePoint2":{"x":0,"y":0},"dashWidth":0,"definedFromConnector":"E","definedToConnector":"","dirty":true,"endArrow":true,"endArrowEmpty":false,"endArrowSize":4,"endpointOffsetX":0,"endpointOffsetY":0,"fromShape":"h7qe7k","hAlign":"center","height":0.00021759378182650835,"hideText":false,"index":101,"isDeleted":false,"italic":false,"lineMode":{"type":"broken"},"lineWidth":2,"margin":29.999891203109087,"namespace":"flowable","oldId":"2acymv","pad":0,"text":"","textInnerHtml":"<p id=\"1f2xn2\"><br data-cke-filler=\"true\"></p>","textX":0,"textY":0,"toShape":"ruuvux","type":"event","updateTime":{"$date":"2023-12-04T09:01:13.607Z"},"updateUser":"A3000","version":"1.0.0","width":105,"x":721,"y":393,"container":"elsa-page:k8lp1x"},{"id":"ruuvux","autoHeight":true,"autoWidth":true,"bold":false,"completedTask":0,"createTime":{"$date":"2023-11-20T09:10:20.474Z"},"createUser":"A3000","dirty":true,"enableAnimation":true,"height":22,"index":102,"isDeleted":false,"italic":false,"jober":{"fitables":["1983cd32d29789c389016b55f005d0a1"],"fitablesConfig":[],"entity":{"retryNum":2,"code":"let context1 = entity{\n    .async = true;\n    .id = \"1983cd32d29789c389016b55f005d0a1\";\n};\nlet f1 = fit::handleTask(context1);\n\next::context >> f1"},"type":"ohscript_jober","retryNum":2},"joberFilter":{"threshold":1,"type":"BATCH_FILTER"},"namespace":"flowable","oldId":"mf0c0c","pad":6,"rotateAble":false,"runningTask":0,"text":"文件分发","textInnerHtml":"<p id=\"spv6r5\">文件分发</p>","triggerMode":"auto","type":"state","updateTime":{"$date":"2023-12-04T09:01:13.607Z"},"updateUser":"A3000","version":"1.0.0","warningTask":0,"width":63,"x":826,"y":382.0002175937818,"container":"elsa-page:k8lp1x"},{"id":"agfx5h","allowLink":false,"backColor":"white","beginArrow":false,"beginArrowEmpty":false,"beginArrowSize":4,"bold":false,"borderWidth":1,"createTime":{"$date":"2023-11-20T09:13:58.817Z"},"createUser":"A3000","curvePoint1":{"x":0,"y":0},"curvePoint2":{"x":0,"y":0},"dashWidth":0,"definedFromConnector":"E","definedToConnector":"","dirty":true,"endArrow":true,"endArrowEmpty":false,"endArrowSize":4,"endpointOffsetX":0,"endpointOffsetY":0,"fromShape":"ruuvux","hAlign":"center","height":-0.9997824062180598,"hideText":false,"index":103,"isDeleted":false,"italic":false,"lineMode":{"type":"broken"},"lineWidth":2,"margin":29.50010879689097,"namespace":"flowable","oldId":"s9hlkm","pad":0,"text":"","textInnerHtml":"<p id=\"lugk6c\"><br data-cke-filler=\"true\"></p>","textX":0,"textY":0,"toShape":"rpvf5w","type":"event","updateTime":{"$date":"2023-12-04T09:01:13.607Z"},"updateUser":"A3000","version":"1.0.0","width":110,"x":889,"y":393.0002175937818,"container":"elsa-page:k8lp1x"},{"id":"m0ex7a","allowLink":false,"backColor":"white","beginArrow":false,"beginArrowEmpty":false,"beginArrowSize":4,"bold":false,"borderWidth":1,"createTime":{"$date":"2023-11-20T09:13:58.817Z"},"createUser":"A3000","curvePoint1":{"x":0,"y":0},"curvePoint2":{"x":0,"y":0},"dashWidth":0,"definedFromConnector":"E","definedToConnector":"","dirty":true,"endArrow":true,"endArrowEmpty":false,"endArrowSize":4,"endpointOffsetX":0,"endpointOffsetY":0,"fromShape":"rpvf5w","hAlign":"center","height":2,"hideText":false,"index":104,"isDeleted":false,"italic":false,"lineMode":{"type":"broken"},"lineWidth":2,"margin":29,"namespace":"flowable","oldId":"zqlhu3","pad":0,"text":"","textInnerHtml":"<p id=\"00p3zf\"><br data-cke-filler=\"true\"></p>","textX":0,"textY":0,"toShape":"jcj182","type":"event","updateTime":{"$date":"2023-12-04T09:01:13.607Z"},"updateUser":"A3000","version":"1.0.0","width":110,"x":1062,"y":392.00043518756377,"container":"elsa-page:k8lp1x"},{"id":"i1mfow","allowLink":false,"backColor":"white","beginArrow":false,"beginArrowEmpty":false,"beginArrowSize":4,"bold":false,"borderWidth":1,"createTime":{"$date":"2023-11-20T09:13:58.818Z"},"createUser":"A3000","curvePoint1":{"x":0,"y":0},"curvePoint2":{"x":0,"y":0},"dashWidth":0,"definedFromConnector":"E","definedToConnector":"","dirty":true,"endArrow":true,"endArrowEmpty":false,"endArrowSize":4,"endpointOffsetX":0,"endpointOffsetY":0,"fromShape":"jcj182","hAlign":"center","height":-0.9995134115872588,"hideText":false,"index":105,"isDeleted":false,"italic":false,"lineMode":{"type":"broken"},"lineWidth":2,"margin":29.50024329420637,"namespace":"flowable","oldId":"p8oand","pad":0,"text":"","textInnerHtml":"<p id=\"j9w9ob\"><br data-cke-filler=\"true\"></p>","textX":0,"textY":0,"toShape":"g6p400","type":"event","updateTime":{"$date":"2023-12-04T09:01:13.607Z"},"updateUser":"A3000","version":"1.0.0","width":146,"x":1215,"y":394.00043518756377,"container":"elsa-page:k8lp1x"},{"id":"rpvf5w","autoHeight":true,"autoWidth":true,"bold":false,"completedTask":0,"createTime":{"$date":"2023-11-20T09:13:58.817Z"},"createUser":"A3000","dirty":true,"enableAnimation":true,"height":22,"index":106,"isDeleted":false,"italic":false,"jober":{"fitables":["com.huawei.eDataMate.operators.txt_extractor_plugin"],"fitablesConfig":[],"entity":{"retryNum":2,"code":"let context1 = entity{\n     .async = true;\n    .id = \"com.huawei.eDataMate.operators.txt_extractor_plugin\";\n};\nlet f1 = fit::handleTask(context1);\n\next::context >> f1"},"type":"ohscript_jober","retryNum":2},"joberFilter":{"threshold":1,"type":"BATCH_FILTER"},"namespace":"flowable","oldId":"xfrnjx","pad":6,"rotateAble":false,"runningTask":0,"text":"文件读取","textInnerHtml":"<p id=\"77zudl\">文件读取</p>","triggerMode":"auto","type":"state","updateTime":{"$date":"2023-12-04T09:01:13.607Z"},"updateUser":"A3000","version":"1.0.0","warningTask":0,"width":63,"x":999,"y":381.00043518756377,"container":"elsa-page:k8lp1x"},{"id":"k1hv6u","allowLink":false,"backColor":"white","beginArrow":false,"beginArrowEmpty":false,"beginArrowSize":4,"bold":false,"borderWidth":1,"createTime":{"$date":"2023-11-20T09:13:58.818Z"},"createUser":"A3000","curvePoint1":{"x":0,"y":0},"curvePoint2":{"x":0,"y":0},"dashWidth":0,"definedFromConnector":"E","definedToConnector":"","dirty":true,"endArrow":true,"endArrowEmpty":false,"endArrowSize":4,"endpointOffsetX":0,"endpointOffsetY":0,"fromShape":"g6p400","hAlign":"center","height":0.9999485991511392,"hideText":false,"index":107,"isDeleted":false,"italic":false,"lineMode":{"type":"broken"},"lineWidth":2,"margin":29.50002570042443,"namespace":"flowable","oldId":"r8ty75","pad":0,"text":"","textInnerHtml":"<p id=\"pkoc41\"><br data-cke-filler=\"true\"></p>","textX":0,"textY":0,"toShape":"whz8ze","type":"event","updateTime":{"$date":"2023-12-04T09:01:13.607Z"},"updateUser":"A3000","version":"1.0.0","width":129,"x":1417,"y":393.0009217759765,"container":"elsa-page:k8lp1x"},{"id":"jcj182","autoHeight":true,"autoWidth":true,"bold":false,"completedTask":0,"createTime":{"$date":"2023-11-20T09:13:58.818Z"},"createUser":"A3000","dirty":true,"enableAnimation":true,"height":22,"index":108,"isDeleted":false,"italic":false,"jober":{"fitables":["com.huawei.eDataMate.operators.segmentation_plugin"],"fitablesConfig":[],"entity":{"retryNum":2,"code":"let context1 = entity{\n     .async = true;\n    .id = \"com.huawei.eDataMate.operators.segmentation_plugin\";\n};\nlet f1 = fit::handleTask(context1);\n\next::context >> f1"},"type":"ohscript_jober","retryNum":2},"joberFilter":{"threshold":1,"type":"BATCH_FILTER"},"namespace":"flowable","oldId":"tw48fa","pad":6,"rotateAble":false,"runningTask":0,"text":"切片","textInnerHtml":"<p id=\"3lwzz2\">切片</p>","triggerMode":"auto","type":"state","updateTime":{"$date":"2023-12-04T09:01:13.608Z"},"updateUser":"A3000","version":"1.0.0","warningTask":0,"width":43,"x":1172,"y":383.00043518756377,"container":"elsa-page:k8lp1x"},{"id":"kkeje5","allowLink":false,"backColor":"white","beginArrow":false,"beginArrowEmpty":false,"beginArrowSize":4,"bold":false,"borderWidth":1,"createTime":{"$date":"2023-11-20T09:13:58.818Z"},"createUser":"A3000","curvePoint1":{"x":0,"y":0},"curvePoint2":{"x":0,"y":0},"dashWidth":0,"definedFromConnector":"E","definedToConnector":"","dirty":true,"endArrow":true,"endArrowEmpty":false,"endArrowSize":4,"endpointOffsetX":0,"endpointOffsetY":0,"fromShape":"whz8ze","hAlign":"center","height":0.00021759378194019519,"hideText":false,"index":109,"isDeleted":false,"italic":false,"lineMode":{"type":"broken"},"lineWidth":2,"margin":29.99989120310903,"namespace":"flowable","oldId":"1dafel","pad":0,"text":"","textInnerHtml":"<p id=\"6c15bt\"><br data-cke-filler=\"true\"></p>","textX":0,"textY":0,"toShape":"abrcrk","type":"event","updateTime":{"$date":"2023-12-04T09:01:13.608Z"},"updateUser":"A3000","version":"1.0.0","width":85,"x":1602,"y":394.00087037512765,"container":"elsa-page:k8lp1x"},{"id":"g6p400","autoHeight":true,"autoWidth":true,"bold":false,"completedTask":0,"createTime":{"$date":"2023-11-20T09:13:58.818Z"},"createUser":"A3000","dirty":true,"enableAnimation":true,"height":22,"index":110,"isDeleted":false,"italic":false,"jober":{"fitables":["com.huawei.eDataMate.operators.instruction_generator_plugin"],"fitablesConfig":[],"entity":{"retryNum":2,"code":"let context1 = entity{\n     .async = true;\n    .id = \"com.huawei.eDataMate.operators.instruction_generator_plugin\";\n};\nlet f1 = fit::handleTask(context1);\n\next::context >> f1"},"type":"ohscript_jober","retryNum":2},"joberFilter":{"threshold":"3","type":"SAME_BATCH_FILTER"},"namespace":"flowable","oldId":"07kxwk","pad":6,"rotateAble":false,"runningTask":0,"text":"QA生成","textInnerHtml":"<p id=\"9isdff\">QA生成</p>","triggerMode":"auto","type":"state","updateTime":{"$date":"2023-12-04T09:01:13.608Z"},"updateUser":"A3000","version":"1.0.0","warningTask":0,"width":56,"x":1361,"y":382.0009217759765,"container":"elsa-page:k8lp1x"},{"id":"whz8ze","autoHeight":true,"autoWidth":true,"bold":false,"completedTask":0,"createTime":{"$date":"2023-11-20T09:13:58.818Z"},"createUser":"A3000","dirty":true,"enableAnimation":true,"height":22,"index":111,"isDeleted":false,"italic":false,"jober":{"fitables":["1983cd32d29789c389016b55f005d0a2"],"fitablesConfig":[],"entity":{"retryNum":2,"code":"let context1 = entity{\n     .async = true;\n    .id = \"1983cd32d29789c389016b55f005d0a2\";\n};\nlet f1 = fit::handleTask(context1);\n\next::context >> f1"},"type":"ohscript_jober","retryNum":2},"joberFilter":{"threshold":1,"type":"BATCH_FILTER"},"namespace":"flowable","oldId":"f29kxa","pad":6,"rotateAble":false,"runningTask":0,"text":"QA保存","triggerMode":"auto","type":"state","updateTime":{"$date":"2023-12-04T09:01:13.608Z"},"updateUser":"A3000","version":"1.0.0","warningTask":0,"width":56,"x":1546,"y":383.00087037512765,"container":"elsa-page:k8lp1x"},{"id":"abrcrk","autoWidth":false,"bold":false,"borderWidth":0,"completedTask":0,"createTime":{"$date":"2023-11-20T09:13:58.818Z"},"createUser":"A3000","dirty":false,"enableAnimation":true,"height":30,"hideText":true,"index":112,"isDeleted":false,"italic":false,"joberFilter":{"threshold":1,"type":"BATCH_FILTER"},"margin":10,"namespace":"flowable","oldId":"9z043n","pad":6,"rotateAble":false,"runningTask":0,"text":"结束","triggerMode":"auto","type":"end","updateTime":{"$date":"2023-12-04T09:01:13.608Z"},"updateUser":"A3000","version":"1.0.0","warningTask":0,"width":30,"x":1687,"y":379.0010879689096,"container":"elsa-page:k8lp1x"}]}],"version":"1.0.0"}', 'A3000', '2023-12-07 22:20:05.431', 'A3000', '2023-12-07 22:20:05.431', NULL, 'f') ON CONFLICT (id, version) DO NOTHING;

INSERT INTO "public"."flow_definition" ("definition_id", "meta_id", "name", "tenant", "version", "status", "graph", "created_by", "created_at") VALUES ('a27f2ba91f364a35b4d3fd388267f68c', '52b4961dd7194a3ab7c9b308e5bba523', '数据增强', 'A3000', '1.0.0', 'active', '{"name": "数据增强", "nodes": [{"name": "开始", "type": "start", "metaId": "h7qe7k", "triggerMode": "auto"}, {"to": "ruuvux", "from": "h7qe7k", "name": "", "type": "event", "metaId": "af6q24"}, {"name": "文件分发", "type": "state", "jober": {"type": "ohscript_jober", "entity": {"code": "let context1 = entity{\n    .async = true;\n    .id = \"1983cd32d29789c389016b55f005d0a1\";\n};\nlet f1 = fit::handleTask(context1);\n\next::context >> f1", "retryNum": 2}, "fitables": ["1983cd32d29789c389016b55f005d0a1"], "retryNum": 2, "fitablesConfig": []}, "metaId": "ruuvux", "joberFilter": {"type": "BATCH_FILTER", "threshold": 1}, "triggerMode": "auto"}, {"to": "rpvf5w", "from": "ruuvux", "name": "", "type": "event", "metaId": "agfx5h"}, {"to": "jcj182", "from": "rpvf5w", "name": "", "type": "event", "metaId": "m0ex7a"}, {"to": "g6p400", "from": "jcj182", "name": "", "type": "event", "metaId": "i1mfow"}, {"name": "文件读取", "type": "state", "jober": {"type": "ohscript_jober", "entity": {"code": "let context1 = entity{\n     .async = true;\n    .id = \"com.huawei.eDataMate.operators.txt_extractor_plugin\";\n};\nlet f1 = fit::handleTask(context1);\n\next::context >> f1", "retryNum": 2}, "fitables": ["com.huawei.eDataMate.operators.txt_extractor_plugin"], "retryNum": 2, "fitablesConfig": []}, "metaId": "rpvf5w", "joberFilter": {"type": "BATCH_FILTER", "threshold": 1}, "triggerMode": "auto"}, {"to": "whz8ze", "from": "g6p400", "name": "", "type": "event", "metaId": "k1hv6u"}, {"name": "切片", "type": "state", "jober": {"type": "ohscript_jober", "entity": {"code": "let context1 = entity{\n     .async = true;\n    .id = \"com.huawei.eDataMate.operators.segmentation_plugin\";\n};\nlet f1 = fit::handleTask(context1);\n\next::context >> f1", "retryNum": 2}, "fitables": ["com.huawei.eDataMate.operators.segmentation_plugin"], "retryNum": 2, "fitablesConfig": []}, "metaId": "jcj182", "joberFilter": {"type": "BATCH_FILTER", "threshold": 1}, "triggerMode": "auto"}, {"to": "abrcrk", "from": "whz8ze", "name": "", "type": "event", "metaId": "kkeje5"}, {"name": "QA生成", "type": "state", "jober": {"type": "ohscript_jober", "entity": {"code": "let context1 = entity{\n     .async = true;\n    .id = \"com.huawei.eDataMate.operators.instruction_generator_plugin\";\n};\nlet f1 = fit::handleTask(context1);\n\next::context >> f1", "retryNum": 2}, "fitables": ["com.huawei.eDataMate.operators.instruction_generator_plugin"], "retryNum": 2, "fitablesConfig": []}, "metaId": "g6p400", "joberFilter": {"type": "SAME_BATCH_FILTER", "threshold": "3"}, "triggerMode": "auto"}, {"name": "QA保存", "type": "state", "jober": {"type": "ohscript_jober", "entity": {"code": "let context1 = entity{\n     .async = true;\n    .id = \"1983cd32d29789c389016b55f005d0a2\";\n};\nlet f1 = fit::handleTask(context1);\n\next::context >> f1", "retryNum": 2}, "fitables": ["1983cd32d29789c389016b55f005d0a2"], "retryNum": 2, "fitablesConfig": []}, "metaId": "whz8ze", "joberFilter": {"type": "BATCH_FILTER", "threshold": 1}, "triggerMode": "auto"}, {"name": "结束", "type": "end", "metaId": "abrcrk", "triggerMode": "auto"}], "metaId": "52b4961dd7194a3ab7c9b308e5bba523", "status": "active", "version": "1.0.0"}', 'A3000', '2023-12-07 22:20:05.565') ON CONFLICT (definition_id) DO NOTHING;

INSERT INTO "public"."tag_usage" ("id", "tag_id", "object_type", "object_id", "created_by", "created_at") VALUES ('542d3e5e068d4d3bb23988fff7bae24a', 'b3ac13dd11eb4f3a9743d56673826f87', 'FLOW GRAPH', '52b4961dd7194a3ab7c9b308e5bba523', 'A3000', '2023-12-07 14:20:05.631') ON CONFLICT (id) DO NOTHING;

INSERT INTO "public"."fitable_usage" ("fitable_id", "definition_id") VALUES ('1983cd32d29789c389016b55f005d0a1', 'a27f2ba91f364a35b4d3fd388267f68c') ON CONFLICT (fitable_id, definition_id) DO NOTHING;
INSERT INTO "public"."fitable_usage" ("fitable_id", "definition_id") VALUES ('com.huawei.eDataMate.operators.instruction_generator_plugin', 'a27f2ba91f364a35b4d3fd388267f68c') ON CONFLICT (fitable_id, definition_id) DO NOTHING;
INSERT INTO "public"."fitable_usage" ("fitable_id", "definition_id") VALUES ('1983cd32d29789c389016b55f005d0a2', 'a27f2ba91f364a35b4d3fd388267f68c') ON CONFLICT (fitable_id, definition_id) DO NOTHING;
INSERT INTO "public"."fitable_usage" ("fitable_id", "definition_id") VALUES ('com.huawei.eDataMate.operators.txt_extractor_plugin', 'a27f2ba91f364a35b4d3fd388267f68c') ON CONFLICT (fitable_id, definition_id) DO NOTHING;
INSERT INTO "public"."fitable_usage" ("fitable_id", "definition_id") VALUES ('com.huawei.eDataMate.operators.segmentation_plugin', 'a27f2ba91f364a35b4d3fd388267f68c') ON CONFLICT (fitable_id, definition_id) DO NOTHING;

INSERT INTO task ("id", "name", "tenant_id", "created_by", "created_at", "updated_by", "updated_at", "attributes") VALUES ('50c25684758b4af19302f753f46c64bd', 'A3000数据增强', '30892136272c45128d0046b1a91cf5f7', 'A3000', '2023-11-17 10:59:27.406', 'A3000', '2023-11-17 10:59:27.406', '{}') ON CONFLICT (id) DO NOTHING;

INSERT INTO tag ("id", "name", "description", "created_by", "created_at", "updated_by", "updated_at") VALUES ('b3ac13dd11eb4f3a9743d56673826f87', '数据增强', '', 'A3000', '2023-11-20 12:37:51.732', 'A3000', '2023-11-20 12:37:51.732') ON CONFLICT (id) DO NOTHING;

INSERT INTO task_property ("id", "task_id", "name", "required", "description", "scope", "data_type", "sequence", "appearance", "identifiable") VALUES ('9a338ee71e4d48acbcb2de120550de4d', '50c25684758b4af19302f753f46c64bd', 'id', 't', '', 'SYSTEM', 'TEXT', 1, '{"displayOrder":0,"visible":false,"modifiable":false,"name":"ID","options":[],"config":{},"displayType":"text"}', 't') ON CONFLICT (id) DO NOTHING;
INSERT INTO task_property ("id", "task_id", "name", "required", "description", "scope", "data_type", "sequence", "appearance", "identifiable") VALUES ('a8f4d42904cc44648181b2cf45d18664', '50c25684758b4af19302f753f46c64bd', 'decomposed_from', 'f', '', 'SYSTEM', 'TEXT', 2, '{"displayOrder":1,"visible":false,"modifiable":false,"name":"父级编号","options":[],"config":{},"displayType":"text"}', 'f') ON CONFLICT (id) DO NOTHING;
INSERT INTO task_property ("id", "task_id", "name", "required", "description", "scope", "data_type", "sequence", "appearance", "identifiable") VALUES ('f5e5d384c4ed49bd9a293e27b3dd5717', '50c25684758b4af19302f753f46c64bd', 'title', 't', '', 'SYSTEM', 'TEXT', 3, '{"displayOrder":2,"visible":false,"modifiable":false,"name":"名称","options":[],"config":{},"displayType":"text"}', 'f') ON CONFLICT (id) DO NOTHING;
INSERT INTO task_property ("id", "task_id", "name", "required", "description", "scope", "data_type", "sequence", "appearance", "identifiable") VALUES ('f75d545d4e9b4cde94c3eb819a8aaae1', '50c25684758b4af19302f753f46c64bd', 'owner', 't', '', 'SYSTEM', 'TEXT', 4, '{"displayOrder":3,"visible":false,"modifiable":false,"name":"责任人","options":[],"config":{},"displayType":"person"}', 'f') ON CONFLICT (id) DO NOTHING;
INSERT INTO task_property ("id", "task_id", "name", "required", "description", "scope", "data_type", "sequence", "appearance", "identifiable") VALUES ('5d2ddc26aae040788f5496037d0e71ab', '50c25684758b4af19302f753f46c64bd', 'created_by', 't', '', 'SYSTEM', 'TEXT', 5, '{"displayOrder":4,"visible":false,"modifiable":false,"name":"创建人","options":[],"config":{},"displayType":"text"}', 'f') ON CONFLICT (id) DO NOTHING;
INSERT INTO task_property ("id", "task_id", "name", "required", "description", "scope", "data_type", "sequence", "appearance", "identifiable") VALUES ('fc0b7e097ca34ee5ad1d7c4808f7f502', '50c25684758b4af19302f753f46c64bd', 'created_date', 't', '', 'SYSTEM', 'DATETIME', 1, '{"displayOrder":5,"visible":false,"modifiable":false,"name":"创建时间","options":[],"config":{},"displayType":"date"}', 'f') ON CONFLICT (id) DO NOTHING;
INSERT INTO task_property ("id", "task_id", "name", "required", "description", "scope", "data_type", "sequence", "appearance", "identifiable") VALUES ('64c8c06953644add8f2bad38342cef6f', '50c25684758b4af19302f753f46c64bd', 'modified_by', 't', '', 'SYSTEM', 'TEXT', 6, '{"displayOrder":6,"visible":false,"modifiable":false,"name":"更新人","options":[],"config":{},"displayType":"text"}', 'f') ON CONFLICT (id) DO NOTHING;
INSERT INTO task_property ("id", "task_id", "name", "required", "description", "scope", "data_type", "sequence", "appearance", "identifiable") VALUES ('8335c38cb93e4f0a88ed6acc2494a120', '50c25684758b4af19302f753f46c64bd', 'modified_date', 't', '', 'SYSTEM', 'DATETIME', 2, '{"displayOrder":7,"visible":false,"modifiable":false,"name":"更新时间","options":[],"config":{},"displayType":"date"}', 'f') ON CONFLICT (id) DO NOTHING;
INSERT INTO task_property ("id", "task_id", "name", "required", "description", "scope", "data_type", "sequence", "appearance", "identifiable") VALUES ('a6e9171292564f96b5618ca017fe5b13', '50c25684758b4af19302f753f46c64bd', 'status', 't', '', 'SYSTEM', 'TEXT', 7, '{"displayOrder":8,"visible":false,"modifiable":false,"name":"状态","options":[{"text":"初始","value":"I","tags":"未开始"},{"text":"设计","value":"A","tags":"处理中"},{"text":"开发","value":"D","tags":"处理中"},{"text":"测试","value":"T","tags":"处理中"},{"text":"完成","value":"C","tags":"已完成"}],"config":{},"displayType":"select","categoryTriggers":[{"category":"未开始","fitableIds":[]},{"category":"处理中","fitableIds":[]},{"category":"已完成","fitableIds":[]}]}', 'f') ON CONFLICT (id) DO NOTHING;
INSERT INTO task_property ("id", "task_id", "name", "required", "description", "scope", "data_type", "sequence", "appearance", "identifiable") VALUES ('0744a226f141466e8c1c4df85cdad970', '50c25684758b4af19302f753f46c64bd', 'target_url', 'f', '', 'SYSTEM', 'TEXT', 8, '{"displayOrder":9,"visible":false,"modifiable":false,"name":"跳转URL","options":[],"config":{},"displayType":"text"}', 'f') ON CONFLICT (id) DO NOTHING;
INSERT INTO task_property ("id", "task_id", "name", "required", "description", "scope", "data_type", "sequence", "appearance", "identifiable") VALUES ('355a7fc6951c4936a09565c3a93bbb42', '50c25684758b4af19302f753f46c64bd', 'progress_feedback', 'f', '', 'SYSTEM', 'TEXT', 9, '{"displayOrder":10,"visible":false,"modifiable":false,"name":"进展反馈","options":[],"config":{"modalRelatedProps":["progress_feedback"]},"displayType":"textareaModal"}', 'f') ON CONFLICT (id) DO NOTHING;
INSERT INTO task_property ("id", "task_id", "name", "required", "description", "scope", "data_type", "sequence", "appearance", "identifiable") VALUES ('7f3fff360ec14f369eac4cd78412dd9d', '50c25684758b4af19302f753f46c64bd', 'risk', 'f', '', 'SYSTEM', 'TEXT', 10, '{"displayOrder":11,"visible":false,"modifiable":false,"name":"健康状态","options":[{"text":"正常","value":"normal","tags":"无风险"},{"text":"风险","value":"risk","tags":"风险"},{"text":"阻塞","value":"blocking","tags":"风险"}],"config":{},"displayType":"select","categoryTriggers":[{"category":"风险","fitableIds":[]},{"category":"无风险","fitableIds":[]}]}', 'f') ON CONFLICT (id) DO NOTHING;
INSERT INTO task_property ("id", "task_id", "name", "required", "description", "scope", "data_type", "sequence", "appearance", "identifiable") VALUES ('e577c6a71e7a49c7be6de4cd7142d61a', '50c25684758b4af19302f753f46c64bd', 'priority', 'f', '', 'SYSTEM', 'TEXT', 11, '{"displayOrder":12,"visible":false,"modifiable":false,"name":"优先级","options":[{"text":"较低","value":"lower"},{"text":"普通","value":"ordinary"},{"text":"紧急","value":"urgent"},{"text":"非常紧急","value":"very_urgent"}],"config":{},"displayType":"radio"}', 'f') ON CONFLICT (id) DO NOTHING;
INSERT INTO task_property ("id", "task_id", "name", "required", "description", "scope", "data_type", "sequence", "appearance", "identifiable") VALUES ('20a6104b7d374438914644baf2feed93', '50c25684758b4af19302f753f46c64bd', 'finish_time', 'f', '', 'SYSTEM', 'DATETIME', 3, '{"displayOrder":13,"visible":false,"modifiable":false,"name":"完成时间","options":null,"config":{},"displayType":"date"}', 'f') ON CONFLICT (id) DO NOTHING;
INSERT INTO task_property ("id", "task_id", "name", "required", "description", "scope", "data_type", "sequence", "appearance", "identifiable") VALUES ('aab0dc3ffde440f39f4140c3cc062215', '50c25684758b4af19302f753f46c64bd', 'tag', 'f', '', 'SYSTEM', 'TEXT', 12, '{"displayOrder":14,"visible":false,"modifiable":false,"name":"标签","options":[],"config":{},"displayType":"text"}', 'f') ON CONFLICT (id) DO NOTHING;
INSERT INTO task_property ("id", "task_id", "name", "required", "description", "scope", "data_type", "sequence", "appearance", "identifiable") VALUES ('bb449706c65b4b88910f13b0e1975aaa', '50c25684758b4af19302f753f46c64bd', 'flow_config', 'f', '', 'PRIVATE', 'TEXT', 13, '{"isRequired":false,"_RID":"row_63","visible":false,"icon":null,"displayOrder":16,"description":null,"nameEn":"flow_config","type":"PRIVATE","displayType":"text","name":"流程编排","options":[],"taskPropertyHandlers":[],"id":"bb449706c65b4b88910f13b0e1975aaa","modifiable":false,"config":{}}', 'f') ON CONFLICT (id) DO NOTHING;
INSERT INTO task_property ("id", "task_id", "name", "required", "description", "scope", "data_type", "sequence", "appearance", "identifiable") VALUES ('ab40cede736042d29a28a8f1154e6822', '50c25684758b4af19302f753f46c64bd', 'flow_id', 'f', '', 'PRIVATE', 'TEXT', 14, '{"id":"","name":"流程ID","nameEn":"flow_id","description":null,"options":[],"type":"private","icon":null,"displayType":"text","isRequired":false,"displayOrder":17,"visible":false,"modifiable":false,"config":{},"taskPropertyHandlers":[]}', 'f') ON CONFLICT (id) DO NOTHING;
INSERT INTO task_property ("id", "task_id", "name", "required", "description", "scope", "data_type", "sequence", "appearance", "identifiable") VALUES ('e9262d0ce56c4e958171197cc67ea5ee', '50c25684758b4af19302f753f46c64bd', 'flow_version', 'f', '', 'PRIVATE', 'TEXT', 15, '{"id":"","name":"流程版本","nameEn":"flow_version","description":null,"options":[],"type":"private","icon":null,"displayType":"text","isRequired":false,"displayOrder":18,"visible":false,"modifiable":false,"config":{},"taskPropertyHandlers":[]}', 'f') ON CONFLICT (id) DO NOTHING;
INSERT INTO task_property ("id", "task_id", "name", "required", "description", "scope", "data_type", "sequence", "appearance", "identifiable") VALUES ('b25a6081a6fa4a77adbc1b9ed9d83467', '50c25684758b4af19302f753f46c64bd', 'flow_context_id', 'f', '', 'PRIVATE', 'TEXT', 16, '{"id":"","name":"流程实例id","nameEn":"flow_context_id","description":null,"options":[],"type":"private","icon":null,"displayType":"text","isRequired":false,"displayOrder":19,"visible":false,"modifiable":false,"config":{},"taskPropertyHandlers":[]}', 'f') ON CONFLICT (id) DO NOTHING;

-- 数据评估
INSERT INTO "public"."tag" ("id", "name", "description", "created_by", "created_at", "updated_by", "updated_at") VALUES ('4fe916ec96e94c81a2e9994fdfeec8db', '数据评估', '', 'A3000', '2023-11-21 09:30:45.735', 'A3000', '2023-11-21 09:30:45.735') ON CONFLICT (id) DO NOTHING;

INSERT INTO "public"."flow_graph" ("id", "version", "tenant", "status", "name", "data", "created_by", "created_at", "updated_by", "updated_at", "previous", "is_deleted") VALUES ('ce42be8289f349c4a1ec8dd0a6fac83e', '1.0.0', 'A3000', 'active', '数据评估模板', '{"id":"ce42be8289f349c4a1ec8dd0a6fac83e","title":"数据评估模板","createTime":{"$date":"2023-11-21T09:26:25.887Z"},"source":"elsa","type":"graph","tenant":"default","setting":{"borderColor":"steelblue","backColor":"whitesmoke","headColor":"steelblue","fontColor":"steelblue","captionfontColor":"whitesmoke","fontFace":"arial","captionfontFace":"arial black","fontSize":12,"captionfontSize":14,"fontStyle":"normal","captionfontStyle":"normal","fontWeight":"lighter","captionfontWeight":"lighter","hAlign":"center","vAlign":"top","captionhAlign":"center","lineHeight":1.5,"lineWidth":2,"captionlineHeight":1,"focusMargin":0,"focusBorderColor":"darkorange","focusFontColor":"darkorange","focusBackColor":"whitesmoke","mouseInColor":"orange","mouseInBorderColor":"orange","mouseInFontColor":"orange","mouseInBackColor":"whitesmoke","borderWidth":1,"globalAlpha":1,"backAlpha":0.15,"cornerRadius":4,"dashWidth":0,"autoText":false,"autoHeight":false,"autoWidth":false,"margin":25,"pad":10,"code":"","rotateDegree":0,"shadow":false,"shadowData":"2px 2px 4px","outstanding":false,"pDock":"none","dockMode":"none","priority":0,"infoType":{"next":"INFORMATION","name":"none"},"progressStatus":{"next":"UNKNOWN","color":"gray","name":"NONE"},"progressPercent":0.65,"showedProgress":false,"itemPad":[5,5,5,5],"itemScroll":{"x":0,"y":0},"scrollLock":{"x":false,"y":false},"resizeable":true,"selectable":true,"rotateAble":true,"editable":true,"moveable":true,"dragable":true,"visible":true,"deletable":true,"allowLink":true,"shared":false,"strikethrough":false,"underline":false,"numberedList":false,"bulletedList":false,"enableAnimation":false,"enableSocial":true,"emphasized":false,"bulletSpeed":1,"tag":{}},"pages":[{"id":"elsa-page:iqxqmk","backColor":"white","bold":false,"borderColor":"white","container":"elsa-page:iqxqmk","createTime":{"$date":"2023-11-21T09:26:25.887Z"},"createUser":"A3000","dirty":false,"dockAlign":"top","dockMode":"none","fontColor":"#ECD0A7","fontFace":"arial","fontSize":18,"fontStyle":"normal","fontWeight":"bold","hAlign":"left","height":1207,"hideText":true,"index":0,"isPage":true,"italic":false,"itemPad":[0,0,0,0],"itemScroll":{"x":0,"y":0},"itemSpace":5,"moveable":true,"namespace":"elsa","shapesAs":{},"text":"--","type":"page","updateTime":{"$date":"2023-11-21T09:26:25.887Z"},"updateUser":"A3000","vAlign":"top","version":"1.0.0","width":2489,"x":0,"y":0,"shapes":[{"id":"fsx11h","autoWidth":false,"bold":false,"borderWidth":0,"completedTask":0,"createTime":{"$date":"2023-11-21T09:26:25.888Z"},"createUser":"A3000","dirty":false,"enableAnimation":true,"height":30,"hideText":true,"index":100,"italic":false,"margin":10,"namespace":"flowable","pad":6,"rotateAble":false,"runningTask":0,"text":"开始","triggerMode":"auto","type":"start","updateTime":{"$date":"2023-11-21T09:26:25.888Z"},"updateUser":"A3000","version":"1.0.0","warningTask":0,"width":30,"x":334,"y":380,"container":"elsa-page:iqxqmk"},{"id":"4sycr0","allowLink":false,"backColor":"white","beginArrow":false,"beginArrowEmpty":false,"beginArrowSize":4,"bold":false,"borderWidth":1,"createTime":{"$date":"2023-11-21T09:26:25.888Z"},"createUser":"A3000","curvePoint1":{"x":0,"y":0},"curvePoint2":{"x":0,"y":0},"dashWidth":0,"definedFromConnector":"E","definedToConnector":"","dirty":false,"endArrow":true,"endArrowEmpty":false,"endArrowSize":4,"endpointOffsetX":0,"endpointOffsetY":0,"fromShape":"fsx11h","hAlign":"center","height":0,"hideText":false,"index":101,"italic":false,"lineMode":{"type":"broken"},"lineWidth":2,"margin":30,"namespace":"flowable","pad":0,"text":"","textInnerHtml":"<p id=\"l5zzra\"><br data-cke-filler=\"true\"></p>","textX":0,"textY":0,"toShape":"3ez8b5","type":"event","updateTime":{"$date":"2023-11-21T09:26:25.888Z"},"updateUser":"A3000","version":"1.0.0","width":92,"x":364,"y":395,"container":"elsa-page:iqxqmk"},{"id":"jn6awx","allowLink":false,"backColor":"white","beginArrow":false,"beginArrowEmpty":false,"beginArrowSize":4,"bold":false,"borderWidth":1,"createTime":{"$date":"2023-11-21T09:26:25.888Z"},"createUser":"A3000","curvePoint1":{"x":0,"y":0},"curvePoint2":{"x":0,"y":0},"dashWidth":0,"definedFromConnector":"E","definedToConnector":"","dirty":true,"endArrow":true,"endArrowEmpty":false,"endArrowSize":4,"endpointOffsetX":0,"endpointOffsetY":0,"fromShape":"3ez8b5","hAlign":"center","height":1,"hideText":false,"index":102,"italic":false,"lineMode":{"type":"broken"},"lineWidth":2,"margin":29.5,"namespace":"flowable","pad":0,"text":"","textInnerHtml":"<p id=\"lb7qif\"><br data-cke-filler=\"true\"></p>","textX":0,"textY":0,"toShape":"flc9wq","type":"event","updateTime":{"$date":"2023-11-21T09:26:25.888Z"},"updateUser":"A3000","version":"1.0.0","width":72,"x":531,"y":395,"container":"elsa-page:iqxqmk"},{"id":"af9kdq","allowLink":false,"backColor":"white","beginArrow":false,"beginArrowEmpty":false,"beginArrowSize":4,"bold":false,"borderWidth":1,"createTime":{"$date":"2023-11-21T09:26:25.888Z"},"createUser":"A3000","curvePoint1":{"x":0,"y":0},"curvePoint2":{"x":0,"y":0},"dashWidth":0,"definedFromConnector":"E","definedToConnector":"","dirty":true,"endArrow":true,"endArrowEmpty":false,"endArrowSize":4,"endpointOffsetX":0,"endpointOffsetY":0,"fromShape":"flc9wq","hAlign":"center","height":0,"hideText":false,"index":103,"italic":false,"lineMode":{"type":"broken"},"lineWidth":2,"margin":30,"namespace":"flowable","pad":0,"text":"","textInnerHtml":"<p id=\"ri56d9\"><br data-cke-filler=\"true\"></p>","textX":0,"textY":0,"toShape":"77ol5o","type":"event","updateTime":{"$date":"2023-11-21T09:26:25.888Z"},"updateUser":"A3000","version":"1.0.0","width":86,"x":666,"y":396,"container":"elsa-page:iqxqmk"},{"id":"3ez8b5","autoHeight":true,"autoWidth":true,"bold":false,"completedTask":0,"createTime":{"$date":"2023-11-21T09:26:25.888Z"},"createUser":"A3000","dirty":true,"enableAnimation":true,"height":22,"index":104,"italic":false,"jober":{"fitables":["com.huawei.eDataMate.operators.directory_scanner_plugin"],"fitablesConfig":[],"entity":{"code":"let context1 = entity{\n    .async = true;\n    .id = \"com.huawei.eDataMate.operators.directory_scanner_plugin\";\n};\nlet f1 = fit::handleTask(context1);\n\next::context >> f1"},"retryNum":2,"type":"ohscript_jober"},"joberFilter":{"threshold":1,"type":"BATCH_FILTER"},"namespace":"flowable","pad":6,"rotateAble":false,"runningTask":0,"text":"数据集扫描","triggerMode":"auto","type":"state","updateTime":{"$date":"2023-11-21T09:26:25.888Z"},"updateUser":"A3000","version":"1.0.0","warningTask":0,"width":75,"x":456,"y":384,"container":"elsa-page:iqxqmk"},{"id":"9ahigr","allowLink":false,"backColor":"white","beginArrow":false,"beginArrowEmpty":false,"beginArrowSize":4,"bold":false,"borderWidth":1,"createTime":{"$date":"2023-11-21T09:26:25.888Z"},"createUser":"A3000","curvePoint1":{"x":0,"y":0},"curvePoint2":{"x":0,"y":0},"dashWidth":0,"definedFromConnector":"E","definedToConnector":"","dirty":true,"endArrow":true,"endArrowEmpty":false,"endArrowSize":4,"endpointOffsetX":0,"endpointOffsetY":0,"fromShape":"77ol5o","hAlign":"center","height":0,"hideText":false,"index":105,"italic":false,"lineMode":{"type":"broken"},"lineWidth":2,"margin":30,"namespace":"flowable","pad":0,"text":"","textInnerHtml":"<p id=\"4vh0gv\"><br data-cke-filler=\"true\"></p>","textX":0,"textY":0,"toShape":"56pk8y","type":"event","updateTime":{"$date":"2023-11-21T09:26:25.888Z"},"updateUser":"A3000","version":"1.0.0","width":121,"x":815,"y":396,"container":"elsa-page:iqxqmk"},{"id":"flc9wq","autoHeight":true,"autoWidth":true,"bold":false,"completedTask":0,"createTime":{"$date":"2023-11-21T09:26:25.888Z"},"createUser":"A3000","dirty":true,"enableAnimation":true,"height":22,"index":106,"italic":false,"jober":{"fitables":["com.huawei.eDataMate.operators.txt_extractor_plugin"],"fitablesConfig":[],"entity":{"code":"let context1 = entity{\n    .async = true;\n    .id = \"com.huawei.eDataMate.operators.txt_extractor_plugin\";\n};\nlet f1 = fit::handleTask(context1);\n\next::context >> f1"},"retryNum":2,"type":"ohscript_jober"},"joberFilter":{"threshold":1,"type":"BATCH_FILTER"},"namespace":"flowable","pad":6,"rotateAble":false,"runningTask":0,"text":"文件读取","triggerMode":"auto","type":"state","updateTime":{"$date":"2023-11-21T09:26:25.888Z"},"updateUser":"A3000","version":"1.0.0","warningTask":0,"width":63,"x":603,"y":385,"container":"elsa-page:iqxqmk"},{"id":"vun23s","allowLink":false,"backColor":"white","beginArrow":false,"beginArrowEmpty":false,"beginArrowSize":4,"bold":false,"borderWidth":1,"createTime":{"$date":"2023-11-21T09:26:25.888Z"},"createUser":"A3000","curvePoint1":{"x":0,"y":0},"curvePoint2":{"x":0,"y":0},"dashWidth":0,"definedFromConnector":"E","definedToConnector":"","dirty":true,"endArrow":true,"endArrowEmpty":false,"endArrowSize":4,"endpointOffsetX":0,"endpointOffsetY":0,"fromShape":"56pk8y","hAlign":"center","height":1,"hideText":false,"index":107,"italic":false,"lineMode":{"type":"broken"},"lineWidth":2,"margin":29.5,"namespace":"flowable","pad":0,"text":"","textInnerHtml":"<p id=\"n5iou2\"><br data-cke-filler=\"true\"></p>","textX":0,"textY":0,"toShape":"9edmkz","type":"event","updateTime":{"$date":"2023-11-21T09:26:25.888Z"},"updateUser":"A3000","version":"1.0.0","width":95,"x":979,"y":396,"container":"elsa-page:iqxqmk"},{"id":"77ol5o","autoHeight":true,"autoWidth":true,"bold":false,"completedTask":0,"createTime":{"$date":"2023-11-21T09:26:25.888Z"},"createUser":"A3000","dirty":true,"enableAnimation":true,"height":22,"index":108,"italic":false,"jober":{"fitables":["com.huawei.eDataMate.operators.segmentation_plugin"],"fitablesConfig":[],"entity":{"code":"let context1 = entity{\n    .async = true;\n    .id = \"com.huawei.eDataMate.operators.segmentation_plugin\";\n};\nlet f1 = fit::handleTask(context1);\n\next::context >> f1"},"retryNum":2,"type":"ohscript_jober"},"joberFilter":{"threshold":1,"type":"BATCH_FILTER"},"namespace":"flowable","pad":6,"rotateAble":false,"runningTask":0,"text":"文件切片","triggerMode":"auto","type":"state","updateTime":{"$date":"2023-11-21T09:26:25.888Z"},"updateUser":"A3000","version":"1.0.0","warningTask":0,"width":63,"x":752,"y":385,"container":"elsa-page:iqxqmk"},{"id":"56pk8y","autoHeight":true,"autoWidth":true,"bold":false,"completedTask":0,"createTime":{"$date":"2023-11-21T09:26:25.888Z"},"createUser":"A3000","dirty":true,"enableAnimation":true,"height":22,"index":109,"italic":false,"jober":{"fitables":["903ef92c86424b0429b67ceecc601e96"],"fitablesConfig":[],"entity":{"code":"let context1 = entity{\n    .async = true;\n    .id = \"903ef92c86424b0429b67ceecc601e96\";\n};\nlet f1 = fit::handleTask(context1);\n\next::context >> f1"},"retryNum":2,"type":"ohscript_jober"},"joberFilter":{"threshold":1,"type":"BATCH_FILTER"},"namespace":"flowable","pad":6,"rotateAble":false,"runningTask":0,"text":"落盘","triggerMode":"auto","type":"state","updateTime":{"$date":"2023-11-21T09:26:25.888Z"},"updateUser":"A3000","version":"1.0.0","warningTask":0,"width":43,"x":936,"y":385,"container":"elsa-page:iqxqmk"},{"id":"9edmkz","autoWidth":false,"bold":false,"borderWidth":0,"completedTask":0,"createTime":{"$date":"2023-11-21T09:26:25.888Z"},"createUser":"A3000","dirty":true,"enableAnimation":true,"height":30,"hideText":true,"index":110,"italic":false,"margin":10,"namespace":"flowable","pad":6,"rotateAble":false,"runningTask":0,"text":"结束","triggerMode":"auto","type":"end","updateTime":{"$date":"2023-11-21T09:26:25.888Z"},"updateUser":"A3000","version":"1.0.0","warningTask":0,"width":30,"x":1074,"y":382,"container":"elsa-page:iqxqmk"}]}],"version":"1.0.0"}', 'A3000', '2023-12-07 22:06:46.072', 'A3000', '2023-12-07 22:06:46.072', NULL, 'f') ON CONFLICT (id, version) DO NOTHING;

INSERT INTO "public"."flow_definition" ("definition_id", "meta_id", "name", "tenant", "version", "status", "graph", "created_by", "created_at") VALUES ('c646b23f909a4810ba66fc566cfa81b2', 'ce42be8289f349c4a1ec8dd0a6fac83e', '数据评估模板', 'A3000', '1.0.0', 'active', '{"name": "数据评估模板", "nodes": [{"name": "开始", "type": "start", "metaId": "fsx11h", "triggerMode": "auto"}, {"to": "3ez8b5", "from": "fsx11h", "name": "", "type": "event", "metaId": "4sycr0"}, {"to": "flc9wq", "from": "3ez8b5", "name": "", "type": "event", "metaId": "jn6awx"}, {"to": "77ol5o", "from": "flc9wq", "name": "", "type": "event", "metaId": "af9kdq"}, {"name": "数据集扫描", "type": "state", "jober": {"type": "ohscript_jober", "entity": {"code": "let context1 = entity{\n    .async = true;\n    .id = \"com.huawei.eDataMate.operators.directory_scanner_plugin\";\n};\nlet f1 = fit::handleTask(context1);\n\next::context >> f1"}, "fitables": ["com.huawei.eDataMate.operators.directory_scanner_plugin"], "retryNum": 2, "fitablesConfig": []}, "metaId": "3ez8b5", "joberFilter": {"type": "BATCH_FILTER", "threshold": 1}, "triggerMode": "auto"}, {"to": "56pk8y", "from": "77ol5o", "name": "", "type": "event", "metaId": "9ahigr"}, {"name": "文件读取", "type": "state", "jober": {"type": "ohscript_jober", "entity": {"code": "let context1 = entity{\n    .async = true;\n    .id = \"com.huawei.eDataMate.operators.txt_extractor_plugin\";\n};\nlet f1 = fit::handleTask(context1);\n\next::context >> f1"}, "fitables": ["com.huawei.eDataMate.operators.txt_extractor_plugin"], "retryNum": 2, "fitablesConfig": []}, "metaId": "flc9wq", "joberFilter": {"type": "BATCH_FILTER", "threshold": 1}, "triggerMode": "auto"}, {"to": "9edmkz", "from": "56pk8y", "name": "", "type": "event", "metaId": "vun23s"}, {"name": "文件切片", "type": "state", "jober": {"type": "ohscript_jober", "entity": {"code": "let context1 = entity{\n    .async = true;\n    .id = \"com.huawei.eDataMate.operators.segmentation_plugin\";\n};\nlet f1 = fit::handleTask(context1);\n\next::context >> f1"}, "fitables": ["com.huawei.eDataMate.operators.segmentation_plugin"], "retryNum": 2, "fitablesConfig": []}, "metaId": "77ol5o", "joberFilter": {"type": "BATCH_FILTER", "threshold": 1}, "triggerMode": "auto"}, {"name": "落盘", "type": "state", "jober": {"type": "ohscript_jober", "entity": {"code": "let context1 = entity{\n    .async = true;\n    .id = \"903ef92c86424b0429b67ceecc601e96\";\n};\nlet f1 = fit::handleTask(context1);\n\next::context >> f1"}, "fitables": ["903ef92c86424b0429b67ceecc601e96"], "retryNum": 2, "fitablesConfig": []}, "metaId": "56pk8y", "joberFilter": {"type": "BATCH_FILTER", "threshold": 1}, "triggerMode": "auto"}, {"name": "结束", "type": "end", "metaId": "9edmkz", "triggerMode": "auto"}], "metaId": "ce42be8289f349c4a1ec8dd0a6fac83e", "status": "active", "version": "1.0.0"}', 'A3000', '2023-12-07 22:06:46.27') ON CONFLICT (definition_id) DO NOTHING;

INSERT INTO "public"."tag_usage" ("id", "tag_id", "object_type", "object_id", "created_by", "created_at") VALUES ('960481b8566d4558bb92cc5fbcc9b89c', '4fe916ec96e94c81a2e9994fdfeec8db', 'FLOW GRAPH', 'ce42be8289f349c4a1ec8dd0a6fac83e', 'A3000', '2023-12-07 14:06:46.341') ON CONFLICT (id) DO NOTHING;

INSERT INTO "public"."fitable_usage" ("fitable_id", "definition_id") VALUES ('com.huawei.eDataMate.operators.directory_scanner_plugin', 'c646b23f909a4810ba66fc566cfa81b2') ON CONFLICT (fitable_id, definition_id) DO NOTHING;
INSERT INTO "public"."fitable_usage" ("fitable_id", "definition_id") VALUES ('com.huawei.eDataMate.operators.txt_extractor_plugin', 'c646b23f909a4810ba66fc566cfa81b2') ON CONFLICT (fitable_id, definition_id) DO NOTHING;
INSERT INTO "public"."fitable_usage" ("fitable_id", "definition_id") VALUES ('903ef92c86424b0429b67ceecc601e96', 'c646b23f909a4810ba66fc566cfa81b2') ON CONFLICT (fitable_id, definition_id) DO NOTHING;
INSERT INTO "public"."fitable_usage" ("fitable_id", "definition_id") VALUES ('com.huawei.eDataMate.operators.segmentation_plugin', 'c646b23f909a4810ba66fc566cfa81b2') ON CONFLICT (fitable_id, definition_id) DO NOTHING;

-- 新增a3000租户和member
INSERT INTO "public"."tenant" ("id", "name", "description", "avatar_id", "created_by", "updated_by", "created_at", "updated_at", "access_level") VALUES ('4b1f59a7ccdd4faf930f29b4f1f946b3', 'eDataMate', '', '                                ', '180875152679256', '180875152679256', '2024-01-05 01:40:32.975', '2024-01-05 01:40:32.975', 'PRIVATE') ON CONFLICT (id) DO NOTHING;

INSERT INTO "public"."tenant_member" ("id", "tenant_id", "user_id", "created_by", "created_at") VALUES ('cd7b08f57eac4c6c8e5f6b1d95ecb027', '4b1f59a7ccdd4faf930f29b4f1f946b3', 'A3000', '180875152679256', '2024-01-05 01:40:33.075') ON CONFLICT (id) DO NOTHING;
