INSERT INTO `app_builder_app` (id, name, create_by, create_at, update_by, update_at, config_id, flow_graph_id, tenant_id, type, version, attributes, state) VALUES ('df87073b9bc85a48a9b01eccc9afccc4', 'LLM应用模板', 'wzc', '2024-04-17 19:42:35', 'wzc', '2024-04-17 19:42:38', '45515ca5da9d04428f41086e291b4d5d', '9997f1555b41452b924d1a8b2229bde3', '31f20efc7e0848deab6a6bc10fc3021e', 'template', '1.0.0', '{}' FORMAT JSON, 'inactive');
INSERT INTO `app_builder_app` (id, name, create_by, create_at, update_by, update_at, config_id, flow_graph_id, tenant_id, type, version, attributes, state) VALUES ('df87073b9bc85a48a9b01eccc9afccc3', '工具流模板', 'wzc', '2024-04-17 19:42:35', 'wzc', '2024-04-17 19:42:38', '45515ca5da9d04428f41086e291b4d5e', '9997f1555b41452b924d1a8b2229bde4', '31f20efc7e0848deab6a6bc10fc3021e', 'template', '1.0.0', '{"description":"this is tool description"}' FORMAT JSON, 'inactive');
INSERT INTO `app_builder_app` (id, name, create_by, create_at, update_by, update_at, config_id, flow_graph_id,
                               tenant_id, type, version, attributes, state)
VALUES ('3a617d8aeb1d41a9ad7453f2f0f70d61', 'xx', 'modelengine.xx', '2024-05-17 20:03:15.794', 'modelengine.xx',
        '2024-05-24 19:16:25.843', '31087fb069034824958791eb49757a0e', 'd14e513cadb84847b62e9d67b7d47a02',
        '31f20efc7e0848deab6a6bc10fc3021e', 'app', '1.0.0',
        '{"icon": "/api/jober/v1/api/31f20efc7e0848deab6a6bc10fc3021e/file?filePath=/var/share/xx.png&fileName=xx.png", "name": "xx", "app_type": "决策分析", "greeting": "Hi~我是ModelEngine的超级应用xx，我可以呼唤其他应用协同工作，试试向我提问吧", "description": "你的专属AI智能编排研发平台，AI助力研发，开始创建专属应用吧~"}' FORMAT JSON,
        'active');
INSERT INTO `app_builder_app` (id, name, create_by, create_at, update_by, update_at, config_id, flow_graph_id,
                               tenant_id, type, version, attributes, state)
VALUES ('4a1d6b117b7d4c8f8c5b6c3358608c9c', '创建应用', 'modelengine.xx', '2024-05-24 18:49:42.516',
        'modelengine.xx', '2024-05-24 19:15:53.08', 'af1528b4d4de4d9ebbaf2cc2c8703ac2',
        '3bb39bed81f44549b84d20cc6e3b530b', '31f20efc7e0848deab6a6bc10fc3021e', 'waterFlow', '1.0.0',
        '{"icon": null, "app_type": null, "greeting": null, "store_id": "c04cee50-13e4-499b-a008-077459a2e552", "description": "根据用户问题智能生成应用配置信息，并自动创建应用，支持创建助手、数字人、智能体、机器人等。"}' FORMAT JSON,
        'active');

INSERT INTO `app_builder_config` (id, form_id, app_id, tenant_id, create_by, create_at, update_by, update_at) VALUES ('45515ca5da9d04428f41086e291b4d5d', 'b8986770a6ffef44bbf2a9f26d6fc1bc', '847907b5da7ea644abe159a913dba403', '31f20efc7e0848deab6a6bc10fc3021e', 'wzc', '2024-04-17 19:57:34', 'wzc', '2024-04-17 19:57:41');
INSERT INTO `app_builder_config` (id, form_id, app_id, tenant_id, create_by, create_at, update_by, update_at) VALUES ('45515ca5da9d04428f41086e291b4d5e', 'b8986770a6ffef44bbf2a9f26d6fc1bd', '847907b5da7ea644abe159a913dba404', '31f20efc7e0848deab6a6bc10fc3021e', 'wzc', '2024-04-17 19:57:34', 'wzc', '2024-04-17 19:57:41');
INSERT INTO `app_builder_config` (id, form_id, app_id, tenant_id, create_by, create_at, update_by, update_at)
VALUES ('e7c601e61d27490a91b021be63f34ff0', 'dc92ba4fb47f4b13b4b8113aa5cfd99c', '610a3921c61b45aa8ed185d42e37817e',
        '31f20efc7e0848deab6a6bc10fc3021e', 'modelengine.jade', '2024-05-24 18:29:55.572', 'modelengine.jade',
        '2024-05-24 18:34:46.521');
INSERT INTO `app_builder_config` (id, form_id, app_id, tenant_id, create_by, create_at, update_by, update_at)
VALUES ('c63f1897868b47d986677080f6145864', 'df4ac19ba0bf437694cd3eb4011bf23c', '8ac7a00620bc4840b7e3aa908b313614',
        '31f20efc7e0848deab6a6bc10fc3021e', 'modelengine.jade', '2024-05-24 18:29:52.043', 'modelengine.jade',
        '2024-05-24 18:40:48.545');
INSERT INTO `app_builder_config` (id, form_id, app_id, tenant_id, create_by, create_at, update_by, update_at)
VALUES ('af1528b4d4de4d9ebbaf2cc2c8703ac2', '3ec9ead2ad5a478e82241af9e521f201', '4a1d6b117b7d4c8f8c5b6c3358608c9c',
        '31f20efc7e0848deab6a6bc10fc3021e', 'modelengine.jade', '2024-05-24 18:49:42.516', 'modelengine.jade',
        '2024-05-24 19:15:53.08');
INSERT INTO `app_builder_config` (id, form_id, app_id, tenant_id, create_by, create_at, update_by, update_at)
VALUES ('31087fb069034824958791eb49757a0e', 'b729973429074ae784c9a699afb66d21', '3a617d8aeb1d41a9ad7453f2f0f70d61',
        '31f20efc7e0848deab6a6bc10fc3021e', 'modelengine.jade', '2024-05-17 20:03:15.794', 'modelengine.jade',
        '2024-05-24 19:16:25.843');

INSERT INTO `app_builder_config_property` (id, node_id, form_property_id, config_id) VALUES ('836f722491b476478dea2135d7f1d113', 'jadewdnjbq', 'd9fcb95f48d33648a4e12d629399d713', '45515ca5da9d04428f41086e291b4d5d');
INSERT INTO `app_builder_config_property` (id, node_id, form_property_id, config_id) VALUES ('2045fe16f5fe854d884b2f272100d68d', 'jadewdnjbq', '6269e12e4a908b4ba0d455c402ce8c3d', '45515ca5da9d04428f41086e291b4d5d');
INSERT INTO `app_builder_config_property` (id, node_id, form_property_id, config_id) VALUES ('56fe4b031156b049b14f26feedbb9c4d', 'jade6qm5eg', '9b3a72544963c64e806dc07d6fff5207', '45515ca5da9d04428f41086e291b4d5d');
INSERT INTO `app_builder_config_property` (id, node_id, form_property_id, config_id) VALUES ('2e48b8ccc78be34abdc18876eb649a6a', 'jadewdnjbq', '4df1cc408fb08b46842861dbfa3cb2ae', '45515ca5da9d04428f41086e291b4d5d');
INSERT INTO `app_builder_config_property` (id, node_id, form_property_id, config_id) VALUES ('dcdd0ee7dbb76b478bfe5686ee557441', 'jadewdnjbq', 'b01af303ce27a544a45a3a9491aeb03e', '45515ca5da9d04428f41086e291b4d5d');
INSERT INTO `app_builder_config_property` (id, node_id, form_property_id, config_id) VALUES ('56fe4b031156b049b14f26feedff534d', NULL, '9b3a72544963c64e806dc07d6fff5208', '45515ca5da9d04428f41086e291b4d5d');
INSERT INTO `app_builder_config_property` (id, node_id, form_property_id, config_id) VALUES ('5c7c8c088dfa2a4dac24f2b289726b78', 'jade0pg2ag', '46b39a9533bbb247a38e976d4af41eb0', '45515ca5da9d04428f41086e291b4d5d');
INSERT INTO `app_builder_config_property` (id, node_id, form_property_id, config_id) VALUES ('0b3677d53d8da544a82bbe900e9d536b', 'jadewdnjbq', '3073f4896620fb488d9fd3349ee23504', '45515ca5da9d04428f41086e291b4d5d');

INSERT INTO `app_builder_config_property` (id, node_id, form_property_id, config_id) VALUES ('02c45dc213464a8bbf963047b726951b', 'jadewdnjbq', '371c57e777f34798b4b73e358277bd11', '31087fb069034824958791eb49757a0e');
INSERT INTO `app_builder_config_property` (id, node_id, form_property_id, config_id) VALUES ('b54018bd4f444a578c4fd98585e55a38', 'jadewdnjbq', '81c1d2aa93df449a830714e84857928d', '31087fb069034824958791eb49757a0e');
INSERT INTO `app_builder_config_property` (id, node_id, form_property_id, config_id) VALUES ('e1ea9dc8e0e54b9fb993697336962a14', 'jade6qm5eg', '8118705c5f894cdbb48ce1403283d8d7', '31087fb069034824958791eb49757a0e');
INSERT INTO `app_builder_config_property` (id, node_id, form_property_id, config_id) VALUES ('ae484387a9014d29a9c4a3b6469892ef', 'jadewdnjbq', 'd9a3ac7b10684b1f8d5959af1715712f', '31087fb069034824958791eb49757a0e');
INSERT INTO `app_builder_config_property` (id, node_id, form_property_id, config_id) VALUES ('c2e5b7e35f6345e7a3867eb416e277d6', 'jadewdnjbq', '8d370e3bb9304ef79e46d41e8ef55dda', '31087fb069034824958791eb49757a0e');
INSERT INTO `app_builder_config_property` (id, node_id, form_property_id, config_id) VALUES ('1728ee9834c34a4892f84e1794a86bc8', NULL, '1221f6eebc6d48f68cbbc567d991ed47', '31087fb069034824958791eb49757a0e');
INSERT INTO `app_builder_config_property` (id, node_id, form_property_id, config_id) VALUES ('3f8f5f4b86a14312a2c161df2cbcbfb5', 'jade0pg2ag', '1051c017ab464b3882228183a1eb2575', '31087fb069034824958791eb49757a0e');
INSERT INTO `app_builder_config_property` (id, node_id, form_property_id, config_id) VALUES ('d40d679480ae4fcfbd5e97da777c31e3', 'jadewdnjbq', '567911ab6f77492e99f99b8bd5c2b248', '31087fb069034824958791eb49757a0e');

INSERT INTO `app_builder_config_property` (id, node_id, form_property_id, config_id) VALUES ('4ea887fa00f04768b75058d7dd7ec7e0', 'jadewdnjbq', '5734350a031649fb9f7aaaaa17ebc090', 'c63f1897868b47d986677080f6145864');
INSERT INTO `app_builder_config_property` (id, node_id, form_property_id, config_id) VALUES ('23558ac23bbe4e4c9cc29b1f7c671823', 'jadewdnjbq', '9813a18f395e4319830cb93d99db25d6', 'c63f1897868b47d986677080f6145864');
INSERT INTO `app_builder_config_property` (id, node_id, form_property_id, config_id) VALUES ('f1224d8e19a74cfe8a501245ea032699', 'jade6qm5eg', 'ef87e0eebe624db39c30f0e77ed4af22', 'c63f1897868b47d986677080f6145864');
INSERT INTO `app_builder_config_property` (id, node_id, form_property_id, config_id) VALUES ('4d2fccde7a64439a85733e4c5640ada2', 'jadewdnjbq', 'ff550e312f834f3f98689a0469d64302', 'c63f1897868b47d986677080f6145864');
INSERT INTO `app_builder_config_property` (id, node_id, form_property_id, config_id) VALUES ('57ba6168d03f45f0a5893a4364c29563', 'jadewdnjbq', '2f504207abaf4ad4a3196c8d5e22b76b', 'c63f1897868b47d986677080f6145864');
INSERT INTO `app_builder_config_property` (id, node_id, form_property_id, config_id) VALUES ('b73721f008ec4424bb2769c5ca046c51', NULL, '0a63fd81309a41389107b06fe7a07623', 'c63f1897868b47d986677080f6145864');
INSERT INTO `app_builder_config_property` (id, node_id, form_property_id, config_id) VALUES ('ccf196c7f1294f17b33a3428a609ba75', 'jade0pg2ag', '647276ba3b8845db887928658ec00b9c', 'c63f1897868b47d986677080f6145864');
INSERT INTO `app_builder_config_property` (id, node_id, form_property_id, config_id) VALUES ('4915ed55d3074a63a321f6059d90a244', 'jadewdnjbq', '1707ef2c0648400fad476082bcfbe1b6', 'c63f1897868b47d986677080f6145864');

INSERT INTO `app_builder_form` (id, name, tenant_id, appearance, type, create_by, create_at, update_by, update_at, form_suite_id, version) VALUES ('b8986770a6ffef44bbf2a9f26d6fc1bc', 'llm_config', '31f20efc7e0848deab6a6bc10fc3021e', '{}', 'component', 'wzc', '2024-04-17 20:16:29', 'wzc', '2024-04-17 20:16:33', '5bdd730775ae40a395d3a4b560fb3b21', '1.0.0');
INSERT INTO `app_builder_form` (id, name, tenant_id, appearance, type, create_by, create_at, update_by, update_at, form_suite_id, version) VALUES ('b8986770a6ffef44bbf2a9f26d6fc1bd', 'tool_config', '31f20efc7e0848deab6a6bc10fc3021e', '{}', 'component', 'wzc', '2024-04-17 20:16:29', 'wzc', '2024-04-17 20:16:33', '5bdd730775ae40a395d3a4b560fb3b21', '1.0.0');
INSERT INTO `app_builder_form` (id, name, tenant_id, appearance, type, create_by, create_at, update_by, update_at,
                                form_suite_id, version)
VALUES ('dc92ba4fb47f4b13b4b8113aa5cfd99c', 'tool_config', '31f20efc7e0848deab6a6bc10fc3021e', '{}', 'component',
        'modelengine.jade', '2024-05-24 18:29:55.572', 'modelengine.jade', '2024-05-24 18:29:55.572',
        '5bdd730775ae40a395d3a4b560fb3b21', '1.0.0');
INSERT INTO `app_builder_form` (id, name, tenant_id, appearance, type, create_by, create_at, update_by, update_at,
                                form_suite_id, version)
VALUES ('df4ac19ba0bf437694cd3eb4011bf23c', 'llm_config', '31f20efc7e0848deab6a6bc10fc3021e', '{}', 'component',
        'modelengine.jade', '2024-05-24 18:29:52.043', 'modelengine.jade', '2024-05-24 18:40:48.545',
        '5bdd730775ae40a395d3a4b560fb3b21', '1.0.0');
INSERT INTO `app_builder_form` (id, name, tenant_id, appearance, type, create_by, create_at, update_by, update_at,
                                form_suite_id, version)
VALUES ('3ec9ead2ad5a478e82241af9e521f201', 'tool_config', '31f20efc7e0848deab6a6bc10fc3021e', '{}', 'component',
        'modelengine.jade', '2024-05-24 18:49:42.516', 'modelengine.jade', '2024-05-24 18:49:42.516',
        '5bdd730775ae40a395d3a4b560fb3b21', '1.0.0');
INSERT INTO `app_builder_form` (id, name, tenant_id, appearance, type, create_by, create_at, update_by, update_at,
                                form_suite_id, version)
VALUES ('b729973429074ae784c9a699afb66d21', 'llm_config', '31f20efc7e0848deab6a6bc10fc3021e', '{}', 'component',
        'modelengine.jade', '2024-05-17 20:03:15.794', 'modelengine.jade', '2024-05-24 19:16:25.843',
        '5bdd730775ae40a395d3a4b560fb3b21', '1.0.0');

INSERT INTO `app_builder_form_property` (id, form_id, name, data_type, default_value, data_from, in_group, description, default_index, app_id) VALUES ('d9fcb95f48d33648a4e12d629399d713', 'b8986770a6ffef44bbf2a9f26d6fc1bc', 'basic', 'String', 'null', 'none', 'null', '"i18n_appBuilder_{form_property_basic}"', 0, 'df87073b9bc85a48a9b01eccc9afccc4');
INSERT INTO `app_builder_form_property` (id, form_id, name, data_type, default_value, data_from, in_group, description, default_index, app_id) VALUES ('6269e12e4a908b4ba0d455c402ce8c3d', 'b8986770a6ffef44bbf2a9f26d6fc1bc', 'ability', 'String', 'null', 'none', 'basic', '"i18n_appBuilder_{form_property_ability}"', 1, 'df87073b9bc85a48a9b01eccc9afccc4');
INSERT INTO `app_builder_form_property` (id, form_id, name, data_type, default_value, data_from, in_group, description, default_index, app_id) VALUES ('9b3a72544963c64e806dc07d6fff5207', 'b8986770a6ffef44bbf2a9f26d6fc1bc', 'model', 'List<String>', '["jadewdnjbq"]', 'graph', 'ability', '"i18n_appBuilder_{form_property_model}"', 2, 'df87073b9bc85a48a9b01eccc9afccc4');
INSERT INTO `app_builder_form_property` (id, form_id, name, data_type, default_value, data_from, in_group, description, default_index, app_id) VALUES ('4df1cc408fb08b46842861dbfa3cb2ae', 'b8986770a6ffef44bbf2a9f26d6fc1bc', 'tools', 'List<List<String>>', '[["jadewdnjbq", "tools"],["jadewdnjbq", "workflows"]]', 'graph', 'ability', '"i18n_appBuilder_{form_property_tools}"', 3, 'df87073b9bc85a48a9b01eccc9afccc4');
INSERT INTO `app_builder_form_property` (id, form_id, name, data_type, default_value, data_from, in_group, description, default_index, app_id) VALUES ('b01af303ce27a544a45a3a9491aeb03e', 'b8986770a6ffef44bbf2a9f26d6fc1bc', 'knowledge', 'List<String>', '["jade0pg2ag","knowledge"]', 'graph', 'ability', '"i18n_appBuilder_{form_property_knowledge}"', 4, 'df87073b9bc85a48a9b01eccc9afccc4');
INSERT INTO `app_builder_form_property` (id, form_id, name, data_type, default_value, data_from, in_group, description, default_index, app_id) VALUES ('9b3a72544963c64e806dc07d6fff5208', 'b8986770a6ffef44bbf2a9f26d6fc1bc', 'chat', 'String', 'null', 'none', 'basic', '"i18n_appBuilder_{form_property_chat}"', 5, 'df87073b9bc85a48a9b01eccc9afccc4');
INSERT INTO `app_builder_form_property` (id, form_id, name, data_type, default_value, data_from, in_group, description, default_index, app_id) VALUES ('46b39a9533bbb247a38e976d4af41eb0', 'b8986770a6ffef44bbf2a9f26d6fc1bc', 'memory', 'List<String>', '["jade6qm5eg", "memory"]', 'graph', 'chat', '"i18n_appBuilder_{form_property_memory}"', 6, 'df87073b9bc85a48a9b01eccc9afccc4');
INSERT INTO `app_builder_form_property` (id, form_id, name, data_type, default_value, data_from, in_group, description, default_index, app_id) VALUES ('3073f4896620fb488d9fd3349ee23504', 'b8986770a6ffef44bbf2a9f26d6fc1bc', 'opening', 'String', '"i18n_appBuilder_{form_property_opening_content}"', 'input', 'chat', '"i18n_appBuilder_{form_property_opening}"', 7, 'df87073b9bc85a48a9b01eccc9afccc4');
INSERT INTO `app_builder_form_property` (id, form_id, name, data_type, default_value, data_from, in_group, description, default_index, app_id) VALUES ('3073f4896620fb488d9fd3349ee23512', 'b8986770a6ffef44bbf2a9f26d6fc1bc', 'inspiration', 'object', '{"category":[{"title":"root","id":"root","children":[]}],"inspirations":[]}', 'input', 'chat', '"i18n_appBuilder_{form_property_inspiration}"', 8, 'df87073b9bc85a48a9b01eccc9afccc4');
INSERT INTO `app_builder_form_property` (id, form_id, name, data_type, default_value, data_from, in_group, description, default_index, app_id) VALUES ('3073f4896620fb488d9fd3349ee23506', 'b8986770a6ffef44bbf2a9f26d6fc1bc', 'recommend', 'object', '{"showRecommend":false, "list":[]}', 'input', 'chat', '"i18n_appBuilder_{form_property_recommend}"', 9, 'df87073b9bc85a48a9b01eccc9afccc4');

INSERT INTO `app_builder_form_property` (id, form_id, name, data_type, default_value, data_from, in_group, description, default_index, app_id) VALUES ('567911ab6f77492e99f99b8bd5c2b248', 'b729973429074ae784c9a699afb66d21', 'workflow', 'String', 'null', 'none', 'null', 'i18n_appBuilder_{form_property_workflow}', 0, '3a617d8aeb1d41a9ad7453f2f0f70d61');
INSERT INTO `app_builder_form_property` (id, form_id, name, data_type, default_value, data_from, in_group, description, default_index, app_id) VALUES ('81c1d2aa93df449a830714e84857928d', 'b729973429074ae784c9a699afb66d21', 'ability', 'String', 'null', 'none', 'workflow', 'i18n_appBuilder_{form_property_ability}', 1, '3a617d8aeb1d41a9ad7453f2f0f70d61');
INSERT INTO `app_builder_form_property` (id, form_id, name, data_type, default_value, data_from, in_group, description, default_index, app_id) VALUES ('371c57e777f34798b4b73e358277bd11', 'b729973429074ae784c9a699afb66d21', 'enterWorkflow', 'String', 'null', 'none', 'ability', 'i18n_appBuilder_{form_property_enterWorkflow}', 2, '3a617d8aeb1d41a9ad7453f2f0f70d61');
INSERT INTO `app_builder_form_property` (id, form_id, name, data_type, default_value, data_from, in_group, description, default_index, app_id) VALUES ('d9a3ac7b10684b1f8d5959af1715712f', 'b729973429074ae784c9a699afb66d21', 'chat', 'String', 'null', 'none', 'workflow', 'i18n_appBuilder_{form_property_chat}', 3, '3a617d8aeb1d41a9ad7453f2f0f70d61');
INSERT INTO `app_builder_form_property` (id, form_id, name, data_type, default_value, data_from, in_group, description, default_index, app_id) VALUES ('1051c017ab464b3882228183a1eb2575', 'b729973429074ae784c9a699afb66d21', 'opening', 'String', '"i18n_appBuilder_{demo_greeting}"', 'input', 'chat', 'i18n_appBuilder_{form_property_opening}', 4, '3a617d8aeb1d41a9ad7453f2f0f70d61');
INSERT INTO `app_builder_form_property` (id, form_id, name, data_type, default_value, data_from, in_group, description, default_index, app_id) VALUES ('8118705c5f894cdbb48ce1403283d8d7', 'b729973429074ae784c9a699afb66d21', 'memory', 'List<String>', '["jade6qm5eg", "memory"]', 'graph', 'chat', 'i18n_appBuilder_{form_property_memory}', 5, '3a617d8aeb1d41a9ad7453f2f0f70d61');
INSERT INTO `app_builder_form_property` (id, form_id, name, data_type, default_value, data_from, in_group, description, default_index, app_id) VALUES ('8d370e3bb9304ef79e46d41e8ef55dda', 'b729973429074ae784c9a699afb66d21', 'recommend', 'object', '{"showRecommend":false, "list":[]}', 'input', 'chat', 'i18n_appBuilder_{form_property_recommend}', 6, '3a617d8aeb1d41a9ad7453f2f0f70d61');
INSERT INTO `app_builder_form_property` (id, form_id, name, data_type, default_value, data_from, in_group, description, default_index, app_id) VALUES ('1221f6eebc6d48f68cbbc567d991ed47', 'b729973429074ae784c9a699afb66d21', 'inspiration', 'object', '{"category":[{"title":"root","id":"root","children":[{"id":"psewkm","title":"i18n_appBuilder_{data_storage}","children":[],"parent":"root:psewkm"}]}],"inspirations":[{"name":"i18n_appBuilder_{create_app}","description":"i18n_appBuilder_{create_app}","prompt":"i18n_appBuilder_{create_app_prompt}","promptVarData":[],"category":"root:psewkm","id":"01t2vz"}]}', 'input', 'chat', 'i18n_appBuilder_{form_property_inspiration}', 7, '3a617d8aeb1d41a9ad7453f2f0f70d61');

INSERT INTO `app_builder_form_property` (id, form_id, name, data_type, default_value) VALUES ('0a63fd81309a41389107b06fe7a07623', 'df4ac19ba0bf437694cd3eb4011bf23c', 'inspiration', 'object', '{"category":[{"title":"root","id":"root","children":[]}],"inspirations":[]}');
INSERT INTO `app_builder_form_property` (id, form_id, name, data_type, default_value) VALUES ('9813a18f395e4319830cb93d99db25d6', 'df4ac19ba0bf437694cd3eb4011bf23c', 'tools', 'List<String>', '[]');
INSERT INTO `app_builder_form_property` (id, form_id, name, data_type, default_value) VALUES ('ff550e312f834f3f98689a0469d64302', 'df4ac19ba0bf437694cd3eb4011bf23c', 'workflows', 'List<String>', '["d613c69e-ad85-4edb-a126-8ccd6341cd64"]');
INSERT INTO `app_builder_form_property` (id, form_id, name, data_type, default_value) VALUES ('2f504207abaf4ad4a3196c8d5e22b76b', 'df4ac19ba0bf437694cd3eb4011bf23c', 'temperature', 'Number', '0');
INSERT INTO `app_builder_form_property` (id, form_id, name, data_type, default_value) VALUES ('647276ba3b8845db887928658ec00b9c', 'df4ac19ba0bf437694cd3eb4011bf23c', 'knowledge', 'List<String>', '[]');
INSERT INTO `app_builder_form_property` (id, form_id, name, data_type, default_value) VALUES ('5734350a031649fb9f7aaaaa17ebc090', 'df4ac19ba0bf437694cd3eb4011bf23c', 'systemPrompt', 'String', '""');
INSERT INTO `app_builder_form_property` (id, form_id, name, data_type, default_value) VALUES ('1707ef2c0648400fad476082bcfbe1b6', 'df4ac19ba0bf437694cd3eb4011bf23c', 'model', 'String', '"Qwen1.5-32B-Chat"');
INSERT INTO `app_builder_form_property` (id, form_id, name, data_type, default_value) VALUES ('ef87e0eebe624db39c30f0e77ed4af22', 'df4ac19ba0bf437694cd3eb4011bf23c', 'memory', 'object', '{"memorySwitch":false,"type":"ByConversationTurn","value":"3"}');

INSERT INTO `app_builder_flow_graph` (id, name, create_by, create_at, update_by, update_at, appearance)
VALUES ('9997f1555b41452b924d1a8b2229bde4', 'tool模板', 'wzc', '2024-04-17 20:41:29', 'wzc', '2024-04-17 20:41:42',
        '{"id":"9fd1e6736e734fc085a5ea34f4ba1b21","title":"9fd1e6736e734fc085a5ea34f4ba1b21","source":"elsa","type":"jadeFlowGraph","tenant":"default","setting":{"borderColor":"#047bfc","shadow":"","underline":false,"selectable":true,"fontFace":"arial","pDock":"none","headColor":"steelblue","itemScroll":{"x":0,"y":0},"vAlign":"top","cornerRadius":4,"rotateAble":true,"pad":10,"infoType":{"next":"INFORMATION","name":"none"},"focusMargin":0,"progressStatus":{"next":"UNKNOWN","color":"gray","name":"NONE"},"focusBackColor":"whitesmoke","tag":{},"captionfontColor":"whitesmoke","fontWeight":"lighter","captionlineHeight":1,"margin":25,"itemPad":[5,5,5,5],"autoHeight":false,"visible":true,"rotateDegree":0,"focusBorderColor":"#047bfc","priority":0,"fontStyle":"normal","backColor":"whitesmoke","captionfontFace":"arial black","dockMode":"none","dashWidth":0,"fontSize":12,"mouseInFontColor":"orange","resizeable":true,"captionfontWeight":"lighter","mouseInBorderColor":"#047bfc","autoText":false,"showedProgress":false,"shared":false,"code":"","hAlign":"center","deletable":true,"numberedList":false,"shadowData":"2px 2px 4px","focusBorderWidth":1,"outlineWidth":10,"outlineColor":"rgba(74,147,255,0.12)","allowLink":true,"lineWidth":2,"captionhAlign":"center","dragable":true,"focusShadow":"","emphasized":false,"borderWidth":1,"globalAlpha":1,"bulletedList":false,"enableAnimation":false,"autoWidth":false,"captionfontSize":14,"progressPercent":0.65,"strikethrough":false,"backAlpha":0.15,"focusFontColor":"darkorange","outstanding":false,"editable":true,"moveable":true,"captionfontStyle":"normal","mouseInColor":"orange","bulletSpeed":1,"enableSocial":true,"scrollLock":{"x":false,"y":false},"lineHeight":1.5,"fontColor":"steelblue","mouseInBackColor":"whitesmoke"},"pages":[{"container":"elsa-page:tvp1s6","borderColor":"white","hAlign":"left","itemSpace":5,"fontFace":"arial","itemScroll":{"x":0,"y":0},"hideText":true,"shapesAs":{},"type":"jadeFlowPage","italic":false,"vAlign":"top","mode":"configuration","scaleX":0.8,"division":-1,"scaleY":0.8,"dockAlign":"top","focusBackColor":"#fbfbfc","id":"elsa-page:tvp1s6","text":"newFlowPage","fontWeight":"bold","height":800,"dirty":false,"itemPad":[0,0,0,0],"moveable":true,"index":0,"bold":false,"fontStyle":"normal","backColor":"#fbfbfc","dockMode":"none","x":297.46031746031747,"width":1600,"namespace":"jadeFlow","y":121.01190476190482,"fontSize":18,"isPage":true,"fontColor":"#ECD0A7","shapes":[{"container":"elsa-page:tvp1s6","borderColor":"rgba(28,31,35,.08)","shadow":"0 2px 4px 0 rgba(0,0,0,.1)","sourcePlatform":"official","deletable":false,"outlineWidth":10,"outlineColor":"rgba(74,147,255,0.12)","hideText":true,"type":"startNodeStart","italic":false,"completedTask":0,"cornerRadius":8,"rotateAble":false,"pad":6,"focusShadow":"0 0 1px rgba(0,0,0,.3),0 4px 14px rgba(0,0,0,.1)","warningTask":0,"borderWidth":1,"enableAnimation":false,"focusBackColor":"white","id":"jade6qm5eg","text":"开始","componentName":"startComponent","triggerMode":"auto","height":559,"dirty":true,"autoHeight":true,"runningTask":0,"flowMeta":{"inputParams":[{"name":"input","from":"Expand","id":"91138f09-b635-43df-95c6-1fe3d1745829","type":"Object","config":[{"allowAdd":true}],"value":[{"name":"","description":"","from":"Input","id":"input_ae2ffd6e-2b9e-4e73-9d7f-0e661ec3dbdb","type":"String","value":""}]},{"name":"memory","from":"Expand","id":"4a770dc6-e3c9-475d-84c7-48dacc74a5b6","type":"Object","value":[{"name":"memorySwitch","from":"Input","id":"a7675623-7fc7-468c-8910-e73c70e5e468","type":"Boolean","value":true},{"name":"type","from":"Input","id":"cee9a31b-781c-4835-a616-ceed73be22f2","type":"String","value":"ByConversationTurn"},{"name":"value","from":"Input","id":"69592622-4291-409d-9d65-9faea83db657","type":"Integer","value":"3"}]}],"triggerMode":"auto"},"index":103,"bold":false,"backColor":"white","x":280.3571428571429,"width":360,"namespace":"flowable","y":113.75,"dashWidth":0,"mouseInBorderColor":"rgba(28,31,35,.08)"},{"container":"elsa-page:tvp1s6","borderColor":"rgba(28,31,35,.08)","shadow":"0 2px 4px 0 rgba(0,0,0,.1)","sourcePlatform":"official","deletable":false,"outlineWidth":10,"outlineColor":"rgba(74,147,255,0.12)","hideText":true,"type":"endNodeEnd","italic":false,"completedTask":0,"cornerRadius":8,"rotateAble":false,"pad":6,"focusShadow":"0 0 1px rgba(0,0,0,.3),0 4px 14px rgba(0,0,0,.1)","warningTask":0,"borderWidth":1,"enableAnimation":false,"focusBackColor":"white","id":"jadesoux5i","text":"结束","componentName":"endComponent","triggerMode":"auto","height":214,"dirty":true,"autoHeight":true,"runningTask":0,"flowMeta":{"callback":{"fitables":["modelengine.fit.jober.aipp.fitable.AippFlowEndCallback"],"converter":{"type":"mapping_converter","entity":{"outputParams":[{}],"inputParams":[{"referenceNode":"wdnjbq","name":"finalOutput","from":"Reference","id":"ffad80c2-3f60-4d57-93b2-c2362a5dab9c","type":"String","value":["output","llmOutput"],"referenceId":"272c927a-9e25-48b6-a921-6a8ab20267a4","referenceKey":null}]}},"name":"通知回调","type":"general_callback"},"triggerMode":"auto"},"index":106,"bold":false,"backColor":"white","x":1169.4642857142849,"width":360,"namespace":"flowable","y":306.4285714285713,"dashWidth":0,"mouseInBorderColor":"rgba(28,31,35,.08)"},{"type":"jadeEvent","container":"elsa-page:tvp1s6","id":"jade08a56l","text":"","namespace":"flowable","x":640.3571428571429,"y":393.25,"width":529.107142857142,"height":20.178571428571274,"bold":false,"italic":false,"pad":0,"margin":20,"backColor":"white","hideText":true,"beginArrow":false,"beginArrowEmpty":false,"beginArrowSize":4,"endArrow":true,"endArrowEmpty":false,"endArrowSize":4,"textX":0,"textY":0,"hAlign":"center","lineWidth":2,"fromShape":"jade6qm5eg","toShape":"jadesoux5i","definedFromConnector":"E","definedToConnector":"W","arrowBeginPoint":{"x":0,"y":0},"arrowEndPoint":{"x":0,"y":0},"curvePoint1":{"x":0,"y":0},"curvePoint2":{"x":0,"y":0},"brokenPoints":[],"lineMode":{"type":"auto_curve"},"allowSwitchLineMode":false,"allowLink":false,"borderWidth":1,"borderColor":"#B1B1B7","mouseInBorderColor":"#B1B1B7","index":-98,"dirty":true}]}],"enableText":false,"flowMeta":{"exceptionFitables":["modelengine.fit.jober.aipp.fitable.AippFlowExceptionHandler","modelengine.fit.jober.fitable.FlowInfoException"],"enableOutputScope":true,"callback":{"fitables":["modelengine.fit.jober.fitable.FlowInfoCallback"],"name":"通知回调","type":"general_callback"}}}');
INSERT INTO `app_builder_flow_graph` (id, name, create_by, create_at, update_by, update_at, appearance)
VALUES ('9997f1555b41452b924d1a8b2229bde3', 'LLM模板', 'wzc', '2024-04-17 20:41:29', 'wzc', '2024-04-17 20:41:42',
        '{"id":"ee1d1c6d8f314fa090b5a3afe8adaf40","title":"jadeFlow","source":"elsa","type":"jadeFlowGraph","tenant":"default","flowMeta":{"exceptionFitables":["modelengine.fit.jober.aipp.fitable.AippFlowExceptionHandler","modelengine.fit.jober.fitable.FlowInfoException"],"enableOutputScope":true,"callback":{"fitables":["modelengine.fit.jober.fitable.FlowInfoCallback"],"name":"通知回调","type":"general_callback"}},"setting":{"borderColor":"#047bfc","backColor":"whitesmoke","headColor":"steelblue","fontColor":"steelblue","captionfontColor":"whitesmoke","fontFace":"arial","captionfontFace":"arial black","fontSize":12,"captionfontSize":14,"fontStyle":"normal","captionfontStyle":"normal","fontWeight":"lighter","captionfontWeight":"lighter","hAlign":"center","vAlign":"top","captionhAlign":"center","lineHeight":1.5,"lineWidth":2,"captionlineHeight":1,"focusMargin":0,"focusBorderColor":"#047bfc","focusFontColor":"darkorange","focusBackColor":"whitesmoke","mouseInColor":"orange","mouseInBorderColor":"#047bfc","mouseInFontColor":"orange","mouseInBackColor":"whitesmoke","borderWidth":1,"focusBorderWidth":1,"outlineWidth":10,"outlineColor":"rgba(74,147,255,0.12)","globalAlpha":1,"backAlpha":0.15,"cornerRadius":4,"dashWidth":0,"autoText":false,"autoHeight":false,"autoWidth":false,"margin":25,"pad":10,"code":"","rotateDegree":0,"shadow":"","focusShadow":"","shadowData":"2px 2px 4px","outstanding":false,"pDock":"none","dockMode":"none","priority":0,"infoType":{"next":"INFORMATION","name":"none"},"progressStatus":{"next":"UNKNOWN","color":"gray","name":"NONE"},"progressPercent":0.65,"showedProgress":false,"itemPad":[5,5,5,5],"itemScroll":{"x":0,"y":0},"scrollLock":{"x":false,"y":false},"resizeable":true,"selectable":true,"rotateAble":true,"editable":true,"moveable":true,"dragable":true,"visible":true,"deletable":true,"allowLink":true,"shared":false,"strikethrough":false,"underline":false,"numberedList":false,"bulletedList":false,"enableAnimation":false,"enableSocial":true,"emphasized":false,"bulletSpeed":1,"tag":{}},"pages":[{"type":"jadeFlowPage","id":"elsa-page:tvp1s6","text":"newFlowPage","namespace":"jadeFlow","x":297.46031746031747,"y":121.01190476190482,"width":1600,"height":800,"bold":false,"italic":false,"dockAlign":"top","division":-1,"itemSpace":5,"itemPad":[0,0,0,0],"itemScroll":{"x":0,"y":0},"hideText":true,"dockMode":"none","shapesAs":{},"borderColor":"white","backColor":"#fbfbfc","fontSize":18,"fontFace":"arial","fontColor":"#ECD0A7","fontWeight":"bold","fontStyle":"normal","hAlign":"left","vAlign":"top","moveable":true,"container":"elsa-page:tvp1s6","scaleX":0.8,"scaleY":0.8,"focusBackColor":"#fbfbfc","dirty":true,"isPage":true,"mode":"configuration","shapes":[{"type":"startNodeStart","container":"elsa-page:tvp1s6","id":"jade6qm5eg","text":"开始","namespace":"flowable","x":-170.8928571428571,"y":32.5,"width":360,"height":554,"bold":false,"italic":false,"deletable":false,"pad":6,"rotateAble":false,"triggerMode":"auto","enableAnimation":false,"warningTask":0,"runningTask":0,"completedTask":0,"hideText":true,"autoHeight":true,"borderColor":"rgba(28,31,35,.08)","mouseInBorderColor":"rgba(28,31,35,.08)","shadow":"0 2px 4px 0 rgba(0,0,0,.1)","sourcePlatform":"official","focusShadow":"0 0 1px rgba(0,0,0,.3),0 4px 14px rgba(0,0,0,.1)","borderWidth":1,"outlineWidth":10,"outlineColor":"rgba(74,147,255,0.12)","dashWidth":0,"backColor":"white","focusBackColor":"white","cornerRadius":8,"flowMeta":{"triggerMode":"auto","inputParams":[{"id":"91138f09-b635-43df-95c6-1fe3d1745829","name":"input","type":"Object","from":"Expand","config":[{"allowAdd":true}],"value":[{"id":"input_ae2ffd6e-2b9e-4e73-9d7f-0e661ec3dbdb","name":"Question","type":"String","from":"Input","description":"这是用户输入的问题","value":"","disableModifiable":true}]},{"id":"4a770dc6-e3c9-475d-84c7-48dacc74a5b6","name":"memory","type":"Object","from":"Expand","value":[{"id":"a7675623-7fc7-468c-8910-e73c70e5e468","name":"memorySwitch","type":"Boolean","from":"Input","value":true},{"id":"cee9a31b-781c-4835-a616-ceed73be22f2","name":"type","type":"String","from":"Input","value":"ByConversationTurn"},{"id":"69592622-4291-409d-9d65-9faea83db657","name":"value","type":"Integer","from":"Input","value":"3"}]}]},"componentName":"startComponent","index":100,"dirty":true},{"type":"retrievalNodeState","container":"elsa-page:tvp1s6","id":"jade0pg2ag","text":"普通检索","namespace":"flowable","x":275.7499999999999,"y":192.3571428571428,"width":360,"height":459,"bold":false,"italic":false,"pad":6,"rotateAble":false,"triggerMode":"auto","enableAnimation":false,"warningTask":0,"runningTask":0,"completedTask":0,"hideText":true,"autoHeight":true,"borderColor":"rgba(28,31,35,.08)","mouseInBorderColor":"rgba(28,31,35,.08)","shadow":"0 2px 4px 0 rgba(0,0,0,.1)","sourcePlatform":"official","focusShadow":"0 0 1px rgba(0,0,0,.3),0 4px 14px rgba(0,0,0,.1)","borderWidth":1,"outlineWidth":10,"outlineColor":"rgba(74,147,255,0.12)","dashWidth":0,"backColor":"white","focusBackColor":"white","cornerRadius":8,"flowMeta":{"triggerMode":"auto","jober":{"type":"general_jober","name":"","fitables":["modelengine.fit.jober.aipp.fitable.NaiveRAGComponent"],"converter":{"type":"mapping_converter","entity":{"inputParams":[{"id":"query_0ab55575-f21d-4b19-9676-57fcb4b0b783","name":"query","type":"String","from":"Reference","referenceNode":"jade6qm5eg","referenceId":"input_ae2ffd6e-2b9e-4e73-9d7f-0e661ec3dbdb","referenceKey":"Question","value":["Question"]},{"id":"knowledge_01c41edd-a22b-4289-b1cf-8db835833261","name":"knowledge","type":"Array","from":"Expand","value":[{"id":"55f8e6eb-dab5-435f-94ea-18108eaba982","type":"Object","from":"Expand","value":[]}]},{"id":"maximum_2da115cd-c1ce-485f-ba98-b4c995f3d6ff","name":"maximum","type":"Integer","from":"Input","value":3}],"outputParams":[{"id":"output_cd5cbe89-0d9f-4cf1-9e09-afb325576b84","name":"output","type":"Object","from":"Expand","value":[{"id":"5c9c6535-c127-445a-862a-966cf1083929","name":"retrievalOutput","type":"String","from":"Input","value":"String"}]}]}}}},"componentName":"retrievalComponent","index":101,"dirty":true},{"type":"llmNodeState","container":"elsa-page:tvp1s6","id":"jadewdnjbq","text":"大模型","namespace":"flowable","x":719.1428571428571,"y":-53.21428571428578,"width":360,"height":787,"bold":false,"italic":false,"pad":6,"rotateAble":false,"triggerMode":"auto","enableAnimation":false,"warningTask":0,"runningTask":0,"completedTask":0,"hideText":true,"autoHeight":true,"borderColor":"rgba(28,31,35,.08)","mouseInBorderColor":"rgba(28,31,35,.08)","shadow":"0 2px 4px 0 rgba(0,0,0,.1)","sourcePlatform":"official","focusShadow":"0 0 1px rgba(0,0,0,.3),0 4px 14px rgba(0,0,0,.1)","borderWidth":1,"outlineWidth":10,"outlineColor":"rgba(74,147,255,0.12)","dashWidth":0,"backColor":"white","focusBackColor":"white","cornerRadius":8,"flowMeta":{"triggerMode":"auto","jober":{"type":"general_jober","name":"","fitables":["modelengine.fit.jober.aipp.fitable.LLMComponent"],"converter":{"type":"mapping_converter","entity":{"inputParams":[{"id":"6c414e75-971e-403a-b2b1-c6850f128cc4","name":"model","type":"String","from":"Input","value":"Qwen1.5-32B-Chat"},{"id":"db5fdafa-4cbf-44ba-9cca-8a98f1f771f4","name":"temperature","type":"Number","from":"Input","value":"0.3"},{"id":"88f74d78-4711-4f81-a2e7-74d0034c5e88","name":"prompt","type":"Object","from":"Expand","value":[{"id":"35a710cf-1b79-4523-b16f-b50878d677fe","name":"template","type":"String","from":"Input","value":"请按照以下步骤生成您的回复：\n1. 递归地将问题分解为更小的问题。\n2. 对于每个原子问题，从上下文和对话历史记录中选择最相关的信息。\n3. 使用所选信息生成回复草稿。\n4. 删除回复草稿中的重复内容。\n5. 在调整后生成最终答案，以提高准确性和相关性。\n6. 请注意，只需要回复最终答案。\n-------------------------------------\n上下文信息：\n\n{{knowledge}}\n\n问题：{{query}}"},{"id":"38fb27a1-71f4-4fcc-87d5-9d8a880bc04d","name":"variables","type":"Object","from":"Expand","value":[{"id":"aeba7823-8d14-4750-9723-55265ae71c4e","name":"knowledge","type":"String","from":"Reference","value":["output","retrievalOutput"],"referenceNode":"jade0pg2ag","referenceId":"5c9c6535-c127-445a-862a-966cf1083929","referenceKey":"retrievalOutput"},{"id":"eee66922-4304-4209-89fc-b13ffa101630","name":"query","type":"String","from":"Reference","value":["Question"],"referenceKey":"Question","referenceNode":"jade6qm5eg","referenceId":"input_ae2ffd6e-2b9e-4e73-9d7f-0e661ec3dbdb"}]}]},{"id":"a6865419-867c-4bfb-855c-f5c1876c965a","name":"tools","type":"Array","from":"Expand","value":[]},{"id":"308e2023-a8e9-486e-9784-8680addbb786","name":"workflows","type":"Array","from":"Expand","value":[]},{"id":"68f92923-d5da-42ce-8478-d7ac7d90664e","name":"systemPrompt","type":"String","from":"Input","value":""}],"outputParams":[{"id":"95d84d67-3198-415e-a63c-bc9a2da8d821","name":"output","type":"Object","from":"Expand","value":[{"id":"272c927a-9e25-48b6-a921-6a8ab20267a4","name":"llmOutput","type":"String","from":"Input","description":"","value":""}]}]}},"isAsync":"true"}},"componentName":"llmComponent","index":102,"dirty":true},{"type":"endNodeEnd","container":"elsa-page:tvp1s6","id":"jadesoux5i","text":"结束","namespace":"flowable","x":1169.4642857142849,"y":306.4285714285713,"width":360,"height":212,"bold":false,"italic":false,"deletable":false,"pad":6,"rotateAble":false,"triggerMode":"auto","enableAnimation":false,"warningTask":0,"runningTask":0,"completedTask":0,"hideText":true,"autoHeight":true,"borderColor":"rgba(28,31,35,.08)","mouseInBorderColor":"rgba(28,31,35,.08)","shadow":"0 2px 4px 0 rgba(0,0,0,.1)","sourcePlatform":"official","focusShadow":"0 0 1px rgba(0,0,0,.3),0 4px 14px rgba(0,0,0,.1)","borderWidth":1,"outlineWidth":10,"outlineColor":"rgba(74,147,255,0.12)","dashWidth":0,"backColor":"white","focusBackColor":"white","cornerRadius":8,"flowMeta":{"triggerMode":"auto","callback":{"type":"general_callback","name":"通知回调","fitables":["modelengine.fit.jober.aipp.fitable.AippFlowEndCallback"],"converter":{"type":"mapping_converter","entity":{"inputParams":[{"id":"ffad80c2-3f60-4d57-93b2-c2362a5dab9c","name":"finalOutput","type":"String","from":"Reference","referenceNode":"jadewdnjbq","referenceId":"272c927a-9e25-48b6-a921-6a8ab20267a4","referenceKey":"llmOutput","value":["output","llmOutput"]}],"outputParams":[{}]}}}},"componentName":"endComponent","index":104,"dirty":true},{"type":"jadeEvent","container":"elsa-page:tvp1s6","id":"jade2zanyx","text":"","namespace":"flowable","x":189.1071428571429,"y":309.5,"width":86.642857142857,"height":112.35714285714278,"bold":false,"italic":false,"pad":0,"margin":20,"backColor":"white","hideText":true,"beginArrow":false,"beginArrowEmpty":false,"beginArrowSize":4,"endArrow":true,"endArrowEmpty":false,"endArrowSize":4,"textX":0,"textY":0,"hAlign":"center","lineWidth":2,"fromShape":"jade6qm5eg","toShape":"jade0pg2ag","definedFromConnector":"E","definedToConnector":"W","arrowBeginPoint":{"x":0,"y":0,"direction":{"cursor":"ew-resize","key":"E","color":"whitesmoke","ax":"x","vector":1,"value":"E"}},"arrowEndPoint":{"x":96,"y":80,"direction":{"cursor":"ew-resize","key":"W","color":"whitesmoke","ax":"x","vector":-1,"value":"W"}},"curvePoint1":{"x":0,"y":0},"curvePoint2":{"x":0,"y":0},"brokenPoints":[{"x":50,"y":0},{"x":50,"y":80}],"lineMode":{"type":"auto_curve"},"allowSwitchLineMode":false,"allowLink":false,"borderWidth":1,"borderColor":"#B1B1B7","mouseInBorderColor":"#B1B1B7","index":-95,"dirty":true},{"type":"jadeEvent","container":"elsa-page:tvp1s6","id":"jade5c5urs","text":"","namespace":"flowable","x":635.7499999999999,"y":421.8571428571428,"width":83.39285714285722,"height":-81.57142857142856,"bold":false,"italic":false,"pad":0,"margin":20,"backColor":"white","hideText":true,"beginArrow":false,"beginArrowEmpty":false,"beginArrowSize":4,"endArrow":true,"endArrowEmpty":false,"endArrowSize":4,"textX":0,"textY":0,"hAlign":"center","lineWidth":2,"fromShape":"jade0pg2ag","toShape":"jadewdnjbq","definedFromConnector":"E","definedToConnector":"W","arrowBeginPoint":{"x":0,"y":0,"direction":{"cursor":"ew-resize","key":"E","color":"whitesmoke","ax":"x","vector":1,"value":"E"}},"arrowEndPoint":{"x":96,"y":80,"direction":{"cursor":"ew-resize","key":"W","color":"whitesmoke","ax":"x","vector":-1,"value":"W"}},"curvePoint1":{"x":0,"y":0},"curvePoint2":{"x":0,"y":0},"brokenPoints":[{"x":50,"y":0},{"x":50,"y":80}],"lineMode":{"type":"auto_curve"},"allowSwitchLineMode":false,"allowLink":false,"borderWidth":1,"borderColor":"#B1B1B7","mouseInBorderColor":"#B1B1B7","index":-94,"dirty":true},{"type":"jadeEvent","container":"elsa-page:tvp1s6","id":"jade1p0cdu","text":"","namespace":"flowable","x":1079.142857142857,"y":340.2857142857142,"width":90.32142857142776,"height":72.14285714285705,"bold":false,"italic":false,"pad":0,"margin":20,"backColor":"white","hideText":true,"beginArrow":false,"beginArrowEmpty":false,"beginArrowSize":4,"endArrow":true,"endArrowEmpty":false,"endArrowSize":4,"textX":0,"textY":0,"hAlign":"center","lineWidth":2,"fromShape":"jadewdnjbq","toShape":"jadesoux5i","definedFromConnector":"E","definedToConnector":"W","arrowBeginPoint":{"x":0,"y":0,"direction":{"cursor":"ew-resize","key":"E","color":"whitesmoke","ax":"x","vector":1,"value":"E"}},"arrowEndPoint":{"x":96,"y":80,"direction":{"cursor":"ew-resize","key":"W","color":"whitesmoke","ax":"x","vector":-1,"value":"W"}},"curvePoint1":{"x":0,"y":0},"curvePoint2":{"x":0,"y":0},"brokenPoints":[{"x":50,"y":0},{"x":50,"y":80}],"lineMode":{"type":"auto_curve"},"allowSwitchLineMode":false,"allowLink":false,"borderWidth":1,"borderColor":"#B1B1B7","mouseInBorderColor":"#B1B1B7","index":-94,"dirty":true}],"index":0}],"enableText":false}');
INSERT INTO `app_builder_flow_graph` (id, name, create_by, create_at, update_by, update_at, appearance)
VALUES ('d14e513cadb84847b62e9d67b7d47a02', 'LLM模板', 'modelengine.jade', '2024-05-17 20:03:15.794',
        'modelengine.jade',
        '2024-05-24 19:16:25.843',
        '{"id":"d14e513cadb84847b62e9d67b7d47a02","type":"jadeFlowGraph","pages":[{"x":297.46031746031747,"y":121.01190476190482,"id":"elsa-page:tvp1s6","bold":false,"mode":"configuration","text":"newFlowPage","type":"jadeFlowPage","dirty":false,"index":0,"width":1600,"hAlign":"left","height":800,"isPage":true,"italic":false,"scaleX":0.8,"scaleY":0.8,"shapes":[{"x":189.1071428571429,"y":323,"id":"jade2zanyx","pad":0,"bold":false,"text":"","type":"jadeEvent","dirty":true,"index":-100,"textX":0,"textY":0,"width":86.642857142857,"hAlign":"center","height":70.35714285714278,"italic":false,"margin":20,"toShape":"jade0pg2ag","endArrow":true,"hideText":true,"lineMode":{"type":"auto_curve"},"allowLink":false,"backColor":"white","container":"elsa-page:tvp1s6","fromShape":"jade6qm5eg","lineWidth":2,"namespace":"flowable","beginArrow":false,"borderColor":"#B1B1B7","borderWidth":1,"curvePoint1":{"x":0,"y":0},"curvePoint2":{"x":0,"y":0},"brokenPoints":[{"x":50,"y":0},{"x":50,"y":80}],"endArrowSize":4,"arrowEndPoint":{"x":96,"y":80,"direction":{"ax":"x","key":"W","color":"whitesmoke","value":"W","cursor":"ew-resize","vector":-1}},"endArrowEmpty":false,"beginArrowSize":4,"arrowBeginPoint":{"x":0,"y":0,"direction":{"ax":"x","key":"E","color":"whitesmoke","value":"E","cursor":"ew-resize","vector":1}},"beginArrowEmpty":false,"definedToConnector":"W","mouseInBorderColor":"#B1B1B7","allowSwitchLineMode":false,"definedFromConnector":"E"},{"x":635.7499999999999,"y":393.3571428571428,"id":"jade5c5urs","pad":0,"bold":false,"text":"","type":"jadeEvent","dirty":true,"index":-99,"textX":0,"textY":0,"width":83.39285714285722,"hAlign":"center","height":-0.5714285714285552,"italic":false,"margin":20,"toShape":"jadewdnjbq","endArrow":true,"hideText":true,"lineMode":{"type":"auto_curve"},"allowLink":false,"backColor":"white","container":"elsa-page:tvp1s6","fromShape":"jade0pg2ag","lineWidth":2,"namespace":"flowable","beginArrow":false,"borderColor":"#B1B1B7","borderWidth":1,"curvePoint1":{"x":0,"y":0},"curvePoint2":{"x":0,"y":0},"brokenPoints":[{"x":50,"y":0},{"x":50,"y":80}],"endArrowSize":4,"arrowEndPoint":{"x":96,"y":80,"direction":{"ax":"x","key":"W","color":"whitesmoke","value":"W","cursor":"ew-resize","vector":-1}},"endArrowEmpty":false,"beginArrowSize":4,"arrowBeginPoint":{"x":0,"y":0,"direction":{"ax":"x","key":"E","color":"whitesmoke","value":"E","cursor":"ew-resize","vector":1}},"beginArrowEmpty":false,"definedToConnector":"W","mouseInBorderColor":"#B1B1B7","allowSwitchLineMode":false,"definedFromConnector":"E"},{"x":1079.142857142857,"y":392.7857142857142,"id":"jade1p0cdu","pad":0,"bold":false,"text":"","type":"jadeEvent","dirty":true,"index":-98,"textX":0,"textY":0,"width":90.32142857142776,"hAlign":"center","height":20.642857142857054,"italic":false,"margin":20,"toShape":"jadesoux5i","endArrow":true,"hideText":true,"lineMode":{"type":"auto_curve"},"allowLink":false,"backColor":"white","container":"elsa-page:tvp1s6","fromShape":"jadewdnjbq","lineWidth":2,"namespace":"flowable","beginArrow":false,"borderColor":"#B1B1B7","borderWidth":1,"curvePoint1":{"x":0,"y":0},"curvePoint2":{"x":0,"y":0},"brokenPoints":[{"x":50,"y":0},{"x":50,"y":80}],"endArrowSize":4,"arrowEndPoint":{"x":96,"y":80,"direction":{"ax":"x","key":"W","color":"whitesmoke","value":"W","cursor":"ew-resize","vector":-1}},"endArrowEmpty":false,"beginArrowSize":4,"arrowBeginPoint":{"x":0,"y":0,"direction":{"ax":"x","key":"E","color":"whitesmoke","value":"E","cursor":"ew-resize","vector":1}},"beginArrowEmpty":false,"definedToConnector":"W","mouseInBorderColor":"#B1B1B7","allowSwitchLineMode":false,"definedFromConnector":"E"},{"x":-170.8928571428571,"y":32.5,"id":"jade6qm5eg","pad":6,"bold":false,"text":"开始","type":"startNodeStart","dirty":true,"index":103,"width":360,"height":581,"italic":false,"shadow":"0 2px 4px 0 rgba(0,0,0,.1)","sourcePlatform":"official","flowMeta":{"inputParams":[{"id":"91138f09-b635-43df-95c6-1fe3d1745829","from":"Expand","name":"input","type":"Object","value":[{"id":"input_ae2ffd6e-2b9e-4e73-9d7f-0e661ec3dbdb","from":"Input","name":"Question","type":"String","value":"","description":"这是用户输入的问题","disableModifiable":true}]},{"id":"4a770dc6-e3c9-475d-84c7-48dacc74a5b6","from":"Expand","name":"memory","type":"Object","value":[{"id":"a7675623-7fc7-468c-8910-e73c70e5e468","from":"Input","name":"memorySwitch","type":"Boolean","value":true},{"id":"cee9a31b-781c-4835-a616-ceed73be22f2","from":"Input","name":"type","type":"String","value":"ByConversationTurn"},{"id":"69592622-4291-409d-9d65-9faea83db657","from":"Input","name":"value","type":"Integer","value":"3"}]}],"triggerMode":"auto"},"hideText":true,"backColor":"white","container":"elsa-page:tvp1s6","dashWidth":0,"deletable":false,"namespace":"flowable","autoHeight":true,"rotateAble":false,"borderColor":"rgba(28,31,35,.08)","borderWidth":1,"focusShadow":"0 0 1px rgba(0,0,0,.3),0 4px 14px rgba(0,0,0,.1)","runningTask":0,"triggerMode":"auto","warningTask":0,"cornerRadius":8,"completedTask":0,"componentName":"startComponent","focusBackColor":"white","enableAnimation":false,"outlineWidth":10,"outlineColor":"rgba(74,147,255,0.12)","mouseInBorderColor":"rgba(28,31,35,.08)"},{"x":275.7499999999999,"y":192.3571428571428,"id":"jade0pg2ag","pad":6,"bold":false,"text":"普通检索","type":"retrievalNodeState","dirty":true,"index":104,"width":360,"height":402,"italic":false,"shadow":"0 2px 4px 0 rgba(0,0,0,.1)","sourcePlatform":"official","flowMeta":{"jober":{"name":"","type":"general_jober","fitables":["modelengine.fit.jober.aipp.fitable.NaiveRAGComponent"],"converter":{"type":"mapping_converter","entity":{"inputParams":[{"id":"query_0ab55575-f21d-4b19-9676-57fcb4b0b783","from":"Reference","name":"query","type":"String","value":["Question"],"referenceId":"input_ae2ffd6e-2b9e-4e73-9d7f-0e661ec3dbdb","referenceKey":"Question","referenceNode":"jade6qm5eg"},{"id":"knowledge_01c41edd-a22b-4289-b1cf-8db835833261","from":"Expand","name":"knowledge","type":"Array","value":[]},{"id":"maximum_2da115cd-c1ce-485f-ba98-b4c995f3d6ff","from":"Input","name":"maximum","type":"Integer","value":3}],"outputParams":[{"id":"output_cd5cbe89-0d9f-4cf1-9e09-afb325576b84","from":"Expand","name":"output","type":"Object","value":[{"id":"5c9c6535-c127-445a-862a-966cf1083929","from":"Input","name":"retrievalOutput","type":"String","value":"String"}]}]}}},"triggerMode":"auto"},"hideText":true,"backColor":"white","container":"elsa-page:tvp1s6","dashWidth":0,"namespace":"flowable","autoHeight":true,"rotateAble":false,"borderColor":"rgba(28,31,35,.08)","borderWidth":1,"focusShadow":"0 0 1px rgba(0,0,0,.3),0 4px 14px rgba(0,0,0,.1)","runningTask":0,"triggerMode":"auto","warningTask":0,"cornerRadius":8,"completedTask":0,"componentName":"retrievalComponent","focusBackColor":"white","enableAnimation":false,"outlineWidth":10,"outlineColor":"rgba(74,147,255,0.12)","mouseInBorderColor":"rgba(28,31,35,.08)"},{"x":719.1428571428571,"y":-53.21428571428578,"id":"jadewdnjbq","pad":6,"bold":false,"text":"大模型","type":"llmNodeState","dirty":true,"index":105,"width":360,"height":892,"italic":false,"shadow":"0 2px 4px 0 rgba(0,0,0,.1)","sourcePlatform":"official","flowMeta":{"jober":{"name":"","type":"general_jober","isAsync":"true","fitables":["modelengine.fit.jober.aipp.fitable.LLMComponent"],"converter":{"type":"mapping_converter","entity":{"inputParams":[{"id":"6c414e75-971e-403a-b2b1-c6850f128cc4","from":"Input","name":"model","type":"String","value":"Qwen1.5-32B-Chat"},{"id":"db5fdafa-4cbf-44ba-9cca-8a98f1f771f4","from":"Input","name":"temperature","type":"Number","value":0.0},{"id":"88f74d78-4711-4f81-a2e7-74d0034c5e88","from":"Expand","name":"prompt","type":"Object","value":[{"id":"35a710cf-1b79-4523-b16f-b50878d677fe","from":"Input","name":"template","type":"String","value":"上下文信息：\n\n{{knowledge}}\n\n问题：{{query}}"},{"id":"38fb27a1-71f4-4fcc-87d5-9d8a880bc04d","from":"Expand","name":"variables","type":"Object","value":[{"id":"aeba7823-8d14-4750-9723-55265ae71c4e","from":"Reference","name":"knowledge","type":"String","value":["output","retrievalOutput"],"referenceId":"5c9c6535-c127-445a-862a-966cf1083929","referenceKey":"retrievalOutput","referenceNode":"jade0pg2ag"},{"id":"eee66922-4304-4209-89fc-b13ffa101630","from":"Reference","name":"query","type":"String","value":["Question"],"referenceId":"input_ae2ffd6e-2b9e-4e73-9d7f-0e661ec3dbdb","referenceKey":"Question","referenceNode":"jade6qm5eg"}]}]},{"id":"a6865419-867c-4bfb-855c-f5c1876c965a","from":"Expand","name":"tools","type":"Array","value":[]},{"id":"308e2023-a8e9-486e-9784-8680addbb786","from":"Expand","name":"workflows","type":"Array","value":[{"id":"303a2fce-13df-4dfc-a3ab-51323ee90cdb","from":"input","type":"String","value":"c04cee50-13e4-499b-a008-077459a2e552"}]},{"id":"68f92923-d5da-42ce-8478-d7ac7d90664e","from":"Input","name":"systemPrompt","type":"String","value":"## 角色\n你的名字叫示例应用，是基于ModelEngine开发的机器人。你擅长回答用户问题，也能够高效创建其他机器人。\n\n### 技能\n### 技能1：创建机器人\n当接收到创建机器人的任务时，调用**c04cee50-13e4-499b-a008-077459a2e552**工具创建机器人。\n\n### 技能2：回答用户问题\n当接收到用户问题时，按照以下步骤生成回复：\n1. 递归地将问题分解为更小的问题。\n2. 对于每个原子问题，从上下文和对话历史记录中选择最相关的信息。\n3. 使用所选信息生成回复草稿。\n4. 删除回复草稿中的重复内容。\n5. 在调整后生成最终答案，以提高准确性和相关性。\n6. 回复最终答案。\n\n### 限制\n1. 回答用户问题时，只需要回复最终答案。"}],"outputParams":[{"id":"95d84d67-3198-415e-a63c-bc9a2da8d821","from":"Expand","name":"output","type":"Object","value":[{"id":"272c927a-9e25-48b6-a921-6a8ab20267a4","from":"Input","name":"llmOutput","type":"String","value":"","description":""}]}]}}},"triggerMode":"auto"},"hideText":true,"backColor":"white","container":"elsa-page:tvp1s6","dashWidth":0,"namespace":"flowable","autoHeight":true,"rotateAble":false,"borderColor":"rgba(28,31,35,.08)","borderWidth":1,"focusShadow":"0 0 1px rgba(0,0,0,.3),0 4px 14px rgba(0,0,0,.1)","runningTask":0,"triggerMode":"auto","warningTask":0,"cornerRadius":8,"completedTask":0,"componentName":"llmComponent","focusBackColor":"white","enableAnimation":false,"outlineWidth":10,"outlineColor":"rgba(74,147,255,0.12)","mouseInBorderColor":"rgba(28,31,35,.08)"},{"x":1169.4642857142849,"y":306.4285714285713,"id":"jadesoux5i","pad":6,"bold":false,"text":"结束","type":"endNodeEnd","dirty":true,"index":106,"width":360,"height":214,"italic":false,"shadow":"0 2px 4px 0 rgba(0,0,0,.1)","sourcePlatform":"official","flowMeta":{"callback":{"name":"通知回调","type":"general_callback","fitables":["modelengine.fit.jober.aipp.fitable.AippFlowEndCallback"],"converter":{"type":"mapping_converter","entity":{"inputParams":[{"id":"ffad80c2-3f60-4d57-93b2-c2362a5dab9c","from":"Reference","name":"finalOutput","type":"String","value":["output","llmOutput"],"referenceId":"272c927a-9e25-48b6-a921-6a8ab20267a4","referenceKey":"llmOutput","referenceNode":"jadewdnjbq"}],"outputParams":[{}]}}},"triggerMode":"auto"},"hideText":true,"backColor":"white","container":"elsa-page:tvp1s6","dashWidth":0,"deletable":false,"namespace":"flowable","autoHeight":true,"rotateAble":false,"borderColor":"rgba(28,31,35,.08)","borderWidth":1,"focusShadow":"0 0 1px rgba(0,0,0,.3),0 4px 14px rgba(0,0,0,.1)","runningTask":0,"triggerMode":"auto","warningTask":0,"cornerRadius":8,"completedTask":0,"componentName":"endComponent","focusBackColor":"white","enableAnimation":false,"outlineWidth":10,"outlineColor":"rgba(74,147,255,0.12)","mouseInBorderColor":"rgba(28,31,35,.08)"}],"vAlign":"top","itemPad":[0,0,0,0],"division":-1,"dockMode":"none","fontFace":"arial","fontSize":18,"hideText":true,"moveable":true,"shapesAs":{},"backColor":"#fbfbfc","container":"elsa-page:tvp1s6","dockAlign":"top","fontColor":"#ECD0A7","fontStyle":"normal","itemSpace":5,"namespace":"jadeFlow","fontWeight":"bold","itemScroll":{"x":0,"y":0},"borderColor":"white","focusBackColor":"#fbfbfc"}],"title":"d14e513cadb84847b62e9d67b7d47a02","source":"elsa","tenant":"default","setting":{"pad":10,"tag":{},"code":"","pDock":"none","hAlign":"center","margin":25,"shadow":"","shared":false,"vAlign":"top","itemPad":[5,5,5,5],"visible":true,"autoText":false,"dockMode":"none","dragable":true,"editable":true,"fontFace":"arial","fontSize":12,"infoType":{"name":"none","next":"INFORMATION"},"moveable":true,"priority":0,"allowLink":true,"autoWidth":false,"backAlpha":0.15,"backColor":"whitesmoke","dashWidth":0,"deletable":true,"fontColor":"steelblue","fontStyle":"normal","headColor":"steelblue","lineWidth":2,"underline":false,"autoHeight":false,"emphasized":false,"fontWeight":"lighter","itemScroll":{"x":0,"y":0},"lineHeight":1.5,"resizeable":true,"rotateAble":true,"scrollLock":{"x":false,"y":false},"selectable":true,"shadowData":"2px 2px 4px","borderColor":"#047bfc","borderWidth":1,"bulletSpeed":1,"focusMargin":0,"focusShadow":"","globalAlpha":1,"outstanding":false,"bulletedList":false,"cornerRadius":4,"enableSocial":true,"mouseInColor":"orange","numberedList":false,"rotateDegree":0,"captionhAlign":"center","strikethrough":false,"focusBackColor":"whitesmoke","focusFontColor":"darkorange","progressStatus":{"name":"NONE","next":"UNKNOWN","color":"gray"},"showedProgress":false,"captionfontFace":"arial black","captionfontSize":14,"enableAnimation":false,"progressPercent":0.65,"captionfontColor":"whitesmoke","captionfontStyle":"normal","focusBorderColor":"#047bfc","focusBorderWidth":1,"outlineWidth":10,"outlineColor":"rgba(74,147,255,0.12)","mouseInBackColor":"whitesmoke","mouseInFontColor":"orange","captionfontWeight":"lighter","captionlineHeight":1,"mouseInBorderColor":"#047bfc"},"flowMeta":{"enableOutputScope":true,"exceptionFitables":["modelengine.fit.jober.aipp.fitable.AippFlowExceptionHandler","modelengine.fit.jober.fitable.FlowInfoException"],"callback":{"fitables":["modelengine.fit.jober.fitable.FlowInfoCallback"],"name":"通知回调","type":"general_callback"}},"enableText":false}');
INSERT INTO `app_builder_flow_graph` (id, name, create_by, create_at, update_by, update_at, appearance)
VALUES ('beefffd1168b4785a71f149a2a530d2f', 'tool模板', 'modelengine.jade', '2024-05-24 18:29:55.572',
        'modelengine.jade',
        '2024-05-24 18:34:46.521',
        '{"id":"beefffd1168b4785a71f149a2a530d2f","type":"jadeFlowGraph","pages":[{"x":176.21031746031747,"y":-46.488095238095184,"id":"elsa-page:tvp1s6","bold":false,"mode":"configuration","text":"newFlowPage","type":"jadeFlowPage","dirty":true,"index":0,"width":1600,"hAlign":"left","height":800,"isPage":true,"italic":false,"scaleX":0.8,"scaleY":0.8,"shapes":[{"x":-145.8928571428571,"y":230,"id":"jade6qm5eg","pad":6,"bold":false,"text":"开始","type":"startNodeStart","dirty":true,"index":101,"width":360,"height":528,"italic":false,"shadow":"0 2px 4px 0 rgba(0,0,0,.1)","sourcePlatform":"official","flowMeta":{"inputParams":[{"id":"91138f09-b635-43df-95c6-1fe3d1745829","from":"Expand","name":"input","type":"Object","value":[{"id":"input_ae2ffd6e-2b9e-4e73-9d7f-0e661ec3dbdb","from":"Input","name":"query","type":"String","value":"","description":"用户问题。"}],"config":[{"allowAdd":true}]},{"id":"4a770dc6-e3c9-475d-84c7-48dacc74a5b6","from":"Expand","name":"memory","type":"Object","value":[{"id":"a7675623-7fc7-468c-8910-e73c70e5e468","from":"Input","name":"memorySwitch","type":"Boolean","value":false},{"id":"cee9a31b-781c-4835-a616-ceed73be22f2","from":"Input","name":"type","type":"String","value":"ByConversationTurn"},{"id":"69592622-4291-409d-9d65-9faea83db657","from":"Input","name":"value","type":"Integer","value":"3"}]}],"triggerMode":"auto"},"hideText":true,"backColor":"white","container":"elsa-page:tvp1s6","dashWidth":0,"deletable":false,"namespace":"flowable","autoHeight":true,"rotateAble":false,"borderColor":"rgba(28,31,35,.08)","borderWidth":1,"focusShadow":"0 0 1px rgba(0,0,0,.3),0 4px 14px rgba(0,0,0,.1)","runningTask":0,"triggerMode":"auto","warningTask":0,"cornerRadius":8,"completedTask":0,"componentName":"startComponent","focusBackColor":"white","enableAnimation":false,"outlineWidth":10,"outlineColor":"rgba(74,147,255,0.12)","mouseInBorderColor":"rgba(28,31,35,.08)"},{"x":2334.464285714285,"y":378.9285714285713,"id":"jadesoux5i","pad":6,"bold":false,"text":"财经问答结束","type":"endNodeEnd","dirty":true,"index":102,"width":360,"height":214,"italic":false,"shadow":"0 2px 4px 0 rgba(0,0,0,.1)","sourcePlatform":"official","flowMeta":{"callback":{"name":"通知回调","type":"general_callback","fitables":["modelengine.fit.jober.aipp.fitable.AippFlowEndCallback"],"converter":{"type":"mapping_converter","entity":{"inputParams":[{"id":"ffad80c2-3f60-4d57-93b2-c2362a5dab9c","from":"Reference","name":"finalOutput","type":"String","value":["output"],"referenceId":"output_fc952038-1a14-442b-bd78-8515e69449fa","referenceKey":"output","referenceNode":"jadecoarmv"}],"outputParams":[{}]}}},"triggerMode":"auto"},"hideText":true,"backColor":"white","container":"elsa-page:tvp1s6","dashWidth":0,"deletable":false,"namespace":"flowable","autoHeight":true,"rotateAble":false,"borderColor":"rgba(28,31,35,.08)","borderWidth":1,"focusShadow":"0 0 1px rgba(0,0,0,.3),0 4px 14px rgba(0,0,0,.1)","runningTask":0,"triggerMode":"auto","warningTask":0,"cornerRadius":8,"completedTask":0,"componentName":"endComponent","focusBackColor":"white","enableAnimation":false,"outlineWidth":10,"outlineColor":"rgba(74,147,255,0.12)","mouseInBorderColor":"rgba(28,31,35,.08)"},{"x":291.28968253968253,"y":366.4880952380952,"id":"jade3axbnw","pad":6,"bold":false,"text":"问题路由","type":"toolInvokeNodeState","dirty":true,"index":102,"width":360,"height":259,"italic":false,"shadow":"0 2px 4px 0 rgba(0,0,0,.1)","sourcePlatform":"official","flowMeta":{"jober":{"name":"","type":"STORE_JOBER","entity":{"params":[{"name":"query"}],"return":{"type":"object"},"uniqueName":"c6c2d272-90e5-4c06-b8fa-5d94930b7532"},"fitables":[],"converter":{"type":"mapping_converter","entity":{"inputParams":[{"id":"query_c958c2fd-b97e-481f-8cff-55e7d8564d5d","from":"Reference","name":"query","type":"String","value":["query"],"referenceId":"input_ae2ffd6e-2b9e-4e73-9d7f-0e661ec3dbdb","referenceKey":"query","referenceNode":"jade6qm5eg"}],"outputParams":[{"id":"output_2d3a958f-ac5c-413f-bf27-e39425597f72","name":"output","type":"Object","value":[{"id":"b290d85f-2c2e-426d-9789-1ffbdd492a2b","name":"result","type":"String","value":"String"},{"id":"4b5ec0f1-33e5-4bb4-bf83-df410be25b14","name":"matched","type":"Boolean","value":"Boolean"},{"id":"92a77575-7d95-4e51-ab3b-7ce14385b2d4","name":"completeQuery","type":"String","value":"String"}]}]}}},"triggerMode":"auto"},"hideText":true,"backColor":"white","container":"elsa-page:tvp1s6","dashWidth":0,"namespace":"flowable","autoHeight":true,"rotateAble":false,"borderColor":"rgba(28,31,35,.08)","borderWidth":1,"focusShadow":"0 0 1px rgba(0,0,0,.3),0 4px 14px rgba(0,0,0,.1)","runningTask":0,"triggerMode":"auto","warningTask":0,"cornerRadius":8,"completedTask":0,"componentName":"toolInvokeComponent","focusBackColor":"white","enableAnimation":false,"outlineWidth":10,"outlineColor":"rgba(74,147,255,0.12)","mouseInBorderColor":"rgba(28,31,35,.08)"},{"x":1868.7896825396824,"y":343.9880952380952,"id":"jadecoarmv","pad":6,"bold":false,"text":"结果生成","type":"toolInvokeNodeState","dirty":true,"index":103,"width":360,"height":304,"italic":false,"shadow":"0 2px 4px 0 rgba(0,0,0,.1)","sourcePlatform":"official","flowMeta":{"jober":{"name":"","type":"STORE_JOBER","entity":{"params":[{"name":"condition"},{"name":"query"}],"return":{"type":"string"},"uniqueName":"24474301-937a-4335-a155-1e86d1a48de0"},"fitables":[],"converter":{"type":"mapping_converter","entity":{"inputParams":[{"id":"condition_b63e38ea-b27e-4895-b2d8-de84384fae2e","from":"Reference","name":"condition","type":"String","value":["output","llmOutput"],"referenceId":"8e900cd6-d151-402b-b6b2-194790edf467","referenceKey":"llmOutput","referenceNode":"jade5wc1ee"},{"id":"query_88827f8c-a610-46b7-8b50-4531bb87763f","from":"Reference","name":"query","type":"String","value":["query"],"referenceId":"input_ae2ffd6e-2b9e-4e73-9d7f-0e661ec3dbdb","referenceKey":"query","referenceNode":"jade6qm5eg"}],"outputParams":[{"id":"output_fc952038-1a14-442b-bd78-8515e69449fa","name":"output","type":"String","value":[]}]}}},"triggerMode":"auto"},"hideText":true,"backColor":"white","container":"elsa-page:tvp1s6","dashWidth":0,"namespace":"flowable","autoHeight":true,"rotateAble":false,"borderColor":"rgba(28,31,35,.08)","borderWidth":1,"focusShadow":"0 0 1px rgba(0,0,0,.3),0 4px 14px rgba(0,0,0,.1)","runningTask":0,"triggerMode":"auto","warningTask":0,"cornerRadius":8,"completedTask":0,"componentName":"toolInvokeComponent","focusBackColor":"white","enableAnimation":false,"outlineWidth":10,"outlineColor":"rgba(74,147,255,0.12)","mouseInBorderColor":"rgba(28,31,35,.08)"},{"x":726.2896825396825,"y":317.7380952380952,"id":"jadelh4543","pad":6,"bold":false,"text":"条件","type":"conditionNodeCondition","dirty":true,"index":104,"width":600,"height":357,"italic":false,"shadow":"0 2px 4px 0 rgba(0,0,0,.1)","sourcePlatform":"official","flowMeta":{"triggerMode":"auto","conditionParams":{"branches":[{"id":"ad2e05b6-593a-4d86-81e0-1b1b504c2795","type":"if","conditions":[{"id":"5d96df3a-5192-4de8-9743-63cf9f0259ec","value":[{"id":"3fc094bc-8496-4e7e-a940-97b092d7e67d","from":"Reference","name":"left","type":"Boolean","value":["output","matched"],"referenceId":"4b5ec0f1-33e5-4bb4-bf83-df410be25b14","referenceKey":"matched","referenceNode":"jade3axbnw"},{"id":"f770e6fe-a612-4fb8-8c40-d51bcef05baf","from":"Reference","name":"right","type":"","value":"","referenceId":"","referenceKey":"","referenceNode":""}],"condition":"is true"}],"conditionRelation":"and"}]}},"hideText":true,"backColor":"white","container":"elsa-page:tvp1s6","dashWidth":0,"namespace":"flowable","autoHeight":true,"rotateAble":false,"borderColor":"rgba(28,31,35,.08)","borderWidth":1,"focusShadow":"0 0 1px rgba(0,0,0,.3),0 4px 14px rgba(0,0,0,.1)","runningTask":0,"triggerMode":"auto","warningTask":0,"cornerRadius":8,"completedTask":0,"componentName":"conditionComponent","focusBackColor":"white","enableAnimation":false,"outlineWidth":10,"outlineColor":"rgba(74,147,255,0.12)","mouseInBorderColor":"rgba(28,31,35,.08)"},{"x":1405.0396825396824,"y":56.488095238095184,"id":"jade5wc1ee","pad":6,"bold":false,"text":"财经问题专属模型","type":"llmNodeState","dirty":true,"index":105,"width":360,"height":851,"italic":false,"shadow":"0 2px 4px 0 rgba(0,0,0,.1)","sourcePlatform":"official","flowMeta":{"jober":{"name":"","type":"general_jober","isAsync":"true","fitables":["modelengine.fit.jober.aipp.fitable.LLMComponent"],"converter":{"type":"mapping_converter","entity":{"inputParams":[{"id":"c490ace3-472c-4c95-bf29-760982f62c64","from":"Input","name":"model","type":"String","value":"Qwen-72B"},{"id":"c1ea0b9c-97c9-466e-bd42-b0eb6046dc3a","from":"Input","name":"temperature","type":"Number","value":"0"},{"id":"89cda9b5-f975-42ba-a426-a83a6cbdddb3","from":"Expand","name":"prompt","type":"Object","value":[{"id":"12fe982a-0fbd-4461-a159-51e09de31dc0","from":"Input","name":"template","type":"String","value":"{{query}}"},{"id":"6e78da7c-3d62-4df8-98cf-310b06691a4e","from":"Expand","name":"variables","type":"Object","value":[{"id":"1ec181db-eed1-4089-a580-f656de258322","from":"Reference","name":"query","type":"String","value":["output","result"],"referenceId":"b290d85f-2c2e-426d-9789-1ffbdd492a2b","referenceKey":"result","referenceNode":"jade3axbnw"}]}]},{"id":"a5f228f5-167e-4fbc-8114-69bcd9c76a4c","from":"Expand","name":"tools","type":"Array","value":[]},{"id":"f548ab63-9add-4053-a3a6-cb7682c362af","from":"Expand","name":"workflows","type":"Array","value":[]},{"id":"4ff72b6e-18b8-430c-a509-d1bf8a53bbe5","from":"Input","name":"systemPrompt","type":"String","value":""}],"outputParams":[{"id":"8cc96b96-765d-4f13-ba10-d9dff76a2615","from":"Expand","name":"output","type":"Object","value":[{"id":"8e900cd6-d151-402b-b6b2-194790edf467","from":"Input","name":"llmOutput","type":"String","value":"","description":""}]}]}}},"triggerMode":"auto"},"hideText":true,"backColor":"white","container":"elsa-page:tvp1s6","dashWidth":0,"namespace":"flowable","autoHeight":true,"rotateAble":false,"borderColor":"rgba(28,31,35,.08)","borderWidth":1,"focusShadow":"0 0 1px rgba(0,0,0,.3),0 4px 14px rgba(0,0,0,.1)","runningTask":0,"triggerMode":"auto","warningTask":0,"cornerRadius":8,"completedTask":0,"componentName":"llmComponent","focusBackColor":"white","enableAnimation":false,"outlineWidth":10,"outlineColor":"rgba(74,147,255,0.12)","mouseInBorderColor":"rgba(28,31,35,.08)"},{"x":1410.0396825396824,"y":1000.2380952380952,"id":"jaded1ufou","pad":6,"bold":false,"text":"普通问答模型","type":"llmNodeState","dirty":true,"index":106,"width":360,"height":851,"italic":false,"shadow":"0 2px 4px 0 rgba(0,0,0,.1)","sourcePlatform":"official","flowMeta":{"jober":{"name":"","type":"general_jober","isAsync":"true","fitables":["modelengine.fit.jober.aipp.fitable.LLMComponent"],"converter":{"type":"mapping_converter","entity":{"inputParams":[{"id":"f9586db3-72f9-4d33-9f01-893bbfa61277","from":"Input","name":"model","type":"String","value":"Qwen1.5-32B-Chat"},{"id":"e0b992c2-739a-43b1-9cbc-b6747eb7592f","from":"Input","name":"temperature","type":"Number","value":"0.3"},{"id":"95ba86be-5c03-4258-b5ce-32b0eae17b5c","from":"Expand","name":"prompt","type":"Object","value":[{"id":"123d6c59-c525-4100-a66b-72b1a2c4e625","from":"Input","name":"template","type":"String","value":"{{query}}"},{"id":"892b3e12-2895-4e79-b668-5d6a6bd79fe6","from":"Expand","name":"variables","type":"Object","value":[{"id":"c779f80b-c15f-416d-ad1b-6628cb24fe8c","from":"Reference","name":"query","type":"String","value":["query"],"referenceId":"input_ae2ffd6e-2b9e-4e73-9d7f-0e661ec3dbdb","referenceKey":"query","referenceNode":"jade6qm5eg"}]}]},{"id":"a4e83ae4-4f4b-4407-a2bc-a9570886329e","from":"Expand","name":"tools","type":"Array","value":[]},{"id":"08297d4d-4f38-44c0-b049-638a2008a884","from":"Expand","name":"workflows","type":"Array","value":[]},{"id":"f4fd8b0a-aeaf-47e2-8914-5501ba5bb4b1","from":"Input","name":"systemPrompt","type":"String","value":""}],"outputParams":[{"id":"9024f034-bacc-4ac0-812f-e270fa6997b9","from":"Expand","name":"output","type":"Object","value":[{"id":"6f0fdf98-24ee-4ef0-bd62-9d4f1b1cb6ac","from":"Input","name":"llmOutput","type":"String","value":"","description":""}]}]}}},"triggerMode":"auto"},"hideText":true,"backColor":"white","container":"elsa-page:tvp1s6","dashWidth":0,"namespace":"flowable","autoHeight":true,"rotateAble":false,"borderColor":"rgba(28,31,35,.08)","borderWidth":1,"focusShadow":"0 0 1px rgba(0,0,0,.3),0 4px 14px rgba(0,0,0,.1)","runningTask":0,"triggerMode":"auto","warningTask":0,"cornerRadius":8,"completedTask":0,"componentName":"llmComponent","focusBackColor":"white","enableAnimation":false,"outlineWidth":10,"outlineColor":"rgba(74,147,255,0.12)","mouseInBorderColor":"rgba(28,31,35,.08)"},{"x":1901.2896825396824,"y":1336.4880952380952,"id":"jadela7k5y","pad":6,"bold":false,"text":"普通问答结束","type":"endNodeEnd","dirty":true,"index":107,"width":360,"height":214,"italic":false,"shadow":"0 2px 4px 0 rgba(0,0,0,.1)","sourcePlatform":"official","flowMeta":{"callback":{"name":"通知回调","type":"general_callback","fitables":["modelengine.fit.jober.aipp.fitable.AippFlowEndCallback"],"converter":{"type":"mapping_converter","entity":{"inputParams":[{"id":"e09784cb-3ae9-4581-aa63-1b83f09fd7ed","from":"Reference","name":"finalOutput","type":"String","value":["output","llmOutput"],"referenceId":"6f0fdf98-24ee-4ef0-bd62-9d4f1b1cb6ac","referenceKey":"llmOutput","referenceNode":"jaded1ufou"}],"outputParams":[{}]}}},"triggerMode":"auto"},"hideText":true,"backColor":"white","container":"elsa-page:tvp1s6","dashWidth":0,"namespace":"flowable","autoHeight":true,"rotateAble":false,"borderColor":"rgba(28,31,35,.08)","borderWidth":1,"focusShadow":"0 0 1px rgba(0,0,0,.3),0 4px 14px rgba(0,0,0,.1)","runningTask":0,"triggerMode":"auto","warningTask":0,"cornerRadius":8,"completedTask":0,"componentName":"endComponent","focusBackColor":"white","enableAnimation":false,"outlineWidth":10,"outlineColor":"rgba(74,147,255,0.12)","mouseInBorderColor":"rgba(28,31,35,.08)"},{"x":214.1071428571429,"y":494,"id":"4iyvh1","pad":0,"bold":false,"text":"","type":"jadeEvent","dirty":true,"index":-92,"textX":0,"textY":0,"width":77.18253968253964,"hAlign":"center","height":1.988095238095184,"italic":false,"margin":20,"toShape":"jade3axbnw","endArrow":true,"hideText":true,"lineMode":{"type":"auto_curve"},"allowLink":false,"backColor":"white","container":"elsa-page:tvp1s6","fromShape":"jade6qm5eg","lineWidth":2,"namespace":"flowable","beginArrow":false,"borderColor":"#B1B1B7","borderWidth":1,"curvePoint1":{"x":0,"y":0},"curvePoint2":{"x":0,"y":0},"brokenPoints":[],"endArrowSize":4,"arrowEndPoint":{"x":0,"y":0},"endArrowEmpty":false,"beginArrowSize":4,"arrowBeginPoint":{"x":0,"y":0},"beginArrowEmpty":false,"definedToConnector":"W","mouseInBorderColor":"#B1B1B7","allowSwitchLineMode":false,"definedFromConnector":"E"},{"x":651.2896825396825,"y":495.9880952380952,"id":"6rh9x7","pad":0,"bold":false,"text":"","type":"jadeEvent","dirty":true,"index":-91,"textX":0,"textY":0,"width":75,"hAlign":"center","height":0.25,"italic":false,"margin":20,"toShape":"jadelh4543","endArrow":true,"hideText":true,"lineMode":{"type":"auto_curve"},"allowLink":false,"backColor":"white","container":"elsa-page:tvp1s6","fromShape":"jade3axbnw","lineWidth":2,"namespace":"flowable","beginArrow":false,"borderColor":"#B1B1B7","borderWidth":1,"curvePoint1":{"x":0,"y":0},"curvePoint2":{"x":0,"y":0},"brokenPoints":[],"endArrowSize":4,"arrowEndPoint":{"x":0,"y":0},"endArrowEmpty":false,"beginArrowSize":4,"arrowBeginPoint":{"x":0,"y":0},"beginArrowEmpty":false,"definedToConnector":"W","mouseInBorderColor":"#B1B1B7","allowSwitchLineMode":false,"definedFromConnector":"E"},{"x":1313.2897283160496,"y":512.7380952380952,"id":"vosd6p","pad":0,"bold":false,"text":"","type":"jadeEvent","dirty":true,"index":-90,"textX":0,"textY":0,"width":91.74995422363281,"hAlign":"center","height":-30.75,"italic":false,"margin":20,"toShape":"jade5wc1ee","endArrow":true,"hideText":true,"lineMode":{"type":"auto_curve"},"allowLink":false,"backColor":"white","container":"elsa-page:tvp1s6","fromShape":"jadelh4543","lineWidth":2,"namespace":"flowable","beginArrow":false,"borderColor":"#B1B1B7","borderWidth":1,"curvePoint1":{"x":0,"y":0},"curvePoint2":{"x":0,"y":0},"brokenPoints":[],"endArrowSize":4,"arrowEndPoint":{"x":0,"y":0},"endArrowEmpty":false,"beginArrowSize":4,"arrowBeginPoint":{"x":0,"y":0},"beginArrowEmpty":false,"definedToConnector":"W","mouseInBorderColor":"#B1B1B7","allowSwitchLineMode":false,"definedFromConnector":"dynamic-0"},{"x":1765.0396825396824,"y":481.9880952380952,"id":"4qny17","pad":0,"bold":false,"text":"","type":"jadeEvent","dirty":true,"index":-89,"textX":0,"textY":0,"width":103.75,"hAlign":"center","height":14,"italic":false,"margin":20,"toShape":"jadecoarmv","endArrow":true,"hideText":true,"lineMode":{"type":"auto_curve"},"allowLink":false,"backColor":"white","container":"elsa-page:tvp1s6","fromShape":"jade5wc1ee","lineWidth":2,"namespace":"flowable","beginArrow":false,"borderColor":"#B1B1B7","borderWidth":1,"curvePoint1":{"x":0,"y":0},"curvePoint2":{"x":0,"y":0},"brokenPoints":[],"endArrowSize":4,"arrowEndPoint":{"x":0,"y":0},"endArrowEmpty":false,"beginArrowSize":4,"arrowBeginPoint":{"x":0,"y":0},"beginArrowEmpty":false,"definedToConnector":"W","mouseInBorderColor":"#B1B1B7","allowSwitchLineMode":false,"definedFromConnector":"E"},{"x":2228.7896825396824,"y":495.9880952380952,"id":"0vxnrc","pad":0,"bold":false,"text":"","type":"jadeEvent","dirty":true,"index":-88,"textX":0,"textY":0,"width":105.67460317460245,"hAlign":"center","height":-10.05952380952391,"italic":false,"margin":20,"toShape":"jadesoux5i","endArrow":true,"hideText":true,"lineMode":{"type":"auto_curve"},"allowLink":false,"backColor":"white","container":"elsa-page:tvp1s6","fromShape":"jadecoarmv","lineWidth":2,"namespace":"flowable","beginArrow":false,"borderColor":"#B1B1B7","borderWidth":1,"curvePoint1":{"x":0,"y":0},"curvePoint2":{"x":0,"y":0},"brokenPoints":[],"endArrowSize":4,"arrowEndPoint":{"x":0,"y":0},"endArrowEmpty":false,"beginArrowSize":4,"arrowBeginPoint":{"x":0,"y":0},"beginArrowEmpty":false,"definedToConnector":"W","mouseInBorderColor":"#B1B1B7","allowSwitchLineMode":false,"definedFromConnector":"E"},{"x":1313.2897283160496,"y":632.1599778674897,"id":"v3a2mn","pad":0,"bold":false,"text":"","type":"jadeEvent","dirty":true,"index":-87,"textX":0,"textY":0,"width":96.74995422363281,"hAlign":"center","height":793.5781173706055,"italic":false,"margin":20,"toShape":"jaded1ufou","endArrow":true,"hideText":true,"lineMode":{"type":"auto_curve"},"allowLink":false,"backColor":"white","container":"elsa-page:tvp1s6","fromShape":"jadelh4543","lineWidth":2,"namespace":"flowable","beginArrow":false,"borderColor":"#B1B1B7","borderWidth":1,"curvePoint1":{"x":0,"y":0},"curvePoint2":{"x":0,"y":0},"brokenPoints":[],"endArrowSize":4,"arrowEndPoint":{"x":0,"y":0},"endArrowEmpty":false,"beginArrowSize":4,"arrowBeginPoint":{"x":0,"y":0},"beginArrowEmpty":false,"definedToConnector":"W","mouseInBorderColor":"#B1B1B7","allowSwitchLineMode":false,"definedFromConnector":"dynamic-2"},{"x":1770.0396825396824,"y":1425.7380952380952,"id":"fv8h4v","pad":0,"bold":false,"text":"","type":"jadeEvent","dirty":true,"index":-86,"textX":0,"textY":0,"width":131.25,"hAlign":"center","height":17.75,"italic":false,"margin":20,"toShape":"jadela7k5y","endArrow":true,"hideText":true,"lineMode":{"type":"auto_curve"},"allowLink":false,"backColor":"white","container":"elsa-page:tvp1s6","fromShape":"jaded1ufou","lineWidth":2,"namespace":"flowable","beginArrow":false,"borderColor":"#B1B1B7","borderWidth":1,"curvePoint1":{"x":0,"y":0},"curvePoint2":{"x":0,"y":0},"brokenPoints":[],"endArrowSize":4,"arrowEndPoint":{"x":0,"y":0},"endArrowEmpty":false,"beginArrowSize":4,"arrowBeginPoint":{"x":0,"y":0},"beginArrowEmpty":false,"definedToConnector":"W","mouseInBorderColor":"#B1B1B7","allowSwitchLineMode":false,"definedFromConnector":"E"}],"vAlign":"top","itemPad":[0,0,0,0],"division":-1,"dockMode":"none","fontFace":"arial","fontSize":18,"hideText":true,"moveable":true,"shapesAs":{},"backColor":"#fbfbfc","container":"elsa-page:tvp1s6","dockAlign":"top","fontColor":"#ECD0A7","fontStyle":"normal","itemSpace":5,"namespace":"jadeFlow","fontWeight":"bold","itemScroll":{"x":0,"y":0},"borderColor":"white","focusBackColor":"#fbfbfc"}],"title":"beefffd1168b4785a71f149a2a530d2f","source":"elsa","tenant":"default","setting":{"pad":10,"tag":{},"code":"","pDock":"none","hAlign":"center","margin":25,"shadow":"","shared":false,"vAlign":"top","itemPad":[5,5,5,5],"visible":true,"autoText":false,"dockMode":"none","dragable":true,"editable":true,"fontFace":"arial","fontSize":12,"infoType":{"name":"none","next":"INFORMATION"},"moveable":true,"priority":0,"allowLink":true,"autoWidth":false,"backAlpha":0.15,"backColor":"whitesmoke","dashWidth":0,"deletable":true,"fontColor":"steelblue","fontStyle":"normal","headColor":"steelblue","lineWidth":2,"underline":false,"autoHeight":false,"emphasized":false,"fontWeight":"lighter","itemScroll":{"x":0,"y":0},"lineHeight":1.5,"resizeable":true,"rotateAble":true,"scrollLock":{"x":false,"y":false},"selectable":true,"shadowData":"2px 2px 4px","borderColor":"#047bfc","borderWidth":1,"bulletSpeed":1,"focusMargin":0,"focusShadow":"","globalAlpha":1,"outstanding":false,"bulletedList":false,"cornerRadius":4,"enableSocial":true,"mouseInColor":"orange","numberedList":false,"rotateDegree":0,"captionhAlign":"center","strikethrough":false,"focusBackColor":"whitesmoke","focusFontColor":"darkorange","progressStatus":{"name":"NONE","next":"UNKNOWN","color":"gray"},"showedProgress":false,"captionfontFace":"arial black","captionfontSize":14,"enableAnimation":false,"progressPercent":0.65,"captionfontColor":"whitesmoke","captionfontStyle":"normal","focusBorderColor":"#047bfc","focusBorderWidth":1,"outlineWidth":10,"outlineColor":"rgba(74,147,255,0.12)","mouseInBackColor":"whitesmoke","mouseInFontColor":"orange","captionfontWeight":"lighter","captionlineHeight":1,"mouseInBorderColor":"#047bfc"},"flowMeta":{"enableOutputScope":true,"exceptionFitables":["modelengine.fit.jober.aipp.fitable.AippFlowExceptionHandler","modelengine.fit.jober.fitable.FlowInfoException"],"callback":{"fitables":["modelengine.fit.jober.fitable.FlowInfoCallback"],"name":"通知回调","type":"general_callback"}},"enableText":false}');
INSERT INTO `app_builder_flow_graph` (id, name, create_by, create_at, update_by, update_at, appearance)
VALUES ('b2ecde0b919841f5867d2e89bb46095c', 'LLM模板', 'modelengine.jade', '2024-05-24 18:29:52.043',
        'modelengine.jade',
        '2024-05-24 18:40:48.545',
        '{"id":"b2ecde0b919841f5867d2e89bb46095c","type":"jadeFlowGraph","pages":[{"x":297.46031746031747,"y":121.01190476190482,"id":"elsa-page:tvp1s6","bold":false,"mode":"configuration","text":"newFlowPage","type":"jadeFlowPage","dirty":false,"index":0,"width":1600,"hAlign":"left","height":800,"isPage":true,"italic":false,"scaleX":0.8,"scaleY":0.8,"shapes":[{"x":189.1071428571429,"y":296.5,"id":"jade2zanyx","pad":0,"bold":false,"text":"","type":"jadeEvent","dirty":true,"index":-100,"textX":0,"textY":0,"width":86.642857142857,"hAlign":"center","height":96.85714285714278,"italic":false,"margin":20,"toShape":"jade0pg2ag","endArrow":true,"hideText":true,"lineMode":{"type":"auto_curve"},"allowLink":false,"backColor":"white","container":"elsa-page:tvp1s6","fromShape":"jade6qm5eg","lineWidth":2,"namespace":"flowable","beginArrow":false,"borderColor":"#B1B1B7","borderWidth":1,"curvePoint1":{"x":0,"y":0},"curvePoint2":{"x":0,"y":0},"brokenPoints":[{"x":50,"y":0},{"x":50,"y":80}],"endArrowSize":4,"arrowEndPoint":{"x":96,"y":80,"direction":{"ax":"x","key":"W","color":"whitesmoke","value":"W","cursor":"ew-resize","vector":-1}},"endArrowEmpty":false,"beginArrowSize":4,"arrowBeginPoint":{"x":0,"y":0,"direction":{"ax":"x","key":"E","color":"whitesmoke","value":"E","cursor":"ew-resize","vector":1}},"beginArrowEmpty":false,"definedToConnector":"W","mouseInBorderColor":"#B1B1B7","allowSwitchLineMode":false,"definedFromConnector":"E"},{"x":635.7499999999999,"y":393.3571428571428,"id":"jade5c5urs","pad":0,"bold":false,"text":"","type":"jadeEvent","dirty":true,"index":-99,"textX":0,"textY":0,"width":83.39285714285722,"hAlign":"center","height":-0.5714285714285552,"italic":false,"margin":20,"toShape":"jadewdnjbq","endArrow":true,"hideText":true,"lineMode":{"type":"auto_curve"},"allowLink":false,"backColor":"white","container":"elsa-page:tvp1s6","fromShape":"jade0pg2ag","lineWidth":2,"namespace":"flowable","beginArrow":false,"borderColor":"#B1B1B7","borderWidth":1,"curvePoint1":{"x":0,"y":0},"curvePoint2":{"x":0,"y":0},"brokenPoints":[{"x":50,"y":0},{"x":50,"y":80}],"endArrowSize":4,"arrowEndPoint":{"x":96,"y":80,"direction":{"ax":"x","key":"W","color":"whitesmoke","value":"W","cursor":"ew-resize","vector":-1}},"endArrowEmpty":false,"beginArrowSize":4,"arrowBeginPoint":{"x":0,"y":0,"direction":{"ax":"x","key":"E","color":"whitesmoke","value":"E","cursor":"ew-resize","vector":1}},"beginArrowEmpty":false,"definedToConnector":"W","mouseInBorderColor":"#B1B1B7","allowSwitchLineMode":false,"definedFromConnector":"E"},{"x":1079.142857142857,"y":392.7857142857142,"id":"jade1p0cdu","pad":0,"bold":false,"text":"","type":"jadeEvent","dirty":true,"index":-98,"textX":0,"textY":0,"width":90.32142857142776,"hAlign":"center","height":20.642857142857054,"italic":false,"margin":20,"toShape":"jadesoux5i","endArrow":true,"hideText":true,"lineMode":{"type":"auto_curve"},"allowLink":false,"backColor":"white","container":"elsa-page:tvp1s6","fromShape":"jadewdnjbq","lineWidth":2,"namespace":"flowable","beginArrow":false,"borderColor":"#B1B1B7","borderWidth":1,"curvePoint1":{"x":0,"y":0},"curvePoint2":{"x":0,"y":0},"brokenPoints":[{"x":50,"y":0},{"x":50,"y":80}],"endArrowSize":4,"arrowEndPoint":{"x":96,"y":80,"direction":{"ax":"x","key":"W","color":"whitesmoke","value":"W","cursor":"ew-resize","vector":-1}},"endArrowEmpty":false,"beginArrowSize":4,"arrowBeginPoint":{"x":0,"y":0,"direction":{"ax":"x","key":"E","color":"whitesmoke","value":"E","cursor":"ew-resize","vector":1}},"beginArrowEmpty":false,"definedToConnector":"W","mouseInBorderColor":"#B1B1B7","allowSwitchLineMode":false,"definedFromConnector":"E"},{"x":-170.8928571428571,"y":32.5,"id":"jade6qm5eg","pad":6,"bold":false,"text":"开始","type":"startNodeStart","dirty":true,"index":103,"width":360,"height":528,"italic":false,"shadow":"0 2px 4px 0 rgba(0,0,0,.1)","sourcePlatform":"official","flowMeta":{"inputParams":[{"id":"91138f09-b635-43df-95c6-1fe3d1745829","from":"Expand","name":"input","type":"Object","value":[{"id":"input_ae2ffd6e-2b9e-4e73-9d7f-0e661ec3dbdb","from":"Input","name":"Question","type":"String","value":"","description":"这是用户输入的问题","disableModifiable":true}]},{"id":"4a770dc6-e3c9-475d-84c7-48dacc74a5b6","from":"Expand","name":"memory","type":"Object","value":[{"id":"a7675623-7fc7-468c-8910-e73c70e5e468","from":"Input","name":"memorySwitch","type":"Boolean","value":false},{"id":"cee9a31b-781c-4835-a616-ceed73be22f2","from":"Input","name":"type","type":"String","value":"ByConversationTurn"},{"id":"69592622-4291-409d-9d65-9faea83db657","from":"Input","name":"value","type":"Integer","value":"3"}]}],"triggerMode":"auto"},"hideText":true,"backColor":"white","container":"elsa-page:tvp1s6","dashWidth":0,"deletable":false,"namespace":"flowable","autoHeight":true,"rotateAble":false,"borderColor":"rgba(28,31,35,.08)","borderWidth":1,"focusShadow":"0 0 1px rgba(0,0,0,.3),0 4px 14px rgba(0,0,0,.1)","runningTask":0,"triggerMode":"auto","warningTask":0,"cornerRadius":8,"completedTask":0,"componentName":"startComponent","focusBackColor":"white","enableAnimation":false,"outlineWidth":10,"outlineColor":"rgba(74,147,255,0.12)","mouseInBorderColor":"rgba(28,31,35,.08)"},{"x":275.7499999999999,"y":192.3571428571428,"id":"jade0pg2ag","pad":6,"bold":false,"text":"普通检索","type":"retrievalNodeState","dirty":true,"index":104,"width":360,"height":402,"italic":false,"shadow":"0 2px 4px 0 rgba(0,0,0,.1)","sourcePlatform":"official","flowMeta":{"jober":{"name":"","type":"general_jober","fitables":["modelengine.fit.jober.aipp.fitable.NaiveRAGComponent"],"converter":{"type":"mapping_converter","entity":{"inputParams":[{"id":"query_0ab55575-f21d-4b19-9676-57fcb4b0b783","from":"Reference","name":"query","type":"String","value":["Question"],"referenceId":"input_ae2ffd6e-2b9e-4e73-9d7f-0e661ec3dbdb","referenceKey":"Question","referenceNode":"jade6qm5eg"},{"id":"knowledge_01c41edd-a22b-4289-b1cf-8db835833261","from":"Expand","name":"knowledge","type":"Array","value":[]},{"id":"maximum_2da115cd-c1ce-485f-ba98-b4c995f3d6ff","from":"Input","name":"maximum","type":"Integer","value":3}],"outputParams":[{"id":"output_cd5cbe89-0d9f-4cf1-9e09-afb325576b84","from":"Expand","name":"output","type":"Object","value":[{"id":"5c9c6535-c127-445a-862a-966cf1083929","from":"Input","name":"retrievalOutput","type":"String","value":"String"}]}]}}},"triggerMode":"auto"},"hideText":true,"backColor":"white","container":"elsa-page:tvp1s6","dashWidth":0,"namespace":"flowable","autoHeight":true,"rotateAble":false,"borderColor":"rgba(28,31,35,.08)","borderWidth":1,"focusShadow":"0 0 1px rgba(0,0,0,.3),0 4px 14px rgba(0,0,0,.1)","runningTask":0,"triggerMode":"auto","warningTask":0,"cornerRadius":8,"completedTask":0,"componentName":"retrievalComponent","focusBackColor":"white","enableAnimation":false,"outlineWidth":10,"outlineColor":"rgba(74,147,255,0.12)","mouseInBorderColor":"rgba(28,31,35,.08)"},{"x":719.1428571428571,"y":-53.21428571428578,"id":"jadewdnjbq","pad":6,"bold":false,"text":"大模型","type":"llmNodeState","dirty":true,"index":105,"width":360,"height":892,"italic":false,"shadow":"0 2px 4px 0 rgba(0,0,0,.1)","sourcePlatform":"official","flowMeta":{"jober":{"name":"","type":"general_jober","isAsync":"true","fitables":["modelengine.fit.jober.aipp.fitable.LLMComponent"],"converter":{"type":"mapping_converter","entity":{"inputParams":[{"id":"6c414e75-971e-403a-b2b1-c6850f128cc4","from":"Input","name":"model","type":"String","value":"Qwen1.5-32B-Chat"},{"id":"db5fdafa-4cbf-44ba-9cca-8a98f1f771f4","from":"Input","name":"temperature","type":"Number","value":0.0},{"id":"88f74d78-4711-4f81-a2e7-74d0034c5e88","from":"Expand","name":"prompt","type":"Object","value":[{"id":"35a710cf-1b79-4523-b16f-b50878d677fe","from":"Input","name":"template","type":"String","value":"请按照以下步骤生成您的回复：\n1. 递归地将问题分解为更小的问题。\n2. 对于每个原子问题，从上下文和对话历史记录中选择最相关的信息。\n3. 使用所选信息生成回复草稿。\n4. 删除回复草稿中的重复内容。\n5. 在调整后生成最终答案，以提高准确性和相关性。\n6. 请注意，只需要回复最终答案。\n-------------------------------------\n上下文信息：\n\n{{knowledge}}\n\n问题：{{query}}"},{"id":"38fb27a1-71f4-4fcc-87d5-9d8a880bc04d","from":"Expand","name":"variables","type":"Object","value":[{"id":"aeba7823-8d14-4750-9723-55265ae71c4e","from":"Reference","name":"knowledge","type":"String","value":["output","retrievalOutput"],"referenceId":"5c9c6535-c127-445a-862a-966cf1083929","referenceKey":"retrievalOutput","referenceNode":"jade0pg2ag"},{"id":"eee66922-4304-4209-89fc-b13ffa101630","from":"Reference","name":"query","type":"String","value":["Question"],"referenceId":"input_ae2ffd6e-2b9e-4e73-9d7f-0e661ec3dbdb","referenceKey":"Question","referenceNode":"jade6qm5eg"}]}]},{"id":"a6865419-867c-4bfb-855c-f5c1876c965a","from":"Expand","name":"tools","type":"Array","value":[]},{"id":"308e2023-a8e9-486e-9784-8680addbb786","from":"Expand","name":"workflows","type":"Array","value":[{"id":"ae0bd892-91fc-45ef-83ca-819294384386","from":"input","type":"String","value":"d613c69e-ad85-4edb-a126-8ccd6341cd64"}]},{"id":"68f92923-d5da-42ce-8478-d7ac7d90664e","from":"Input","name":"systemPrompt","type":"String","value":""}],"outputParams":[{"id":"95d84d67-3198-415e-a63c-bc9a2da8d821","from":"Expand","name":"output","type":"Object","value":[{"id":"272c927a-9e25-48b6-a921-6a8ab20267a4","from":"Input","name":"llmOutput","type":"String","value":"","description":""}]}]}}},"triggerMode":"auto"},"hideText":true,"backColor":"white","container":"elsa-page:tvp1s6","dashWidth":0,"namespace":"flowable","autoHeight":true,"rotateAble":false,"borderColor":"rgba(28,31,35,.08)","borderWidth":1,"focusShadow":"0 0 1px rgba(0,0,0,.3),0 4px 14px rgba(0,0,0,.1)","runningTask":0,"triggerMode":"auto","warningTask":0,"cornerRadius":8,"completedTask":0,"componentName":"llmComponent","focusBackColor":"white","enableAnimation":false,"outlineWidth":10,"outlineColor":"rgba(74,147,255,0.12)","mouseInBorderColor":"rgba(28,31,35,.08)"},{"x":1169.4642857142849,"y":306.4285714285713,"id":"jadesoux5i","pad":6,"bold":false,"text":"结束","type":"endNodeEnd","dirty":false,"index":106,"width":360,"height":214,"italic":false,"shadow":"0 2px 4px 0 rgba(0,0,0,.1)","sourcePlatform":"official","flowMeta":{"callback":{"name":"通知回调","type":"general_callback","fitables":["modelengine.fit.jober.aipp.fitable.AippFlowEndCallback"],"converter":{"type":"mapping_converter","entity":{"inputParams":[{"id":"ffad80c2-3f60-4d57-93b2-c2362a5dab9c","from":"Reference","name":"finalOutput","type":"String","value":["output","llmOutput"],"referenceId":"272c927a-9e25-48b6-a921-6a8ab20267a4","referenceKey":"llmOutput","referenceNode":"jadewdnjbq"}],"outputParams":[{}]}}},"triggerMode":"auto"},"hideText":true,"backColor":"white","container":"elsa-page:tvp1s6","dashWidth":0,"deletable":false,"namespace":"flowable","autoHeight":true,"rotateAble":false,"borderColor":"rgba(28,31,35,.08)","borderWidth":1,"focusShadow":"0 0 1px rgba(0,0,0,.3),0 4px 14px rgba(0,0,0,.1)","runningTask":0,"triggerMode":"auto","warningTask":0,"cornerRadius":8,"completedTask":0,"componentName":"endComponent","focusBackColor":"white","enableAnimation":false,"outlineWidth":10,"outlineColor":"rgba(74,147,255,0.12)","mouseInBorderColor":"rgba(28,31,35,.08)"}],"vAlign":"top","itemPad":[0,0,0,0],"division":-1,"dockMode":"none","fontFace":"arial","fontSize":18,"hideText":true,"moveable":true,"shapesAs":{},"backColor":"#fbfbfc","container":"elsa-page:tvp1s6","dockAlign":"top","fontColor":"#ECD0A7","fontStyle":"normal","itemSpace":5,"namespace":"jadeFlow","fontWeight":"bold","itemScroll":{"x":0,"y":0},"borderColor":"white","focusBackColor":"#fbfbfc"}],"title":"b2ecde0b919841f5867d2e89bb46095c","source":"elsa","tenant":"default","setting":{"pad":10,"tag":{},"code":"","pDock":"none","hAlign":"center","margin":25,"shadow":"","shared":false,"vAlign":"top","itemPad":[5,5,5,5],"visible":true,"autoText":false,"dockMode":"none","dragable":true,"editable":true,"fontFace":"arial","fontSize":12,"infoType":{"name":"none","next":"INFORMATION"},"moveable":true,"priority":0,"allowLink":true,"autoWidth":false,"backAlpha":0.15,"backColor":"whitesmoke","dashWidth":0,"deletable":true,"fontColor":"steelblue","fontStyle":"normal","headColor":"steelblue","lineWidth":2,"underline":false,"autoHeight":false,"emphasized":false,"fontWeight":"lighter","itemScroll":{"x":0,"y":0},"lineHeight":1.5,"resizeable":true,"rotateAble":true,"scrollLock":{"x":false,"y":false},"selectable":true,"shadowData":"2px 2px 4px","borderColor":"#047bfc","borderWidth":1,"bulletSpeed":1,"focusMargin":0,"focusShadow":"","globalAlpha":1,"outstanding":false,"bulletedList":false,"cornerRadius":4,"enableSocial":true,"mouseInColor":"orange","numberedList":false,"rotateDegree":0,"captionhAlign":"center","strikethrough":false,"focusBackColor":"whitesmoke","focusFontColor":"darkorange","progressStatus":{"name":"NONE","next":"UNKNOWN","color":"gray"},"showedProgress":false,"captionfontFace":"arial black","captionfontSize":14,"enableAnimation":false,"progressPercent":0.65,"captionfontColor":"whitesmoke","captionfontStyle":"normal","focusBorderColor":"#047bfc","focusBorderWidth":1,"outlineWidth":10,"outlineColor":"rgba(74,147,255,0.12)","mouseInBackColor":"whitesmoke","mouseInFontColor":"orange","captionfontWeight":"lighter","captionlineHeight":1,"mouseInBorderColor":"#047bfc"},"flowMeta":{"enableOutputScope":true,"exceptionFitables":["modelengine.fit.jober.aipp.fitable.AippFlowExceptionHandler","modelengine.fit.jober.fitable.FlowInfoException"],"callback":{"fitables":["modelengine.fit.jober.fitable.FlowInfoCallback"],"name":"通知回调","type":"general_callback"}},"enableText":false}');
INSERT INTO `app_builder_flow_graph` (id, name, create_by, create_at, update_by, update_at, appearance)
VALUES ('3bb39bed81f44549b84d20cc6e3b530b', 'tool模板', 'modelengine.jade', '2024-05-24 18:49:42.516',
        'modelengine.jade',
        '2024-05-24 19:15:53.08',
        '{"id":"3bb39bed81f44549b84d20cc6e3b530b","type":"jadeFlowGraph","pages":[{"x":297.46031746031747,"y":121.01190476190482,"id":"elsa-page:tvp1s6","bold":false,"mode":"configuration","text":"newFlowPage","type":"jadeFlowPage","dirty":false,"index":0,"width":1600,"hAlign":"left","height":800,"isPage":true,"italic":false,"scaleX":0.8,"scaleY":0.8,"shapes":[{"x":-10.89285714285711,"y":90,"id":"jade6qm5eg","pad":6,"bold":false,"text":"开始","type":"startNodeStart","dirty":true,"index":101,"width":360,"height":528,"italic":false,"shadow":"0 2px 4px 0 rgba(0,0,0,.1)","sourcePlatform":"official","flowMeta":{"inputParams":[{"id":"91138f09-b635-43df-95c6-1fe3d1745829","from":"Expand","name":"input","type":"Object","value":[{"id":"input_ae2ffd6e-2b9e-4e73-9d7f-0e661ec3dbdb","from":"Input","name":"query","type":"String","value":"","description":"这是用户输入的问题"}],"config":[{"allowAdd":true}]},{"id":"4a770dc6-e3c9-475d-84c7-48dacc74a5b6","from":"Expand","name":"memory","type":"Object","value":[{"id":"a7675623-7fc7-468c-8910-e73c70e5e468","from":"Input","name":"memorySwitch","type":"Boolean","value":false},{"id":"cee9a31b-781c-4835-a616-ceed73be22f2","from":"Input","name":"type","type":"String","value":"ByConversationTurn"},{"id":"69592622-4291-409d-9d65-9faea83db657","from":"Input","name":"value","type":"Integer","value":"3"}]}],"triggerMode":"auto"},"hideText":true,"backColor":"white","container":"elsa-page:tvp1s6","dashWidth":0,"deletable":false,"namespace":"flowable","autoHeight":true,"rotateAble":false,"borderColor":"rgba(28,31,35,.08)","borderWidth":1,"focusShadow":"0 0 1px rgba(0,0,0,.3),0 4px 14px rgba(0,0,0,.1)","runningTask":0,"triggerMode":"auto","warningTask":0,"cornerRadius":8,"completedTask":0,"componentName":"startComponent","focusBackColor":"white","enableAnimation":false,"outlineWidth":10,"outlineColor":"rgba(74,147,255,0.12)","mouseInBorderColor":"rgba(28,31,35,.08)"},{"x":1466.9642857142849,"y":247.67857142857127,"id":"jadesoux5i","pad":6,"bold":false,"text":"结束","type":"endNodeEnd","dirty":true,"index":102,"width":360,"height":214,"italic":false,"shadow":"0 2px 4px 0 rgba(0,0,0,.1)","sourcePlatform":"official","flowMeta":{"callback":{"name":"通知回调","type":"general_callback","fitables":["modelengine.fit.jober.aipp.fitable.AippFlowEndCallback"],"converter":{"type":"mapping_converter","entity":{"inputParams":[{"id":"ffad80c2-3f60-4d57-93b2-c2362a5dab9c","from":"Reference","name":"finalOutput","type":"String","value":["output"],"referenceId":"output_48507a00-8836-43bc-b6eb-46ef08d447e7","referenceKey":"output","referenceNode":"jadeka3h5h"}],"outputParams":[{}]}}},"triggerMode":"auto"},"hideText":true,"backColor":"white","container":"elsa-page:tvp1s6","dashWidth":0,"deletable":false,"namespace":"flowable","autoHeight":true,"rotateAble":false,"borderColor":"rgba(28,31,35,.08)","borderWidth":1,"focusShadow":"0 0 1px rgba(0,0,0,.3),0 4px 14px rgba(0,0,0,.1)","runningTask":0,"triggerMode":"auto","warningTask":0,"cornerRadius":8,"completedTask":0,"componentName":"endComponent","focusBackColor":"white","enableAnimation":false,"outlineWidth":10,"outlineColor":"rgba(74,147,255,0.12)","mouseInBorderColor":"rgba(28,31,35,.08)"},{"x":486.28968253968253,"y":-66.01190476190482,"id":"jadeknt9h5","pad":6,"bold":false,"text":"大模型","type":"llmNodeState","dirty":true,"index":102,"width":360,"height":851,"italic":false,"shadow":"0 2px 4px 0 rgba(0,0,0,.1)","sourcePlatform":"official","flowMeta":{"jober":{"name":"","type":"general_jober","isAsync":"true","fitables":["modelengine.fit.jober.aipp.fitable.LLMComponent"],"converter":{"type":"mapping_converter","entity":{"inputParams":[{"id":"a3800516-3671-4720-a11c-0ed0e3c28f30","from":"Input","name":"model","type":"String","value":"Qwen1.5-32B-Chat"},{"id":"d0ab103a-7d39-4fa9-8503-166f3f8b798a","from":"Input","name":"temperature","type":"Number","value":"0.9"},{"id":"ed08bc34-f6af-4ca4-b92f-74d582d06fdf","from":"Expand","name":"prompt","type":"Object","value":[{"id":"8c4e7ca8-0940-4441-bd05-bb3957641c9b","from":"Input","name":"template","type":"String","value":"{{query}}"},{"id":"427a5184-a179-4d16-91ca-9ec9a460ed73","from":"Expand","name":"variables","type":"Object","value":[{"id":"f244780e-0c2a-4e63-95ec-63c2c27073c9","from":"Reference","name":"query","type":"String","value":["query"],"referenceId":"input_ae2ffd6e-2b9e-4e73-9d7f-0e661ec3dbdb","referenceKey":"query","referenceNode":"jade6qm5eg"}]}]},{"id":"74221011-c679-4c10-8df7-8c3f850720d9","from":"Expand","name":"tools","type":"Array","value":[]},{"id":"04f7b230-a00e-442c-b1ee-5f07ef3054cf","from":"Expand","name":"workflows","type":"Array","value":[]},{"id":"098b6f9b-cba8-482c-898c-dd6b49054c51","from":"Input","name":"systemPrompt","type":"String","value":"- Role: 应用配置专家\n- Background: 用户需要为他们的应用程序创建一个吸引人的名称、描述和开场白，并希望应用能够通过提示词来引导用户进行交互。\n- Profile: 您是一位经验丰富的应用配置专家，擅长为各种类型的应用程序提供创意和专业的命名、描述和交互方案。\n- Skills: 应用命名、创意写作、用户交互设计、市场营销。\n- Goals: 设计一个能够体现应用核心价值和功能的名称，创建一个简洁明了的描述，以及一个友好的开场白，同时制定应用自身的提示词，以增强用户体验。\n- Constrains: 名称应简洁易记，描述应准确反映应用功能，开场白应友好且具有吸引力，提示词应引导用户进行有效互动。\n- OutputFormat: 以json格式返回名称（name）、描述（description）、开场白（greeting）和应用系统提示词模板（systemPrompt）。\n- Workflow:\n  1. 确定应用的核心功能和目标用户群体。\n  2. 创造性地生成应用名称，并确保名称独特且易于记忆。\n  3. 编写简洁明了的应用描述，突出其主要功能和优势。\n  4. 设计一个友好且具有吸引力的应用开场白。\n  5. 制定系统提示词模板，以引导应用如何有效响应应用问题。\n\n- Examples:\n  应用名称：智慧生活助手\n  描述：智慧生活助手是一款集成智能家居控制、日程管理、健康监测等功能的全能型应用，旨在为用户提供便捷、智能的生活方式。\n  开场白：欢迎来到智慧生活助手，您的智能生活从此开始！\n  应用系统提示词模板：\n   “ -角色：你是一个智能生活助手  \\n -背景：作为一款集成多种智能功能的应用程序，你需要熟悉各种智能家居设备、日程安排、健康数据等相关知识。 \\n -技能：智能家居控制(照明、温控、安防等)、日程管理(提醒、安排等)、健康监测(睡眠、运动、饮食等)、信息查询、语音交互等。 \\n -信息：你可以访问用户的智能家居设备、日历、健康数据等相关信息,并根据需要进行操作和响应。\\n -目标：为用户提供便捷、智能、个性化的生活体验,通过整合多种功能,满足用户在家居、工作、健康等多方面的需求。“\n\n\n-限制：你是一个JSON API,当收到请求时,必须直接返回JSON格式的数据,不需要任何其他文字说明或```json代码块。如：\n{\n  \"name\": \"行迹未来旅行规划大师\",\n  \"description\": \"行迹未来，您的智慧旅行伙伴，专注于为您打造独一无二的旅行体验。从梦幻目的地选择到详尽行程安排，一切尽在掌握。\",\n  \"greeting\": \"欢迎探索未知的旅程！我是您的旅行规划大师，让我们一起规划您的梦想之旅，每一步都充满惊喜。\",\n  \"systemPrompt\": \"-角色：智慧旅行规划与咨询 \\n -背景：基于先进的旅行算法，结合用户个人喜好，提供定制化服务\\n -技能：目的地推荐、行程优化、票务预订、文化背景介绍\\n -信息：分析用户的旅行日期、兴趣、预算，创造个性化体验\\n -目标：确保旅行轻松愉快，从规划到回忆，每一步都贴心相伴。\"\n}"}],"outputParams":[{"id":"2499b972-8615-4be9-b818-7dba8101b424","from":"Expand","name":"output","type":"Object","value":[{"id":"48de507a-83ce-47c1-848f-ed1519527830","from":"Input","name":"llmOutput","type":"String","value":"","description":""}]}]}}},"triggerMode":"auto"},"hideText":true,"backColor":"white","container":"elsa-page:tvp1s6","dashWidth":0,"namespace":"flowable","autoHeight":true,"rotateAble":false,"borderColor":"rgba(28,31,35,.08)","borderWidth":1,"focusShadow":"0 0 1px rgba(0,0,0,.3),0 4px 14px rgba(0,0,0,.1)","runningTask":0,"triggerMode":"auto","warningTask":0,"cornerRadius":8,"completedTask":0,"componentName":"llmComponent","focusBackColor":"white","enableAnimation":false,"outlineWidth":10,"outlineColor":"rgba(74,147,255,0.12)","mouseInBorderColor":"rgba(28,31,35,.08)"},{"x":1007.5396825396824,"y":150.23809523809518,"id":"jadeka3h5h","pad":6,"bold":false,"text":"工具调用","type":"toolInvokeNodeState","dirty":true,"index":103,"width":360,"height":259,"italic":false,"shadow":"0 2px 4px 0 rgba(0,0,0,.1)","sourcePlatform":"official","flowMeta":{"jober":{"name":"","type":"STORE_JOBER","entity":{"params":[{"name":"appInfo"}, {"name": "userId"}],"return":{"type":"string"},"uniqueName":"1afdab63-62e3-4965-ac91-a7a66099f068"},"fitables":[],"converter":{"type":"mapping_converter","entity":{"inputParams":[{"id":"appInfo_93af9c5d-3eff-4b67-90c4-5eed4a582206","from":"Reference","name":"appInfo","type":"String","value":["output","llmOutput"],"referenceId":"48de507a-83ce-47c1-848f-ed1519527830","referenceKey":"llmOutput","referenceNode":"jadeknt9h5"}, {"id": "userId_246bfe1b-74d8-46cd-84e9-d2e370af8872", "from": "Reference", "name": "userId", "type": "String", "value": ["userId"], "isRequired": true, "description": "应用id。", "referenceId": "userId", "referenceKey": "userId", "referenceNode": "_systemEnv"}],"outputParams":[{"id":"output_48507a00-8836-43bc-b6eb-46ef08d447e7","name":"output","type":"String","value":[]}]}}},"triggerMode":"auto"},"hideText":true,"backColor":"white","container":"elsa-page:tvp1s6","dashWidth":0,"namespace":"flowable","autoHeight":true,"rotateAble":false,"borderColor":"rgba(28,31,35,.08)","borderWidth":1,"focusShadow":"0 0 1px rgba(0,0,0,.3),0 4px 14px rgba(0,0,0,.1)","runningTask":0,"triggerMode":"auto","warningTask":0,"cornerRadius":8,"completedTask":0,"componentName":"toolInvokeComponent","focusBackColor":"white","enableAnimation":false,"outlineWidth":10,"outlineColor":"rgba(74,147,255,0.12)","mouseInBorderColor":"rgba(28,31,35,.08)"},{"x":349.1071428571429,"y":354,"id":"z5r92y","pad":0,"bold":false,"text":"","type":"jadeEvent","dirty":true,"index":-96,"textX":0,"textY":0,"width":137.18253968253964,"hAlign":"center","height":5.488095238095184,"italic":false,"margin":20,"toShape":"jadeknt9h5","endArrow":true,"hideText":true,"lineMode":{"type":"auto_curve"},"allowLink":false,"backColor":"white","container":"elsa-page:tvp1s6","fromShape":"jade6qm5eg","lineWidth":2,"namespace":"flowable","beginArrow":false,"borderColor":"#B1B1B7","borderWidth":1,"curvePoint1":{"x":0,"y":0},"curvePoint2":{"x":0,"y":0},"brokenPoints":[],"endArrowSize":4,"arrowEndPoint":{"x":0,"y":0},"endArrowEmpty":false,"beginArrowSize":4,"arrowBeginPoint":{"x":0,"y":0},"beginArrowEmpty":false,"definedToConnector":"W","mouseInBorderColor":"#B1B1B7","allowSwitchLineMode":false,"definedFromConnector":"E"},{"x":846.2896825396825,"y":359.4880952380952,"id":"zu2xwx","pad":0,"bold":false,"text":"","type":"jadeEvent","dirty":true,"index":-95,"textX":0,"textY":0,"width":161.2499999999999,"hAlign":"center","height":-79.75,"italic":false,"margin":20,"toShape":"jadeka3h5h","endArrow":true,"hideText":true,"lineMode":{"type":"auto_curve"},"allowLink":false,"backColor":"white","container":"elsa-page:tvp1s6","fromShape":"jadeknt9h5","lineWidth":2,"namespace":"flowable","beginArrow":false,"borderColor":"#B1B1B7","borderWidth":1,"curvePoint1":{"x":0,"y":0},"curvePoint2":{"x":0,"y":0},"brokenPoints":[],"endArrowSize":4,"arrowEndPoint":{"x":0,"y":0},"endArrowEmpty":false,"beginArrowSize":4,"arrowBeginPoint":{"x":0,"y":0},"beginArrowEmpty":false,"definedToConnector":"W","mouseInBorderColor":"#B1B1B7","allowSwitchLineMode":false,"definedFromConnector":"E"},{"x":1367.5396825396824,"y":279.7380952380952,"id":"1k1udc","pad":0,"bold":false,"text":"","type":"jadeEvent","dirty":true,"index":-94,"textX":0,"textY":0,"width":99.42460317460245,"hAlign":"center","height":74.94047619047609,"italic":false,"margin":20,"toShape":"jadesoux5i","endArrow":true,"hideText":true,"lineMode":{"type":"auto_curve"},"allowLink":false,"backColor":"white","container":"elsa-page:tvp1s6","fromShape":"jadeka3h5h","lineWidth":2,"namespace":"flowable","beginArrow":false,"borderColor":"#B1B1B7","borderWidth":1,"curvePoint1":{"x":0,"y":0},"curvePoint2":{"x":0,"y":0},"brokenPoints":[],"endArrowSize":4,"arrowEndPoint":{"x":0,"y":0},"endArrowEmpty":false,"beginArrowSize":4,"arrowBeginPoint":{"x":0,"y":0},"beginArrowEmpty":false,"definedToConnector":"W","mouseInBorderColor":"#B1B1B7","allowSwitchLineMode":false,"definedFromConnector":"E"}],"vAlign":"top","itemPad":[0,0,0,0],"division":-1,"dockMode":"none","fontFace":"arial","fontSize":18,"hideText":true,"moveable":true,"shapesAs":{},"backColor":"#fbfbfc","container":"elsa-page:tvp1s6","dockAlign":"top","fontColor":"#ECD0A7","fontStyle":"normal","itemSpace":5,"namespace":"jadeFlow","fontWeight":"bold","itemScroll":{"x":0,"y":0},"borderColor":"white","focusBackColor":"#fbfbfc"}],"title":"3bb39bed81f44549b84d20cc6e3b530b","source":"elsa","tenant":"default","setting":{"pad":10,"tag":{},"code":"","pDock":"none","hAlign":"center","margin":25,"shadow":"","shared":false,"vAlign":"top","itemPad":[5,5,5,5],"visible":true,"autoText":false,"dockMode":"none","dragable":true,"editable":true,"fontFace":"arial","fontSize":12,"infoType":{"name":"none","next":"INFORMATION"},"moveable":true,"priority":0,"allowLink":true,"autoWidth":false,"backAlpha":0.15,"backColor":"whitesmoke","dashWidth":0,"deletable":true,"fontColor":"steelblue","fontStyle":"normal","headColor":"steelblue","lineWidth":2,"underline":false,"autoHeight":false,"emphasized":false,"fontWeight":"lighter","itemScroll":{"x":0,"y":0},"lineHeight":1.5,"resizeable":true,"rotateAble":true,"scrollLock":{"x":false,"y":false},"selectable":true,"shadowData":"2px 2px 4px","borderColor":"#047bfc","borderWidth":1,"bulletSpeed":1,"focusMargin":0,"focusShadow":"","globalAlpha":1,"outstanding":false,"bulletedList":false,"cornerRadius":4,"enableSocial":true,"mouseInColor":"orange","numberedList":false,"rotateDegree":0,"captionhAlign":"center","strikethrough":false,"focusBackColor":"whitesmoke","focusFontColor":"darkorange","progressStatus":{"name":"NONE","next":"UNKNOWN","color":"gray"},"showedProgress":false,"captionfontFace":"arial black","captionfontSize":14,"enableAnimation":false,"progressPercent":0.65,"captionfontColor":"whitesmoke","captionfontStyle":"normal","focusBorderColor":"#047bfc","focusBorderWidth":1,"outlineWidth":10,"outlineColor":"rgba(74,147,255,0.12)","mouseInBackColor":"whitesmoke","mouseInFontColor":"orange","captionfontWeight":"lighter","captionlineHeight":1,"mouseInBorderColor":"#047bfc"},"flowMeta":{"enableOutputScope":true,"exceptionFitables":["modelengine.fit.jober.aipp.fitable.AippFlowExceptionHandler","modelengine.fit.jober.fitable.FlowInfoException"],"callback":{"fitables":["modelengine.fit.jober.fitable.FlowInfoCallback"],"name":"通知回调","type":"general_callback"}},"enableText":false}');

INSERT INTO `app_template` VALUES ('3e29eb82f92f43259b4c514ddb96c0a8', '熊猫工具流模板_带头像_111', 'workflow', 'workflow', '{"icon": "/aippApi/31f20efc7e0848deab6a6bc10fc3021e/file?filePath=/var/share/41785ee0-1b7b-4ed2-8fb1-19fc8239ed5d.png&fileName=8ae8e0f0-55b9-4f0e-a628-27ab64cb5b42.png", "app_type": "编程开发", "greeting": null, "description": "这是简介"}' FORMAT JSON, 'default', 0, 0, 6, '1.0.0', '202bf661a24a4349867c83e537888d7b', 'cfb0105553914e25b754d6c01e637e38', 'Jade', '2025-01-08 20:14:24.409173', 'Jade', '2025-01-08 20:14:24.409173', 0);
INSERT INTO `app_template` VALUES ('c74bddff85a24dcdacf35e2533b52206', '莲花头像工具流模板', 'workflow', 'workflow', '{"icon": "/aippApi/31f20efc7e0848deab6a6bc10fc3021e/file?filePath=/var/share/1963050f-422c-4a24-89d7-72ef574fc885.png&fileName=1.png", "app_type": "编程开发", "greeting": null, "description": "这是简介"}' FORMAT JSON, 'default', 0, 0, 1, '1.0.0', 'd37424e9f80f4890a9f8d37bec8fe300', '00cc4c99eb654d899f617e1fbe3bb448', 'Jade', '2025-01-08 20:44:24.635695', 'Jade', '2025-01-08 20:44:24.635695', 0);
INSERT INTO `app_template` VALUES ('83fc18bb7e6b4e03a9b04108809a4c51', 'fyz模板', 'workflow', 'chatbot', '{"icon": "", "app_type": "编程开发", "greeting": "null", "description": "这是简介"}' FORMAT JSON, 'finance', 0, 0, 0, '1.0.0', 'f10dd75828c343ada8fa6547152ba776', '5a71fefe81d349cdafe4c2c141e80e2c', 'Jade', '2025-01-08 14:50:57.376782', 'Jade', '2025-01-08 14:50:57.376782', 0);
INSERT INTO `app_template` VALUES ('637b1bf75ae347979ee84311fdb74733', '熊猫工具流模板', 'workflow', 'workflow', '{"icon": "", "app_type": "编程开发", "greeting": null, "description": "这是简介"}' FORMAT JSON, 'default', 0, 0, 0, '1.0.0', '951b195266fa48a0ae04214e7470d635', 'fc883834e5c44a2bb15f62de66afc24d', 'Jade', '2025-01-08 15:03:47.608057', 'Jade', '2025-01-08 15:03:47.608057', 0);
INSERT INTO `app_template` VALUES ('43e666af34d540cbb8e99744eb8e41c0', '熊猫工具流模板（带头像）', 'workflow', 'workflow', '{"icon": "/aippApi/31f20efc7e0848deab6a6bc10fc3021e/file?filePath=/var/share/3ba23e1c-fa88-4540-a05d-1bacc589af6b.png&fileName=8ae8e0f0-55b9-4f0e-a628-27ab64cb5b42.png", "app_type": "编程开发", "greeting": null, "description": "这是简介"}' FORMAT JSON, 'default', 0, 0, 0, '1.0.0', '52188bc0648949e6b0bcaa8fe8877513', '52f76fae305c41a491d66ae2bd3b9ab1', 'Jade', '2025-01-08 15:05:16.33932', 'Jade', '2025-01-08 15:05:16.33932', 0);
INSERT INTO `app_template` VALUES ('2ef1f428c38f48fba1f86a6bb9d7fdb1', 'postman创建的模板', 'workflow', 'chatbot', '{"icon": "", "app_type": "编程开发", "greeting": "null", "description": "这是简介"}' FORMAT JSON, 'postman', 0, 0, 0, '1.0.0', '2a5c9c0c6b6c4bc8862279f25b5e9286', '851a116857434cfd8c88c995bcae9336', 'Jade', '2025-01-07 18:57:53.897046', 'Jade', '2025-01-07 18:57:53.897046', 0);

INSERT INTO `t_chat_session` (chat_id, app_id, app_version, name, attributes, create_at, create_by, update_at, update_by, status) VALUES ('003f0cd8dcfb4aca88af34d8f85750d2', 'ebc5afee8bd94c5eb5d36da049396864', '1.0.0', '1+1', '{"state": "inactive", "instId": "90e195284b7a4abe9579b990034c1edc", "aipp_id": "924b72b7cc5f441eb894de69a95893e1"}', '2024-11-12 14:08:53.498', 'tester 12345678', '2024-11-12 14:08:53.498', 'tester 12345678', 0);