INSERT INTO "public"."store_tool" ("name", "schema", "runnables", "extensions", "unique_name", "version", "is_latest", "group_name", "definition_name", "definition_group_name") VALUES ('添加知识库配置', '{"name":"添加知识库配置","description":"增加用户的知识库配置信息","parameters":{"type":"object","properties":{"knowledgeConfigDto":{"example":"","defaultValue":"","name":"knowledgeConfigDto","description":"知识库配置dto","type":"object","properties":{"isDefault":{"type":"boolean"},"apiKey":{"type":"string"},"groupId":{"type":"string"},"name":{"type":"string"},"id":{"type":"integer"},"userId":{"type":"string"}}}},"required":["knowledgeConfigDto"]},"return":{"convertor":"","example":"","name":"","description":"增加用户的知识库配置信息","type":"null"},"order":["knowledgeConfigDto"]}', '{"FIT":{"genericableId":"knowledge.center.service.addUserKnowledgeConfig","fitableId":"knowledge.config.service.impl"}}', '{"tags":["FIT","KNOWLEDGE"]}', 'f952e986-a1ee-474d-bd3a-bdf154db58e7', '1.0.0', 't', 'Knowledge_Center_Service_Impl', 'add_user_knowledge_config', 'Knowledge_Center_Service') ON CONFLICT ("unique_name", "version") DO NOTHING;
INSERT INTO "public"."store_tool" ("name", "schema", "runnables", "extensions", "unique_name", "version", "is_latest", "group_name", "definition_name", "definition_group_name") VALUES ('修改知识库配置', '{"name":"修改知识库配置","description":"修改用户的知识库配置信息","parameters":{"type":"object","properties":{"knowledgeConfigDto":{"example":"","defaultValue":"","name":"knowledgeConfigDto","description":"知识库配置dto","type":"object","properties":{"isDefault":{"type":"boolean"},"apiKey":{"type":"string"},"groupId":{"type":"string"},"name":{"type":"string"},"id":{"type":"integer"},"userId":{"type":"string"}}}},"required":["knowledgeConfigDto"]},"return":{"convertor":"","example":"","name":"","description":"修改用户的知识库配置信息","type":"null"},"order":["knowledgeConfigDto"]}', '{"FIT":{"genericableId":"knowledge.center.service.editUserKnowledgeConfig","fitableId":"knowledge.config.service.impl"}}', '{"tags":["FIT","KNOWLEDGE"]}', '39eea5b4-034a-409a-935a-e9df7736dda8', '1.0.0', 't', 'Knowledge_Center_Service_Impl', 'edit_user_knowledge_config', 'Knowledge_Center_Service') ON CONFLICT ("unique_name", "version") DO NOTHING;
INSERT INTO "public"."store_tool" ("name", "schema", "runnables", "extensions", "unique_name", "version", "is_latest", "group_name", "definition_name", "definition_group_name") VALUES ('删除知识库配置', '{"name":"删除知识库配置","description":"删除用户的知识库配置信息","parameters":{"type":"object","properties":{"id":{"example":"","defaultValue":"","name":"id","description":"知识库配置id","type":"integer"}},"required":["id"]},"return":{"convertor":"","example":"","name":"","description":"删除用户的知识库配置信息","type":"null"},"order":["id"]}', '{"FIT":{"genericableId":"knowledge.center.service.deleteUserKnowledgeConfig","fitableId":"knowledge.config.service.impl"}}', '{"tags":["FIT","KNOWLEDGE"]}', '24146b66-2bbe-46a4-848b-1c48057a4ed7', '1.0.0', 't', 'Knowledge_Center_Service_Impl', 'delete_user_knowledge_config', 'Knowledge_Center_Service') ON CONFLICT ("unique_name", "version") DO NOTHING;
INSERT INTO "public"."store_tool" ("name", "schema", "runnables", "extensions", "unique_name", "version", "is_latest", "group_name", "definition_name", "definition_group_name") VALUES ('查询知识库配置', '{"name":"查询知识库配置","description":"查询用户的知识库配置信息","parameters":{"type":"object","properties":{"userId":{"example":"","defaultValue":"","name":"userId","description":"用户id","type":"string"}},"required":["userId"]},"return":{"convertor":"","example":"","name":"","description":"查询用户的知识库配置信息","type":"array","items":{"type":"object","properties":{"isDefault":{"type":"boolean"},"apiKey":{"type":"string"},"groupId":{"type":"string"},"name":{"type":"string"},"id":{"type":"integer"},"userId":{"type":"string"}}}},"order":["userId"]}', '{"FIT":{"genericableId":"knowledge.center.service.listUserKnowledgeConfig","fitableId":"knowledge.config.service.impl"}}', '{"tags":["FIT","KNOWLEDGE"]}', 'b04f2abf-8dbc-4103-b652-b26148838981', '1.0.0', 't', 'Knowledge_Center_Service_Impl', 'list_user_knowledge_config', 'Knowledge_Center_Service') ON CONFLICT ("unique_name", "version") DO NOTHING;
INSERT INTO "public"."store_tool" ("name", "schema", "runnables", "extensions", "unique_name", "version", "is_latest", "group_name", "definition_name", "definition_group_name") VALUES ('查询知识库集列表', '{"name":"查询知识库集列表","description":"获取支持使用的知识库集列表","parameters":{"type":"object","properties":{"userId":{"example":"","defaultValue":"","name":"userId","description":"用户id","type":"string"}},"required":[]},"return":{"convertor":"","example":"","name":"","description":"获取支持使用的知识库集列表","type":"array","items":{"type":"object","properties":{"groupId":{"type":"string"},"name":{"type":"string"},"description":{"type":"string"}}}},"order":["userId"]}', '{"FIT":{"genericableId":"knowledge.center.service.listSupportKnowledges","fitableId":"knowledge.config.service.impl"}}', '{"tags":["FIT","KNOWLEDGE"]}', 'aed53a7c-4701-437b-b651-a5ec298dd0cf', '1.0.0', 't', 'Knowledge_Center_Service_Impl', 'list_support_knowledges', 'Knowledge_Center_Service') ON CONFLICT ("unique_name", "version") DO NOTHING;
INSERT INTO "public"."store_tool" ("name", "schema", "runnables", "extensions", "unique_name", "version", "is_latest", "group_name", "definition_name", "definition_group_name") VALUES ('知识库配置应用', '{"name":"知识库配置应用","description":"当你想要配置知识库的时候，请使用我！","manualIntervention":false,"parameters":{"type":"object","properties":{"aippId":{"description":"the aipp id of the waterFlow tool","default":"5185dad4c8124522a2612c20f8497cf0","type":"string"},"tenantId":{"description":"the tenant id of the waterFlow tool","default":"31f20efc7e0848deab6a6bc10fc3021e","type":"string"},"inputParams":{"type":"object","properties":{"Question":{"type":"String","description":"这是用户输入的问题。"}},"required":["Question"],"order":["Question"]},"version":{"description":"the aipp version of the waterFlow tool","default":"1.0.0","type":"string"}},"required":["tenantId","aippId","version","inputParams"]},"return":{"type":"object","properties":{}},"order":["tenantId","aippId","version","inputParams"]}', '{"FIT":{"fitableId":"water.flow.invoke","genericableId":"07b51bd246594c159d403164369ce1db"},"APP":{"aippId":"5185dad4c8124522a2612c20f8497cf0","appCategory":"chatbot","version":"1.0.0","appId":"c419cf9d3f2d472da6b376bbb07c0f5a"}}', 'null', '4ff18263-7cc1-40fc-bd96-4c0ee9eb3af0', '1.0.0', 't', '4ff18263-7cc1-40fc-bd96-4c0ee9eb3af0', '4ff18263-7cc1-40fc-bd96-4c0ee9eb3af0', '4ff18263-7cc1-40fc-bd96-4c0ee9eb3af0') ON CONFLICT ("unique_name", "version") DO NOTHING;

INSERT INTO "public"."store_definition" ("name", "schema", "definition_group_name") VALUES ('add_user_knowledge_config', '{"name":"add_user_knowledge_config","description":"增加用户的知识库配置信息","parameters":{"type":"object","properties":{"knowledgeConfigDto":{"defaultValue":"","description":"知识库配置dto","name":"knowledgeConfigDto","type":"object","properties":{"id":{"type":"integer"},"name":{"type":"string"},"userId":{"type":"string"},"apiKey":{"type":"string"},"groupId":{"type":"string"},"isDefault":{"type":"boolean"}},"example":""}},"required":["knowledgeConfigDto"]},"order":["knowledgeConfigDto"],"parameterExtensions":null,"return":{"type":"null","convertor":""}}', 'Knowledge_Center_Service') ON CONFLICT ("definition_group_name", "name") DO NOTHING;
INSERT INTO "public"."store_definition" ("name", "schema", "definition_group_name") VALUES ('edit_user_knowledge_config', '{"name":"edit_user_knowledge_config","description":"修改用户的知识库配置信息","parameters":{"type":"object","properties":{"knowledgeConfigDto":{"defaultValue":"","description":"知识库配置dto","name":"knowledgeConfigDto","type":"object","properties":{"id":{"type":"integer"},"name":{"type":"string"},"userId":{"type":"string"},"apiKey":{"type":"string"},"groupId":{"type":"string"},"isDefault":{"type":"boolean"}},"example":""}},"required":["knowledgeConfigDto"]},"order":["knowledgeConfigDto"],"parameterExtensions":null,"return":{"type":"null","convertor":""}}', 'Knowledge_Center_Service') ON CONFLICT ("definition_group_name", "name") DO NOTHING;
INSERT INTO "public"."store_definition" ("name", "schema", "definition_group_name") VALUES ('delete_user_knowledge_config', '{"name":"delete_user_knowledge_config","description":"删除用户的知识库配置信息","parameters":{"type":"object","properties":{"id":{"defaultValue":"","description":"知识库配置id","name":"id","type":"integer","example":""}},"required":["id"]},"order":["id"],"parameterExtensions":null,"return":{"type":"null","convertor":""}}', 'Knowledge_Center_Service') ON CONFLICT ("definition_group_name", "name") DO NOTHING;
INSERT INTO "public"."store_definition" ("name", "schema", "definition_group_name") VALUES ('list_user_knowledge_config', '{"name":"list_user_knowledge_config","description":"查询用户的知识库配置信息","parameters":{"type":"object","properties":{"userId":{"defaultValue":"","description":"用户id","name":"userId","type":"string","example":""}},"required":["userId"]},"order":["userId"],"parameterExtensions":null,"return":{"type":"array","items":{"type":"object","properties":{"id":{"type":"integer"},"name":{"type":"string"},"userId":{"type":"string"},"apiKey":{"type":"string"},"groupId":{"type":"string"},"isDefault":{"type":"boolean"}}},"convertor":""}}', 'Knowledge_Center_Service') ON CONFLICT ("definition_group_name", "name") DO NOTHING;
INSERT INTO "public"."store_definition" ("name", "schema", "definition_group_name") VALUES ('list_support_knowledges', '{"name":"list_support_knowledges","description":"获取支持使用的知识库集列表","parameters":{"type":"object","properties":{"userId":{"defaultValue":"","description":"用户id","name":"userId","type":"string","example":""}},"required":[]},"order":["userId"],"parameterExtensions":null,"return":{"type":"array","items":{"type":"object","properties":{"groupId":{"type":"string"},"name":{"type":"string"},"description":{"type":"string"}}},"convertor":""}}', 'Knowledge_Center_Service') ON CONFLICT ("definition_group_name", "name") DO NOTHING;
INSERT INTO "public"."store_definition" ("name", "schema", "definition_group_name") VALUES ('4ff18263-7cc1-40fc-bd96-4c0ee9eb3af0', '{"name":"4ff18263-7cc1-40fc-bd96-4c0ee9eb3af0","description":"当你想要配置知识库的时候，请使用我！","manualIntervention":false,"parameters":{"type":"object","properties":{"aippId":{"description":"the aipp id of the waterFlow tool","default":"5185dad4c8124522a2612c20f8497cf0","type":"string"},"tenantId":{"description":"the tenant id of the waterFlow tool","default":"31f20efc7e0848deab6a6bc10fc3021e","type":"string"},"inputParams":{"type":"object","properties":{"Question":{"type":"String","description":"这是用户输入的问题。"}},"required":["Question"],"order":["Question"]},"version":{"description":"the aipp version of the waterFlow tool","default":"1.0.0","type":"string"}},"required":["tenantId","aippId","version","inputParams"]},"return":{"type":"object","properties":{}},"order":["tenantId","aippId","version","inputParams"]}', '4ff18263-7cc1-40fc-bd96-4c0ee9eb3af0') ON CONFLICT ("definition_group_name", "name") DO NOTHING;

INSERT INTO "public"."store_tag" ("tool_unique_name", "name") VALUES ('f952e986-a1ee-474d-bd3a-bdf154db58e7', 'FIT') ON CONFLICT ("tool_unique_name", "name") DO NOTHING;
INSERT INTO "public"."store_tag" ("tool_unique_name", "name") VALUES ('f952e986-a1ee-474d-bd3a-bdf154db58e7', 'KNOWLEDGE') ON CONFLICT ("tool_unique_name", "name") DO NOTHING;
INSERT INTO "public"."store_tag" ("tool_unique_name", "name") VALUES ('39eea5b4-034a-409a-935a-e9df7736dda8', 'FIT') ON CONFLICT ("tool_unique_name", "name") DO NOTHING;
INSERT INTO "public"."store_tag" ("tool_unique_name", "name") VALUES ('39eea5b4-034a-409a-935a-e9df7736dda8', 'KNOWLEDGE') ON CONFLICT ("tool_unique_name", "name") DO NOTHING;
INSERT INTO "public"."store_tag" ("tool_unique_name", "name") VALUES ('24146b66-2bbe-46a4-848b-1c48057a4ed7', 'FIT') ON CONFLICT ("tool_unique_name", "name") DO NOTHING;
INSERT INTO "public"."store_tag" ("tool_unique_name", "name") VALUES ('24146b66-2bbe-46a4-848b-1c48057a4ed7', 'KNOWLEDGE') ON CONFLICT ("tool_unique_name", "name") DO NOTHING;
INSERT INTO "public"."store_tag" ("tool_unique_name", "name") VALUES ('b04f2abf-8dbc-4103-b652-b26148838981', 'FIT') ON CONFLICT ("tool_unique_name", "name") DO NOTHING;
INSERT INTO "public"."store_tag" ("tool_unique_name", "name") VALUES ('b04f2abf-8dbc-4103-b652-b26148838981', 'KNOWLEDGE') ON CONFLICT ("tool_unique_name", "name") DO NOTHING;
INSERT INTO "public"."store_tag" ("tool_unique_name", "name") VALUES ('aed53a7c-4701-437b-b651-a5ec298dd0cf', 'FIT') ON CONFLICT ("tool_unique_name", "name") DO NOTHING;
INSERT INTO "public"."store_tag" ("tool_unique_name", "name") VALUES ('aed53a7c-4701-437b-b651-a5ec298dd0cf', 'KNOWLEDGE') ON CONFLICT ("tool_unique_name", "name") DO NOTHING;
INSERT INTO "public"."store_tag" ("tool_unique_name", "name") VALUES ('4ff18263-7cc1-40fc-bd96-4c0ee9eb3af0', 'APP') ON CONFLICT ("tool_unique_name", "name") DO NOTHING;
INSERT INTO "public"."store_tag" ("tool_unique_name", "name") VALUES ('4ff18263-7cc1-40fc-bd96-4c0ee9eb3af0', 'APP_TYPE_B653EDB7EB5A49BE91ABCD2C5877C6AD') ON CONFLICT ("tool_unique_name", "name") DO NOTHING;

INSERT INTO "public"."store_plugin_tool" ("like_count", "download_count", "tool_name", "plugin_id", "tool_unique_name", "source", "icon") VALUES (0, 0, '添加知识库配置', '3733674b4180b02ebb49f60193373d38e08753d890d31d41a1ca880cf4364cdd', 'f952e986-a1ee-474d-bd3a-bdf154db58e7', '', NULL) ON CONFLICT ("plugin_id", "tool_unique_name") DO NOTHING;
INSERT INTO "public"."store_plugin_tool" ("like_count", "download_count", "tool_name", "plugin_id", "tool_unique_name", "source", "icon") VALUES (0, 0, '修改知识库配置', '3733674b4180b02ebb49f60193373d38e08753d890d31d41a1ca880cf4364cdd', '39eea5b4-034a-409a-935a-e9df7736dda8', '', NULL) ON CONFLICT ("plugin_id", "tool_unique_name") DO NOTHING;
INSERT INTO "public"."store_plugin_tool" ("like_count", "download_count", "tool_name", "plugin_id", "tool_unique_name", "source", "icon") VALUES (0, 0, '删除知识库配置', '3733674b4180b02ebb49f60193373d38e08753d890d31d41a1ca880cf4364cdd', '24146b66-2bbe-46a4-848b-1c48057a4ed7', '', NULL) ON CONFLICT ("plugin_id", "tool_unique_name") DO NOTHING;
INSERT INTO "public"."store_plugin_tool" ("like_count", "download_count", "tool_name", "plugin_id", "tool_unique_name", "source", "icon") VALUES (0, 0, '查询知识库配置', '3733674b4180b02ebb49f60193373d38e08753d890d31d41a1ca880cf4364cdd', 'b04f2abf-8dbc-4103-b652-b26148838981', '', NULL) ON CONFLICT ("plugin_id", "tool_unique_name") DO NOTHING;
INSERT INTO "public"."store_plugin_tool" ("like_count", "download_count", "tool_name", "plugin_id", "tool_unique_name", "source", "icon") VALUES (0, 0, '查询知识库集列表', '3733674b4180b02ebb49f60193373d38e08753d890d31d41a1ca880cf4364cdd', 'aed53a7c-4701-437b-b651-a5ec298dd0cf', '', NULL) ON CONFLICT ("plugin_id", "tool_unique_name") DO NOTHING;

INSERT INTO "public"."store_plugin" ("plugin_id", "plugin_name", "extension", "deploy_status", "is_builtin", "source", "icon") VALUES ('3733674b4180b02ebb49f60193373d38e08753d890d31d41a1ca880cf4364cdd', '用户知识库配置服务', '{"uniqueness.groupId":"store-knowledge-config-service","pluginFullName":"weather-1.0-SNAPSHOT_1745752448118.jar","checksum":"e48217e7e2121849e4dbae4d4c922cbf79802c638a4b0bed71d3d412fa1c88fd","name":"用户知识库配置服务","description":"这是一个用户知识库配置服务工具","uniqueness.artifactId":"jade-knowledge-config-service","type":"java"}', 'DEPLOYED', 'f', '', NULL) ON CONFLICT ("plugin_id") DO NOTHING;

INSERT INTO "public"."app_builder_form" ("id", "name", "tenant_id", "appearance", "type", "create_by", "create_at", "update_by", "update_at", "is_deleted", "form_suite_id", "version") VALUES ('aed5570845d440c78ed3326f8482483c', '知识库管理表单', '31f20efc7e0848deab6a6bc10fc3021e', '{"imgUrl": "smart_form/17b732c9-5272-42a6-a79d-8d0334a8aa19/form.jpeg", "schema": {"name": "知识库管理表单", "return": {"type": "object", "properties": {"info": {"type": "object", "properties": {"id": {"type": "integer"}, "name": {"type": "string"}, "apiKey": {"type": "string"}, "groupId": {"type": "string"}, "isDefault": {"type": "integer"}}}, "action": {"enum": ["add", "delete", "switch", "quit"], "type": "string"}}}, "parameters": {"type": "object", "required": ["knowledgeList", "knowledgeOptions"], "properties": {"knowledgeList": {"type": "array", "items": {"type": "object", "required": ["groupId", "name", "apiKey", "isDefault"], "properties": {"id": {"type": "integer"}, "name": {"type": "string"}, "apiKey": {"type": "string"}, "userId": {"type": "String"}, "groupId": {"type": "string"}, "isDefault": {"type": "integer"}}}}, "knowledgeOptions": {"type": "array", "items": {"type": "object", "required": ["name", "groupId", "description"], "properties": {"name": {"type": "string"}, "groupId": {"type": "string"}, "description": {"type": "string"}}}}}}}, "fileName": "knowledge.zip", "fileSize": 362092, "fileUuid": "904be596a4b94873b22a008ca807cc3b", "iframeUrl": "smart_form/17b732c9-5272-42a6-a79d-8d0334a8aa19/build/index.html", "description": "这是一个知识库管理表单"}', 'runtime', 'Jade', '2025-04-28 02:04:18.174594', 'Jade', '2025-04-28 14:05:47.721196', 0, '83dc556b25544414b88b538281be4d66', '1.0.0')  ON CONFLICT ("id") DO NOTHING;

INSERT INTO "public"."app_builder_app" ("id", "name", "create_by", "create_at", "update_by", "update_at", "config_id", "flow_graph_id", "tenant_id", "type", "version", "attributes", "state", "app_built_type", "app_category", "collection_usr_cnt", "is_deleted", "path", "app_type", "app_suite_id", "is_active", "status", "unique_name", "publish_at", "app_id") VALUES ('c419cf9d3f2d472da6b376bbb07c0f5a', '知识库配置应用', 'Jade', '2025-04-27 11:38:16.181311', 'Jade', '2025-04-28 14:11:01.841006', 'c9a41dd87eb04b89bbfa6de2b221bb5b', '7075f47449504e639571887473986da6', '31f20efc7e0848deab6a6bc10fc3021e', 'app', '1.0.0', '{"icon": "", "name": "知识库配置应用", "app_type": "b653edb7eb5a49be91abcd2c5877c6ad", "greeting": "", "store_id": "4ff18263-7cc1-40fc-bd96-4c0ee9eb3af0", "is_update": false, "description": "当你想要配置知识库的时候，请使用我！", "publishedUpdateLog": "", "publishedDescription": ""}', 'active', 'workflow', 'chatbot', 0, 0, 'z7hFDTDrjuCUHMn4', 'b653edb7eb5a49be91abcd2c5877c6ad', '5185dad4c8124522a2612c20f8497cf0', 't', 'published', '4ff18263-7cc1-40fc-bd96-4c0ee9eb3af0', '2025-04-28 14:11:19', 'c419cf9d3f2d472da6b376bbb07c0f5a')  ON CONFLICT (id) DO NOTHING;

INSERT INTO "public"."app_builder_config" ("id", "form_id", "app_id", "tenant_id", "create_by", "create_at", "update_by", "update_at", "is_deleted") VALUES ('c9a41dd87eb04b89bbfa6de2b221bb5b', 'b8986770a6ffef44bbf2a9f26d6fc1be', 'c419cf9d3f2d472da6b376bbb07c0f5a', '31f20efc7e0848deab6a6bc10fc3021e', 'Jade', '2025-04-27 11:38:16.181311', 'Jade', '2025-04-28 14:11:01.841006', 0)  ON CONFLICT (id) DO NOTHING;

INSERT INTO "public"."app_builder_config_property" ("id", "node_id", "form_property_id", "config_id", "is_deleted") VALUES ('5b3d5cd9e18c462fa026376f3fea968c', 'jadewdnjbq', 'a80ad3fc2f534efaa0d8d9ce712fb959', 'c9a41dd87eb04b89bbfa6de2b221bb5b', 0)  ON CONFLICT (id) DO NOTHING;
INSERT INTO "public"."app_builder_config_property" ("id", "node_id", "form_property_id", "config_id", "is_deleted") VALUES ('9f708d4d918443d28305d24076b53e7b', 'jadewdnjbq', '2b9f6bf4cc8a4fdf8577f244172bd795', 'c9a41dd87eb04b89bbfa6de2b221bb5b', 0)  ON CONFLICT (id) DO NOTHING;
INSERT INTO "public"."app_builder_config_property" ("id", "node_id", "form_property_id", "config_id", "is_deleted") VALUES ('e88c66bcc7734a4b8c1c548c906c9887', 'jade6qm5eg', '63053f5ed97b4b3389374fb53f48b622', 'c9a41dd87eb04b89bbfa6de2b221bb5b', 0)  ON CONFLICT (id) DO NOTHING;
INSERT INTO "public"."app_builder_config_property" ("id", "node_id", "form_property_id", "config_id", "is_deleted") VALUES ('2eed9c8579b240c1b9f70b644033d4e3', 'jade0pg2ag', '8687c7fa1b6b4880a3a0b398d82b435d', 'c9a41dd87eb04b89bbfa6de2b221bb5b', 0)  ON CONFLICT (id) DO NOTHING;
INSERT INTO "public"."app_builder_config_property" ("id", "node_id", "form_property_id", "config_id", "is_deleted") VALUES ('96bd64f1f5a34159a1b38a65877209db', 'jadewdnjbq', 'bfcf1e4ef3e04e57ab3a0e22cb4c3c6a', 'c9a41dd87eb04b89bbfa6de2b221bb5b', 0)  ON CONFLICT (id) DO NOTHING;
INSERT INTO "public"."app_builder_config_property" ("id", "node_id", "form_property_id", "config_id", "is_deleted") VALUES ('3c4b023698884a5aa90ae521410b011a', 'jadewdnjbq', '1210169d69fc4a41978677eda6f2fa40', 'c9a41dd87eb04b89bbfa6de2b221bb5b', 0)  ON CONFLICT (id) DO NOTHING;
INSERT INTO "public"."app_builder_config_property" ("id", "node_id", "form_property_id", "config_id", "is_deleted") VALUES ('7cbd923586e14bdfb54f7bdb481a1747', 'jadewdnjbq', '8e451697002345d5a41d1dc4f05ce8cd', 'c9a41dd87eb04b89bbfa6de2b221bb5b', 0)  ON CONFLICT (id) DO NOTHING;
INSERT INTO "public"."app_builder_config_property" ("id", "node_id", "form_property_id", "config_id", "is_deleted") VALUES ('0f36c6755c724e4191e5167b6f7ad2c3', 'jadewdnjbq', '957e6742fff1494bb25672a808a420d1', 'c9a41dd87eb04b89bbfa6de2b221bb5b', 0)  ON CONFLICT (id) DO NOTHING;
INSERT INTO "public"."app_builder_config_property" ("id", "node_id", "form_property_id", "config_id", "is_deleted") VALUES ('53a05f767f34412c9b4fd047da831351', NULL, 'a98380a087f245b588c0d90943dae056', 'c9a41dd87eb04b89bbfa6de2b221bb5b', 0)  ON CONFLICT (id) DO NOTHING;

INSERT INTO "public"."app_builder_flow_graph" ("id", "name", "create_by", "create_at", "update_by", "update_at", "appearance", "is_deleted") VALUES ('7075f47449504e639571887473986da6', 'LLM模板', 'Jade', '2025-04-27 11:38:16.181311', 'Jade', '2025-04-28 14:11:01.841006', '{"id": "7075f47449504e639571887473986da6", "type": "jadeFlowGraph", "pages": [{"x": -961.4761904761909, "y": 116.92460317460332, "id": "elsa-page:tvp1s6", "bold": false, "mode": "configuration", "text": "newFlowPage", "type": "jadeFlowPage", "dirty": true, "index": 0, "width": 1600, "hAlign": "left", "height": 800, "isPage": true, "italic": false, "scaleX": 0.7, "scaleY": 0.7, "shapes": [{"x": 0, "y": 255, "id": "jade6qm5eg", "pad": 6, "bold": false, "text": "开始", "type": "startNodeStart", "dirty": false, "index": 0, "width": 360, "height": 226, "italic": false, "shadow": "0 2px 4px 0 rgba(0,0,0,.1)", "flowMeta": {"inputParams": [{"id": "91138f09-b635-43df-95c6-1fe3d1745829", "from": "Expand", "name": "input", "type": "Object", "value": [{"id": "input_ae2ffd6e-2b9e-4e73-9d7f-0e661ec3dbdb", "from": "Input", "name": "Question", "type": "String", "value": "", "isVisible": true, "isRequired": true, "description": "这是用户输入的问题。", "displayName": "用户问题", "disableModifiable": true}], "config": [{"allowAdd": true}]}, {"id": "4a770dc6-e3c9-475d-84c7-48dacc74a5b6", "from": "Expand", "name": "memory", "type": "Object", "value": [{"id": "a7675623-7fc7-468c-8910-e73c70e5e468", "from": "Input", "name": "memorySwitch", "type": "Boolean", "value": false}, {"id": "cee9a31b-781c-4835-a616-ceed73be22f2", "from": "Input", "name": "type", "type": "String", "value": "ByConversationTurn"}, {"id": "69592622-4291-409d-9d65-9faea83db657", "from": "Input", "name": "value", "type": "Integer", "value": "3"}]}], "triggerMode": "auto"}, "hasError": false, "hideText": true, "moveable": true, "runnable": true, "backColor": "white", "container": "elsa-page:tvp1s6", "dashWidth": 0, "deletable": false, "namespace": "flowable", "autoHeight": true, "emphasized": false, "rotateAble": false, "borderColor": "rgba(28, 31, 35, 0.08)", "borderWidth": 1, "focusShadow": "0 0 1px rgba(0,0,0,.3),0 4px 14px rgba(0,0,0,.1)", "runningTask": 0, "triggerMode": "auto", "warningTask": 0, "cornerRadius": 8, "outlineColor": "rgba(74, 147, 255, 0.12)", "outlineWidth": 10, "completedTask": 0, "componentName": "startComponent", "focusBackColor": "white", "sourcePlatform": "official", "enableAnimation": false, "focusBorderColor": "rgb(4, 123, 252)", "mouseInBorderColor": "rgb(4, 123, 252)"}, {"x": 2290, "y": 277, "id": "jadesoux5i", "pad": 6, "bold": false, "text": "退出表单结束", "type": "endNodeEnd", "dirty": false, "index": 1, "width": 360, "height": 182, "italic": false, "shadow": "0 2px 4px 0 rgba(0,0,0,.1)", "flowMeta": {"callback": {"name": "通知回调", "type": "general_callback", "fitables": ["modelengine.fit.jober.aipp.fitable.AippFlowEndCallback"], "converter": {"type": "mapping_converter", "entity": {"inputParams": [{"id": "54dab89c-5693-4082-baa7-12c648d812f7", "from": "Expand", "name": "finalOutput", "type": "Object", "value": [{"id": "ffad80c2-3f60-4d57-93b2-c2362a5dab9c", "from": "Input", "name": "finalOutput", "type": "String", "value": "已退出，请重新开始对话来发起新的知识库配置请求。", "editable": true, "isRequired": true, "description": ""}], "editable": false, "isRequired": false, "referenceId": "", "referenceKey": "", "referenceNode": ""}, {"id": "c26bf2ca-75b3-4a6f-bc47-132c2e170895", "from": "Input", "name": "enableLog", "type": "Boolean", "value": true}], "outputParams": [{}]}}}, "triggerMode": "auto"}, "hasError": false, "hideText": true, "moveable": true, "runnable": true, "backColor": "white", "container": "elsa-page:tvp1s6", "dashWidth": 0, "deletable": true, "namespace": "flowable", "autoHeight": true, "emphasized": false, "rotateAble": false, "borderColor": "rgba(28, 31, 35, 0.08)", "borderWidth": 1, "focusShadow": "0 0 1px rgba(0,0,0,.3),0 4px 14px rgba(0,0,0,.1)", "runningTask": 0, "triggerMode": "auto", "warningTask": 0, "cornerRadius": 8, "outlineColor": "rgba(74, 147, 255, 0.12)", "outlineWidth": 10, "completedTask": 0, "componentName": "endComponent", "focusBackColor": "white", "sourcePlatform": "official", "enableAnimation": false, "focusBorderColor": "rgb(4, 123, 252)", "mouseInBorderColor": "rgb(4, 123, 252)"}, {"x": 410, "y": 219, "id": "jadecz3u6c", "pad": 6, "bold": false, "text": "查询知识库集列表", "type": "toolInvokeNodeState", "dirty": false, "index": 2, "width": 360, "height": 186, "italic": false, "flowMeta": {"jober": {"name": "", "type": "STORE_JOBER", "entity": {"params": [{"name": "userId"}], "return": {"type": "array"}, "uniqueName": "aed53a7c-4701-437b-b651-a5ec298dd0cf"}, "fitables": [], "converter": {"type": "mapping_converter", "entity": {"inputParams": [{"id": "userId_19b06f68-cea8-4735-b969-0aaf6b116fc0", "from": "Reference", "name": "userId", "type": "String", "value": ["userId"], "isRequired": false, "description": "用户id", "referenceId": "userId", "referenceKey": "userId", "referenceNode": "_systemEnv"}], "outputParams": [{"id": "output_d4892455-0e93-46b5-aa9c-635c4b0c457b", "name": "output", "type": "Array", "value": []}]}}}, "joberFilter": {"type": "MINIMUM_SIZE_FILTER", "threshold": 1}, "triggerMode": "auto"}, "hideText": true, "moveable": true, "runnable": true, "backColor": "white", "container": "elsa-page:tvp1s6", "dashWidth": 0, "namespace": "jadeFlow", "autoHeight": true, "emphasized": false, "enableMask": false, "rotateAble": false, "borderColor": "rgba(28,31,35,.08)", "borderWidth": 1, "runningTask": 0, "triggerMode": "auto", "warningTask": 0, "cornerRadius": 8, "outlineColor": "rgba(74,147,255,0.12)", "outlineWidth": 10, "completedTask": 0, "componentName": "toolInvokeComponent", "focusBackColor": "white", "sourcePlatform": "", "enableAnimation": false, "focusBorderWidth": 1, "mouseInBorderColor": "#B1B1B7"}, {"x": 360, "y": 368, "id": "jade89i9gi", "pad": 0, "bold": false, "text": "", "type": "jadeEvent", "dirty": false, "index": 3, "textX": 0, "textY": 0, "width": 50, "hAlign": "center", "height": -56, "italic": false, "margin": 20, "toShape": "jadecz3u6c", "endArrow": true, "hideText": true, "lineMode": {"type": "auto_curve"}, "runnable": true, "allowLink": false, "backColor": "white", "container": "elsa-page:tvp1s6", "fromShape": "jade6qm5eg", "lineWidth": 2, "namespace": "elsa", "beginArrow": false, "borderColor": "#B1B1B7", "borderWidth": 1, "curvePoint1": {"x": 0, "y": 0}, "curvePoint2": {"x": 0, "y": 0}, "brokenPoints": [], "endArrowSize": 4, "arrowEndPoint": {"x": 0, "y": 0}, "endArrowEmpty": false, "beginArrowSize": 4, "arrowBeginPoint": {"x": 0, "y": 0}, "beginArrowEmpty": false, "definedToConnector": "W", "mouseInBorderColor": "#B1B1B7", "allowSwitchLineMode": false, "definedFromConnector": "E"}, {"x": 820, "y": 275, "id": "jadei19roa", "pad": 6, "bold": false, "text": "查询知识库配置", "type": "toolInvokeNodeState", "dirty": false, "index": 4, "width": 360, "height": 186, "italic": false, "flowMeta": {"jober": {"name": "", "type": "STORE_JOBER", "entity": {"params": [{"name": "userId"}], "return": {"type": "array"}, "uniqueName": "b04f2abf-8dbc-4103-b652-b26148838981"}, "fitables": [], "converter": {"type": "mapping_converter", "entity": {"inputParams": [{"id": "userId_a70ff0a8-b1be-4f17-91d3-43c54336777b", "from": "Reference", "name": "userId", "type": "String", "value": ["userId"], "isRequired": true, "description": "用户id", "referenceId": "userId", "referenceKey": "userId", "referenceNode": "_systemEnv"}], "outputParams": [{"id": "output_bbe22a56-e6d2-48eb-b8a2-9aedf5efcbca", "name": "output", "type": "Array", "value": []}]}}}, "joberFilter": {"type": "MINIMUM_SIZE_FILTER", "threshold": 1}, "triggerMode": "auto"}, "hasError": false, "hideText": true, "moveable": true, "runnable": true, "backColor": "white", "container": "elsa-page:tvp1s6", "dashWidth": 0, "namespace": "jadeFlow", "autoHeight": true, "emphasized": false, "enableMask": false, "rotateAble": false, "borderColor": "rgba(28, 31, 35, 0.08)", "borderWidth": 1, "runningTask": 0, "triggerMode": "auto", "warningTask": 0, "cornerRadius": 8, "outlineColor": "rgba(74, 147, 255, 0.12)", "outlineWidth": 10, "completedTask": 0, "componentName": "toolInvokeComponent", "focusBackColor": "white", "sourcePlatform": "", "enableAnimation": false, "focusBorderColor": "rgb(4, 123, 252)", "focusBorderWidth": 1, "mouseInBorderColor": "rgb(4, 123, 252)"}, {"x": 770, "y": 312, "id": "jaderfoxvl", "pad": 0, "bold": false, "text": "", "type": "jadeEvent", "dirty": false, "index": 5, "textX": 0, "textY": 0, "width": 50, "hAlign": "center", "height": 56, "italic": false, "margin": 20, "toShape": "jadei19roa", "endArrow": true, "hideText": true, "lineMode": {"type": "auto_curve"}, "runnable": true, "allowLink": false, "backColor": "white", "container": "elsa-page:tvp1s6", "fromShape": "jadecz3u6c", "lineWidth": 2, "namespace": "elsa", "beginArrow": false, "borderColor": "#B1B1B7", "borderWidth": 1, "curvePoint1": {"x": 0, "y": 0}, "curvePoint2": {"x": 0, "y": 0}, "brokenPoints": [], "endArrowSize": 4, "arrowEndPoint": {"x": 0, "y": 0}, "endArrowEmpty": false, "beginArrowSize": 4, "arrowBeginPoint": {"x": 0, "y": 0}, "beginArrowEmpty": false, "definedToConnector": "W", "mouseInBorderColor": "#B1B1B7", "allowSwitchLineMode": false, "definedFromConnector": "E"}, {"x": 1230, "y": 110.5, "id": "jadec9yzdt", "pad": 6, "bold": false, "text": "人工表单", "type": "manualCheckNodeState", "dirty": false, "index": 6, "width": 360, "height": 243, "italic": false, "flowMeta": {"task": {"type": "AIPP_SMART_FORM", "imgUrl": "http://localhost:8001/api/jober/static/smart_form/17b732c9-5272-42a6-a79d-8d0334a8aa19/form.jpeg", "taskId": "aed5570845d440c78ed3326f8482483c", "formName": "知识库管理表单", "converter": {"type": "mapping_converter", "entity": {"inputParams": [{"id": "knowledgeList_4b685308-6c69-4003-8c15-58206d58f422", "from": "Reference", "name": "knowledgeList", "type": "Array", "value": ["output"], "isRequired": true, "referenceId": "output_bbe22a56-e6d2-48eb-b8a2-9aedf5efcbca", "referenceKey": "output", "referenceNode": "jadei19roa"}, {"id": "knowledgeOptions_ba5502bb-cf76-4a4d-99ee-24c07a6a0168", "from": "Reference", "name": "knowledgeOptions", "type": "Array", "value": ["output"], "isRequired": true, "referenceId": "output_d4892455-0e93-46b5-aa9c-635c4b0c457b", "referenceKey": "output", "referenceNode": "jadecz3u6c"}], "outputParams": [{"id": "output_8f40ac88-0578-40ba-9e1d-d07c9fbd4895", "name": "output", "type": "Object", "value": [{"id": "output_05328f82-59a9-4d1f-b0a5-abdd91b1c50a", "name": "info", "type": "Object", "value": [{"id": "95faeb9f-cb89-4fd8-84e1-b9456c80cb84", "name": "id", "type": "Integer", "value": "Integer"}, {"id": "3eb51995-476d-4042-b837-7bd386a28e11", "name": "name", "type": "String", "value": "String"}, {"id": "d6f2bc5d-5adf-4694-9604-4649da356592", "name": "apiKey", "type": "String", "value": "String"}, {"id": "05d099fd-c5b3-4637-94b1-e2bf54673e2b", "name": "groupId", "type": "String", "value": "String"}, {"id": "21db3893-26dd-4dd6-97c0-89395c9cff39", "name": "isDefault", "type": "Integer", "value": "Integer"}]}, {"id": "9b5a0c38-1a74-41aa-8b4b-a0a3b2417e50", "name": "action", "type": "String", "value": "String"}]}]}}}, "joberFilter": {"type": "MINIMUM_SIZE_FILTER", "threshold": 1}, "triggerMode": "manual"}, "hasError": false, "hideText": true, "moveable": true, "runnable": true, "backColor": "white", "container": "elsa-page:tvp1s6", "dashWidth": 0, "namespace": "jadeFlow", "autoHeight": true, "emphasized": false, "enableMask": false, "rotateAble": false, "borderColor": "rgba(28, 31, 35, 0.08)", "borderWidth": 1, "runningTask": 0, "triggerMode": "auto", "warningTask": 0, "cornerRadius": 8, "outlineColor": "rgba(74, 147, 255, 0.12)", "outlineWidth": 10, "completedTask": 0, "componentName": "manualCheckComponent", "focusBackColor": "white", "sourcePlatform": "official", "enableAnimation": false, "focusBorderColor": "rgb(4, 123, 252)", "focusBorderWidth": 1, "mouseInBorderColor": "rgb(4, 123, 252)"}, {"x": 1180, "y": 368, "id": "jadevfzbzx", "pad": 0, "bold": false, "text": "", "type": "jadeEvent", "dirty": true, "index": 7, "textX": 0, "textY": 0, "width": 50, "hAlign": "center", "height": -136, "italic": false, "margin": 20, "toShape": "jadec9yzdt", "endArrow": true, "hideText": true, "lineMode": {"type": "auto_curve"}, "runnable": true, "allowLink": false, "backColor": "white", "container": "elsa-page:tvp1s6", "fromShape": "jadei19roa", "lineWidth": 2, "namespace": "elsa", "beginArrow": false, "borderColor": "#B1B1B7", "borderWidth": 1, "curvePoint1": {"x": 0, "y": 0}, "curvePoint2": {"x": 0, "y": 0}, "brokenPoints": [], "endArrowSize": 4, "arrowEndPoint": {"x": 0, "y": 0}, "endArrowEmpty": false, "beginArrowSize": 4, "arrowBeginPoint": {"x": 0, "y": 0}, "beginArrowEmpty": false, "definedToConnector": "W", "mouseInBorderColor": "#B1B1B7", "allowSwitchLineMode": false, "definedFromConnector": "E"}, {"x": 1640, "y": 0, "id": "jadew0e5na", "pad": 6, "bold": false, "text": "条件", "type": "conditionNodeCondition", "dirty": false, "index": 8, "width": 600, "height": 340, "italic": false, "flowMeta": {"joberFilter": {"type": "MINIMUM_SIZE_FILTER", "threshold": 1}, "triggerMode": "auto", "conditionParams": {"branches": [{"id": "1b529270-f576-4482-9e10-829b5efe8f4c", "type": "if", "runnable": true, "conditions": [{"id": "1a238c89-f75b-434b-9db0-113f795b6948", "value": [{"id": "fa891702-7f64-48d2-a826-240f1f32f15a", "from": "Reference", "name": "left", "type": "String", "value": ["output", "action"], "referenceId": "9b5a0c38-1a74-41aa-8b4b-a0a3b2417e50", "referenceKey": "action", "referenceNode": "jadec9yzdt"}, {"id": "ca213caa-aa28-4d92-b8f9-508a31a535c3", "from": "Input", "name": "right", "type": "String", "value": "add", "referenceId": "", "referenceKey": "", "referenceNode": ""}], "condition": "equal"}], "conditionRelation": "and"}, {"id": "3662b75b-dcd5-4d42-b07e-323b540fed2c", "type": "if", "runnable": true, "conditions": [{"id": "eac5bf57-9a2c-46e9-b399-fbb1cf37767b", "value": [{"id": "89441c12-a9fd-4983-bd18-1afc3c9cc3f3", "from": "Reference", "name": "left", "type": "String", "value": ["output", "action"], "referenceId": "9b5a0c38-1a74-41aa-8b4b-a0a3b2417e50", "referenceKey": "action", "referenceNode": "jadec9yzdt"}, {"id": "73df1184-b2f9-403b-91b2-5be580ad929e", "from": "Input", "name": "right", "type": "String", "value": "delete", "referenceId": "", "referenceKey": "", "referenceNode": ""}], "condition": "equal"}], "conditionRelation": "and"}, {"id": "2a9016e8-dd25-49fd-a20f-8857f53eb5e5", "type": "if", "runnable": true, "conditions": [{"id": "317dbc6b-8d8b-4d1d-acea-7e639435f4ea", "value": [{"id": "4958c0b7-f7f5-4f54-81a2-db350387ea2b", "from": "Reference", "name": "left", "type": "String", "value": ["output", "action"], "referenceId": "9b5a0c38-1a74-41aa-8b4b-a0a3b2417e50", "referenceKey": "action", "referenceNode": "jadec9yzdt"}, {"id": "0da2406c-d0da-4e0e-a0ca-e6e765fe8fb4", "from": "Input", "name": "right", "type": "String", "value": "edit", "referenceId": "", "referenceKey": "", "referenceNode": ""}], "condition": "equal"}], "conditionRelation": "and"}, {"id": "1c79acc0-7a5d-4fe8-a16e-1393eee702ac", "type": "else", "runnable": true, "conditions": [{"id": "034537e5-252b-4f89-9dd9-3a77a634a6f2", "value": [], "condition": "true"}], "conditionRelation": "and"}], "jadeNodeConfigChangeIgnored": true}}, "hasError": false, "hideText": true, "moveable": true, "runnable": true, "backColor": "white", "container": "elsa-page:tvp1s6", "dashWidth": 0, "namespace": "jadeFlow", "autoHeight": true, "emphasized": false, "enableMask": false, "rotateAble": false, "borderColor": "rgba(28, 31, 35, 0.08)", "borderWidth": 1, "runningTask": 0, "triggerMode": "auto", "warningTask": 0, "cornerRadius": 8, "outlineColor": "rgba(74, 147, 255, 0.12)", "outlineWidth": 10, "completedTask": 0, "componentName": "conditionComponent", "focusBackColor": "white", "sourcePlatform": "official", "enableAnimation": false, "focusBorderColor": "rgb(4, 123, 252)", "focusBorderWidth": 1, "mouseInBorderColor": "rgb(4, 123, 252)"}, {"x": 1590, "y": 232, "id": "jadec1nmlz", "pad": 0, "bold": false, "text": "", "type": "jadeEvent", "dirty": true, "index": 9, "textX": 0, "textY": 0, "width": 50, "hAlign": "center", "height": -62, "italic": false, "margin": 20, "toShape": "jadew0e5na", "endArrow": true, "hideText": true, "lineMode": {"type": "auto_curve"}, "runnable": true, "allowLink": false, "backColor": "white", "container": "elsa-page:tvp1s6", "fromShape": "jadec9yzdt", "lineWidth": 2, "namespace": "elsa", "beginArrow": false, "borderColor": "#B1B1B7", "borderWidth": 1, "curvePoint1": {"x": 0, "y": 0}, "curvePoint2": {"x": 0, "y": 0}, "brokenPoints": [], "endArrowSize": 4, "arrowEndPoint": {"x": 0, "y": 0}, "endArrowEmpty": false, "beginArrowSize": 4, "arrowBeginPoint": {"x": 0, "y": 0}, "beginArrowEmpty": false, "definedToConnector": "W", "mouseInBorderColor": "#B1B1B7", "allowSwitchLineMode": false, "definedFromConnector": "E"}, {"x": 2290, "y": 499, "id": "jade1s5jcz", "pad": 6, "bold": false, "text": "添加知识库配置", "type": "toolInvokeNodeState", "dirty": false, "index": 10, "width": 360, "height": 186, "italic": false, "flowMeta": {"jober": {"name": "", "type": "STORE_JOBER", "entity": {"params": [{"name": "knowledgeConfigDto"}], "return": {"type": "null"}, "uniqueName": "f952e986-a1ee-474d-bd3a-bdf154db58e7"}, "fitables": [], "converter": {"type": "mapping_converter", "entity": {"inputParams": [{"id": "knowledgeConfigDto_261d3e3a-dcb8-4c22-a75f-3d3f74cf346c", "from": "Expand", "name": "knowledgeConfigDto", "type": "Object", "props": [{"id": "isDefault_0519a61d-f087-42ec-a936-3b9e8d8cfc85", "from": "Reference", "name": "isDefault", "type": "Boolean", "value": [], "isRequired": false, "referenceId": "", "referenceKey": "", "referenceNode": ""}, {"id": "apiKey_b70a892d-9e21-4b0b-b1b5-29095c02ee0e", "from": "Reference", "name": "apiKey", "type": "String", "value": [], "isRequired": false, "referenceId": "", "referenceKey": "", "referenceNode": ""}, {"id": "groupId_8717c66d-1924-481b-bec5-d86c1424db95", "from": "Reference", "name": "groupId", "type": "String", "value": [], "isRequired": false, "referenceId": "", "referenceKey": "", "referenceNode": ""}, {"id": "name_c3d1f111-e2fc-4e07-a9c8-2847bb76bcf2", "from": "Reference", "name": "name", "type": "String", "value": [], "isRequired": false, "referenceId": "", "referenceKey": "", "referenceNode": ""}, {"id": "id_13e5c2e6-04b3-45d3-83f0-3f93e5f424eb", "from": "Reference", "name": "id", "type": "Integer", "value": [], "isRequired": false, "referenceId": "", "referenceKey": "", "referenceNode": ""}, {"id": "userId_5ef13e2a-83df-4ec8-8a01-c3eb535cdbe1", "from": "Reference", "name": "userId", "type": "String", "value": [], "isRequired": false, "referenceId": "", "referenceKey": "", "referenceNode": ""}], "value": [{"id": "isDefault_0519a61d-f087-42ec-a936-3b9e8d8cfc85", "from": "Reference", "name": "isDefault", "type": "Integer", "value": ["output", "info", "isDefault"], "isRequired": false, "referenceId": "bf487724-94ab-49ee-b6f0-1e513aba1c56", "referenceKey": "isDefault", "referenceNode": "jadec9yzdt"}, {"id": "apiKey_b70a892d-9e21-4b0b-b1b5-29095c02ee0e", "from": "Reference", "name": "apiKey", "type": "String", "value": ["output", "info", "apiKey"], "isRequired": false, "referenceId": "6ffe7076-3c40-4635-b212-d346d19e25c6", "referenceKey": "apiKey", "referenceNode": "jadec9yzdt"}, {"id": "groupId_8717c66d-1924-481b-bec5-d86c1424db95", "from": "Reference", "name": "groupId", "type": "String", "value": ["output", "info", "groupId"], "isRequired": false, "referenceId": "a93a03cf-96a4-41c3-be28-253ac3f08db9", "referenceKey": "groupId", "referenceNode": "jadec9yzdt"}, {"id": "name_c3d1f111-e2fc-4e07-a9c8-2847bb76bcf2", "from": "Reference", "name": "name", "type": "String", "value": ["output", "info", "name"], "isRequired": false, "referenceId": "79f19d08-b670-47ea-9c4e-8cbeb4faafd9", "referenceKey": "name", "referenceNode": "jadec9yzdt"}, {"id": "id_13e5c2e6-04b3-45d3-83f0-3f93e5f424eb", "from": "Reference", "name": "id", "type": "Integer", "value": ["output", "info", "id"], "isRequired": false, "referenceId": "a41cf4ed-2caf-456f-a725-cd9fdd9e6d09", "referenceKey": "id", "referenceNode": "jadec9yzdt"}, {"id": "userId_5ef13e2a-83df-4ec8-8a01-c3eb535cdbe1", "from": "Reference", "name": "userId", "type": "String", "value": ["userId"], "isRequired": false, "referenceId": "userId", "referenceKey": "userId", "referenceNode": "_systemEnv"}], "isRequired": true, "description": "知识库配置dto", "referenceId": "", "referenceKey": "", "referenceNode": ""}], "outputParams": [{"id": "output_9ae5e3ff-b9bd-4324-8772-11b3e41c13b1", "name": "output", "type": "Null", "value": []}]}}}, "joberFilter": {"type": "MINIMUM_SIZE_FILTER", "threshold": 1}, "triggerMode": "auto"}, "hideText": true, "moveable": true, "runnable": true, "backColor": "white", "container": "elsa-page:tvp1s6", "dashWidth": 0, "namespace": "jadeFlow", "autoHeight": true, "emphasized": false, "enableMask": false, "rotateAble": false, "borderColor": "rgba(28,31,35,.08)", "borderWidth": 1, "runningTask": 0, "triggerMode": "auto", "warningTask": 0, "cornerRadius": 8, "outlineColor": "rgba(74,147,255,0.12)", "outlineWidth": 10, "completedTask": 0, "componentName": "toolInvokeComponent", "focusBackColor": "white", "sourcePlatform": "", "enableAnimation": false, "focusBorderWidth": 1, "mouseInBorderColor": "#B1B1B7"}, {"x": 2228.7142508370534, "y": 121.00000653948103, "id": "jadelnyzxr", "pad": 0, "bold": false, "text": "", "type": "jadeEvent", "dirty": true, "index": 11, "textX": 0, "textY": 0, "width": 61.28574916294656, "hAlign": "center", "height": 470.99999346051897, "italic": false, "margin": 20, "toShape": "jade1s5jcz", "endArrow": true, "hideText": true, "lineMode": {"type": "auto_curve"}, "runnable": true, "allowLink": false, "backColor": "white", "container": "elsa-page:tvp1s6", "fromShape": "jadew0e5na", "lineWidth": 2, "namespace": "elsa", "beginArrow": false, "borderColor": "#B1B1B7", "borderWidth": 1, "curvePoint1": {"x": 0, "y": 0}, "curvePoint2": {"x": 0, "y": 0}, "brokenPoints": [], "endArrowSize": 4, "arrowEndPoint": {"x": 0, "y": 0}, "endArrowEmpty": false, "beginArrowSize": 4, "arrowBeginPoint": {"x": 0, "y": 0}, "beginArrowEmpty": false, "definedToConnector": "W", "mouseInBorderColor": "#B1B1B7", "allowSwitchLineMode": false, "definedFromConnector": "dynamic-0|1b529270-f576-4482-9e10-829b5efe8f4c"}, {"x": 2292.857142857144, "y": 715.0000000000002, "id": "jadey43fab", "pad": 6, "bold": false, "text": "删除知识库配置", "type": "toolInvokeNodeState", "dirty": false, "index": 12, "width": 360, "height": 186, "italic": false, "flowMeta": {"jober": {"name": "", "type": "STORE_JOBER", "entity": {"params": [{"name": "id"}], "return": {"type": "null"}, "uniqueName": "24146b66-2bbe-46a4-848b-1c48057a4ed7"}, "fitables": [], "converter": {"type": "mapping_converter", "entity": {"inputParams": [{"id": "id_304a6dbf-a9e3-40da-8d9f-99a090d65ec2", "from": "Reference", "name": "id", "type": "Integer", "value": ["output", "info", "id"], "isRequired": true, "description": "知识库配置id", "referenceId": "95faeb9f-cb89-4fd8-84e1-b9456c80cb84", "referenceKey": "id", "referenceNode": "jadec9yzdt"}], "outputParams": [{"id": "output_cb31d1c3-94e0-49b9-97ec-4821c259f009", "name": "output", "type": "Null", "value": []}]}}}, "joberFilter": {"type": "MINIMUM_SIZE_FILTER", "threshold": 1}, "triggerMode": "auto"}, "hasError": false, "hideText": true, "moveable": true, "runnable": true, "backColor": "white", "container": "elsa-page:tvp1s6", "dashWidth": 0, "namespace": "jadeFlow", "autoHeight": true, "emphasized": false, "enableMask": false, "rotateAble": false, "borderColor": "rgba(28, 31, 35, 0.08)", "borderWidth": 1, "runningTask": 0, "triggerMode": "auto", "warningTask": 0, "cornerRadius": 8, "outlineColor": "rgba(74, 147, 255, 0.12)", "outlineWidth": 10, "completedTask": 0, "componentName": "toolInvokeComponent", "focusBackColor": "white", "sourcePlatform": "", "enableAnimation": false, "focusBorderColor": "rgb(4, 123, 252)", "focusBorderWidth": 1, "mouseInBorderColor": "rgb(4, 123, 252)"}, {"x": 2228.7142508370534, "y": 176.99999128069197, "id": "jadetwo6e9", "pad": 0, "bold": false, "text": "", "type": "jadeEvent", "dirty": true, "index": 13, "textX": 0, "textY": 0, "width": 64.14289202009058, "hAlign": "center", "height": 631.0000087193082, "italic": false, "margin": 20, "toShape": "jadey43fab", "endArrow": true, "hideText": true, "lineMode": {"type": "auto_curve"}, "runnable": true, "allowLink": false, "backColor": "white", "container": "elsa-page:tvp1s6", "fromShape": "jadew0e5na", "lineWidth": 2, "namespace": "elsa", "beginArrow": false, "borderColor": "#B1B1B7", "borderWidth": 1, "curvePoint1": {"x": 0, "y": 0}, "curvePoint2": {"x": 0, "y": 0}, "brokenPoints": [], "endArrowSize": 4, "arrowEndPoint": {"x": 0, "y": 0}, "endArrowEmpty": false, "beginArrowSize": 4, "arrowBeginPoint": {"x": 0, "y": 0}, "beginArrowEmpty": false, "definedToConnector": "W", "mouseInBorderColor": "#B1B1B7", "allowSwitchLineMode": false, "definedFromConnector": "dynamic-1|3662b75b-dcd5-4d42-b07e-323b540fed2c"}, {"x": 2297.142857142856, "y": 1001.5714285714284, "id": "jadepkkcxc", "pad": 6, "bold": false, "text": "修改知识库配置", "type": "toolInvokeNodeState", "dirty": false, "index": 14, "width": 360, "height": 186, "italic": false, "flowMeta": {"jober": {"name": "", "type": "STORE_JOBER", "entity": {"params": [{"name": "knowledgeConfigDto"}], "return": {"type": "null"}, "uniqueName": "39eea5b4-034a-409a-935a-e9df7736dda8"}, "fitables": [], "converter": {"type": "mapping_converter", "entity": {"inputParams": [{"id": "knowledgeConfigDto_a6cfbc37-5b18-4b23-9d55-b0ba5c66275f", "from": "Expand", "name": "knowledgeConfigDto", "type": "Object", "props": [{"id": "isDefault_829e8f21-d2a9-400f-a397-1f61a63bc138", "from": "Reference", "name": "isDefault", "type": "Boolean", "value": [], "isRequired": false, "referenceId": "", "referenceKey": "", "referenceNode": ""}, {"id": "apiKey_cb882d6f-fa7f-4af8-8506-f7f38d47fd81", "from": "Reference", "name": "apiKey", "type": "String", "value": [], "isRequired": false, "referenceId": "", "referenceKey": "", "referenceNode": ""}, {"id": "groupId_fad4545f-0acc-4107-a03b-e1ad4b34efac", "from": "Reference", "name": "groupId", "type": "String", "value": [], "isRequired": false, "referenceId": "", "referenceKey": "", "referenceNode": ""}, {"id": "name_b6a7768b-41ef-48e7-b8bb-a33f59f8e97d", "from": "Reference", "name": "name", "type": "String", "value": [], "isRequired": false, "referenceId": "", "referenceKey": "", "referenceNode": ""}, {"id": "id_12af714a-bb40-4709-a0f8-68c900ef96c6", "from": "Reference", "name": "id", "type": "Integer", "value": [], "isRequired": false, "referenceId": "", "referenceKey": "", "referenceNode": ""}, {"id": "userId_fe3f0968-e107-4346-9bba-feb235e95e36", "from": "Reference", "name": "userId", "type": "String", "value": [], "isRequired": false, "referenceId": "", "referenceKey": "", "referenceNode": ""}], "value": [{"id": "isDefault_829e8f21-d2a9-400f-a397-1f61a63bc138", "from": "Reference", "name": "isDefault", "type": "Integer", "value": ["output", "info", "isDefault"], "isRequired": false, "referenceId": "bf487724-94ab-49ee-b6f0-1e513aba1c56", "referenceKey": "isDefault", "referenceNode": "jadec9yzdt"}, {"id": "apiKey_cb882d6f-fa7f-4af8-8506-f7f38d47fd81", "from": "Reference", "name": "apiKey", "type": "String", "value": ["output", "info", "apiKey"], "isRequired": false, "referenceId": "6ffe7076-3c40-4635-b212-d346d19e25c6", "referenceKey": "apiKey", "referenceNode": "jadec9yzdt"}, {"id": "groupId_fad4545f-0acc-4107-a03b-e1ad4b34efac", "from": "Reference", "name": "groupId", "type": "String", "value": ["output", "info", "groupId"], "isRequired": false, "referenceId": "a93a03cf-96a4-41c3-be28-253ac3f08db9", "referenceKey": "groupId", "referenceNode": "jadec9yzdt"}, {"id": "name_b6a7768b-41ef-48e7-b8bb-a33f59f8e97d", "from": "Reference", "name": "name", "type": "String", "value": ["output", "info", "name"], "isRequired": false, "referenceId": "79f19d08-b670-47ea-9c4e-8cbeb4faafd9", "referenceKey": "name", "referenceNode": "jadec9yzdt"}, {"id": "id_12af714a-bb40-4709-a0f8-68c900ef96c6", "from": "Reference", "name": "id", "type": "Integer", "value": ["output", "info", "id"], "isRequired": false, "referenceId": "a41cf4ed-2caf-456f-a725-cd9fdd9e6d09", "referenceKey": "id", "referenceNode": "jadec9yzdt"}, {"id": "userId_fe3f0968-e107-4346-9bba-feb235e95e36", "from": "Reference", "name": "userId", "type": "String", "value": ["userId"], "isRequired": false, "referenceId": "userId", "referenceKey": "userId", "referenceNode": "_systemEnv"}], "isRequired": true, "description": "知识库配置dto", "referenceId": "", "referenceKey": "", "referenceNode": ""}], "outputParams": [{"id": "output_112b0398-521f-4e2b-a2db-432d222d8d7b", "name": "output", "type": "Null", "value": []}]}}}, "joberFilter": {"type": "MINIMUM_SIZE_FILTER", "threshold": 1}, "triggerMode": "auto"}, "hideText": true, "moveable": true, "runnable": true, "backColor": "white", "container": "elsa-page:tvp1s6", "dashWidth": 0, "namespace": "jadeFlow", "autoHeight": true, "emphasized": false, "enableMask": false, "rotateAble": false, "borderColor": "rgba(28,31,35,.08)", "borderWidth": 1, "runningTask": 0, "triggerMode": "auto", "warningTask": 0, "cornerRadius": 8, "outlineColor": "rgba(74,147,255,0.12)", "outlineWidth": 10, "completedTask": 0, "componentName": "toolInvokeComponent", "focusBackColor": "white", "sourcePlatform": "", "enableAnimation": false, "focusBorderWidth": 1, "mouseInBorderColor": "#B1B1B7"}, {"x": 2228.7142508370534, "y": 232.999997820173, "id": "jadeq9kd4e", "pad": 0, "bold": false, "text": "", "type": "jadeEvent", "dirty": true, "index": 15, "textX": 0, "textY": 0, "width": 68.42860630580253, "hAlign": "center", "height": 861.5714307512554, "italic": false, "margin": 20, "toShape": "jadepkkcxc", "endArrow": true, "hideText": true, "lineMode": {"type": "auto_curve"}, "runnable": true, "allowLink": false, "backColor": "white", "container": "elsa-page:tvp1s6", "fromShape": "jadew0e5na", "lineWidth": 2, "namespace": "elsa", "beginArrow": false, "borderColor": "#B1B1B7", "borderWidth": 1, "curvePoint1": {"x": 0, "y": 0}, "curvePoint2": {"x": 0, "y": 0}, "brokenPoints": [], "endArrowSize": 4, "arrowEndPoint": {"x": 0, "y": 0}, "endArrowEmpty": false, "beginArrowSize": 4, "arrowBeginPoint": {"x": 0, "y": 0}, "beginArrowEmpty": false, "definedToConnector": "W", "mouseInBorderColor": "#B1B1B7", "allowSwitchLineMode": false, "definedFromConnector": "dynamic-2|2a9016e8-dd25-49fd-a20f-8857f53eb5e5"}, {"x": 2228.7142508370534, "y": 280.0000108991351, "id": "jadecfc196", "pad": 0, "bold": false, "text": "", "type": "jadeEvent", "dirty": true, "index": 16, "textX": 0, "textY": 0, "width": 61.28574916294656, "hAlign": "center", "height": 87.99998910086492, "italic": false, "margin": 20, "toShape": "jadesoux5i", "endArrow": true, "hideText": true, "lineMode": {"type": "auto_curve"}, "runnable": true, "allowLink": false, "backColor": "white", "container": "elsa-page:tvp1s6", "fromShape": "jadew0e5na", "lineWidth": 2, "namespace": "elsa", "beginArrow": false, "borderColor": "#B1B1B7", "borderWidth": 1, "curvePoint1": {"x": 0, "y": 0}, "curvePoint2": {"x": 0, "y": 0}, "brokenPoints": [], "endArrowSize": 4, "arrowEndPoint": {"x": 0, "y": 0}, "endArrowEmpty": false, "beginArrowSize": 4, "arrowBeginPoint": {"x": 0, "y": 0}, "beginArrowEmpty": false, "definedToConnector": "W", "mouseInBorderColor": "#B1B1B7", "allowSwitchLineMode": false, "definedFromConnector": "dynamic-999"}, {"x": 2700, "y": 501, "id": "jadetxz7va", "pad": 6, "bold": false, "text": "添加知识库配置结束", "type": "endNodeEnd", "dirty": false, "index": 17, "width": 360, "height": 182, "italic": false, "flowMeta": {"callback": {"name": "通知回调", "type": "general_callback", "fitables": ["modelengine.fit.jober.aipp.fitable.AippFlowEndCallback"], "converter": {"type": "mapping_converter", "entity": {"inputParams": [{"id": "09653288-b85d-473b-aa07-7f45d5d304c1", "from": "Expand", "name": "finalOutput", "type": "Object", "value": [{"id": "ed672a2c-4646-4159-b1e7-a5bad27f38ba", "from": "Input", "name": "finalOutput", "type": "String", "value": "添加知识库配置结束", "editable": true, "isRequired": true, "description": ""}], "editable": false, "isRequired": false, "referenceId": "", "referenceKey": "", "referenceNode": ""}, {"id": "9287a49c-1d31-40d5-aa84-2b41559e5524", "from": "Input", "name": "enableLog", "type": "Boolean", "value": true}], "outputParams": [{}]}}}, "triggerMode": "auto"}, "hideText": true, "moveable": true, "runnable": true, "backColor": "white", "container": "elsa-page:tvp1s6", "dashWidth": 0, "deletable": true, "namespace": "jadeFlow", "autoHeight": true, "emphasized": false, "enableMask": false, "rotateAble": false, "borderColor": "rgba(28,31,35,.08)", "borderWidth": 1, "runningTask": 0, "triggerMode": "auto", "warningTask": 0, "cornerRadius": 8, "outlineColor": "rgba(74,147,255,0.12)", "outlineWidth": 10, "completedTask": 0, "componentName": "endComponent", "focusBackColor": "white", "sourcePlatform": "official", "enableAnimation": false, "focusBorderWidth": 1, "mouseInBorderColor": "#B1B1B7"}, {"x": 2650, "y": 592, "id": "jade794yv3", "pad": 0, "bold": false, "text": "", "type": "jadeEvent", "dirty": false, "index": 18, "textX": 0, "textY": 0, "width": 50, "hAlign": "center", "height": 0, "italic": false, "margin": 20, "toShape": "jadetxz7va", "endArrow": true, "hideText": true, "lineMode": {"type": "auto_curve"}, "runnable": true, "allowLink": false, "backColor": "white", "container": "elsa-page:tvp1s6", "fromShape": "jade1s5jcz", "lineWidth": 2, "namespace": "elsa", "beginArrow": false, "borderColor": "#B1B1B7", "borderWidth": 1, "curvePoint1": {"x": 0, "y": 0}, "curvePoint2": {"x": 0, "y": 0}, "brokenPoints": [], "endArrowSize": 4, "arrowEndPoint": {"x": 0, "y": 0}, "endArrowEmpty": false, "beginArrowSize": 4, "arrowBeginPoint": {"x": 0, "y": 0}, "beginArrowEmpty": false, "definedToConnector": "W", "mouseInBorderColor": "#B1B1B7", "allowSwitchLineMode": false, "definedFromConnector": "E"}, {"x": 2700, "y": 763, "id": "jadeosexw5", "pad": 6, "bold": false, "text": "删除知识库配置结束", "type": "endNodeEnd", "dirty": false, "index": 19, "width": 360, "height": 182, "italic": false, "flowMeta": {"callback": {"name": "通知回调", "type": "general_callback", "fitables": ["modelengine.fit.jober.aipp.fitable.AippFlowEndCallback"], "converter": {"type": "mapping_converter", "entity": {"inputParams": [{"id": "e8f6f23e-5cba-48bc-ac8c-7c586f33e829", "from": "Expand", "name": "finalOutput", "type": "Object", "value": [{"id": "85f62677-cc62-4b96-a72c-adaf98a41586", "from": "Input", "name": "finalOutput", "type": "String", "value": "刪除知识库配置结束", "editable": true, "isRequired": true, "description": ""}], "editable": false, "isRequired": false, "referenceId": "", "referenceKey": "", "referenceNode": ""}, {"id": "9de263fe-b145-49ba-b87d-42a8a9f31fcd", "from": "Input", "name": "enableLog", "type": "Boolean", "value": true}], "outputParams": [{}]}}}, "triggerMode": "auto"}, "hasError": false, "hideText": true, "moveable": true, "runnable": true, "backColor": "white", "container": "elsa-page:tvp1s6", "dashWidth": 0, "deletable": true, "namespace": "jadeFlow", "autoHeight": true, "emphasized": false, "enableMask": false, "rotateAble": false, "borderColor": "rgba(28, 31, 35, 0.08)", "borderWidth": 1, "runningTask": 0, "triggerMode": "auto", "warningTask": 0, "cornerRadius": 8, "outlineColor": "rgba(74, 147, 255, 0.12)", "outlineWidth": 10, "completedTask": 0, "componentName": "endComponent", "focusBackColor": "white", "sourcePlatform": "official", "enableAnimation": false, "focusBorderColor": "rgb(4, 123, 252)", "focusBorderWidth": 1, "mouseInBorderColor": "rgb(4, 123, 252)"}, {"x": 2652.857142857144, "y": 808.0000000000002, "id": "jadetzo1lg", "pad": 0, "bold": false, "text": "", "type": "jadeEvent", "dirty": true, "index": 20, "textX": 0, "textY": 0, "width": 47.14285714285597, "hAlign": "center", "height": 45.99999999999977, "italic": false, "margin": 20, "toShape": "jadeosexw5", "endArrow": true, "hideText": true, "lineMode": {"type": "auto_curve"}, "runnable": true, "allowLink": false, "backColor": "white", "container": "elsa-page:tvp1s6", "fromShape": "jadey43fab", "lineWidth": 2, "namespace": "elsa", "beginArrow": false, "borderColor": "#B1B1B7", "borderWidth": 1, "curvePoint1": {"x": 0, "y": 0}, "curvePoint2": {"x": 0, "y": 0}, "brokenPoints": [], "endArrowSize": 4, "arrowEndPoint": {"x": 0, "y": 0}, "endArrowEmpty": false, "beginArrowSize": 4, "arrowBeginPoint": {"x": 0, "y": 0}, "beginArrowEmpty": false, "definedToConnector": "W", "mouseInBorderColor": "#B1B1B7", "allowSwitchLineMode": false, "definedFromConnector": "E"}, {"x": 2700, "y": 1025, "id": "jadeyg0z15", "pad": 6, "bold": false, "text": "修改知识库配置结束", "type": "endNodeEnd", "dirty": false, "index": 21, "width": 360, "height": 182, "italic": false, "flowMeta": {"callback": {"name": "通知回调", "type": "general_callback", "fitables": ["modelengine.fit.jober.aipp.fitable.AippFlowEndCallback"], "converter": {"type": "mapping_converter", "entity": {"inputParams": [{"id": "7bdd90a5-f510-42f7-be02-e01c34292e04", "from": "Expand", "name": "finalOutput", "type": "Object", "value": [{"id": "76cd9a71-97e4-46c9-8580-9ae21176ba23", "from": "Input", "name": "finalOutput", "type": "String", "value": "修改知识库配置结束", "editable": true, "isRequired": true, "description": ""}], "editable": false, "isRequired": false, "referenceId": "", "referenceKey": "", "referenceNode": ""}, {"id": "eddcd9df-7a1c-4ddf-b49a-01b9b8cf5662", "from": "Input", "name": "enableLog", "type": "Boolean", "value": true}], "outputParams": [{}]}}}, "triggerMode": "auto"}, "hasError": false, "hideText": true, "moveable": true, "runnable": true, "backColor": "white", "container": "elsa-page:tvp1s6", "dashWidth": 0, "deletable": true, "namespace": "jadeFlow", "autoHeight": true, "emphasized": false, "enableMask": false, "rotateAble": false, "borderColor": "rgba(28, 31, 35, 0.08)", "borderWidth": 1, "runningTask": 0, "triggerMode": "auto", "warningTask": 0, "cornerRadius": 8, "outlineColor": "rgba(74, 147, 255, 0.12)", "outlineWidth": 10, "completedTask": 0, "componentName": "endComponent", "focusBackColor": "white", "sourcePlatform": "official", "enableAnimation": false, "focusBorderColor": "rgb(4, 123, 252)", "focusBorderWidth": 1, "mouseInBorderColor": "rgb(4, 123, 252)"}, {"x": 2657.142857142856, "y": 1094.5714285714284, "id": "jade8je5i3", "pad": 0, "bold": false, "text": "", "type": "jadeEvent", "dirty": false, "index": 22, "textX": 0, "textY": 0, "width": 42.85714285714403, "hAlign": "center", "height": 21.42857142857156, "italic": false, "margin": 20, "toShape": "jadeyg0z15", "endArrow": true, "hideText": true, "lineMode": {"type": "auto_curve"}, "runnable": true, "allowLink": false, "backColor": "white", "container": "elsa-page:tvp1s6", "fromShape": "jadepkkcxc", "lineWidth": 2, "namespace": "elsa", "beginArrow": false, "borderColor": "#B1B1B7", "borderWidth": 1, "curvePoint1": {"x": 0, "y": 0}, "curvePoint2": {"x": 0, "y": 0}, "brokenPoints": [], "endArrowSize": 4, "arrowEndPoint": {"x": 0, "y": 0}, "endArrowEmpty": false, "beginArrowSize": 4, "arrowBeginPoint": {"x": 0, "y": 0}, "beginArrowEmpty": false, "definedToConnector": "W", "mouseInBorderColor": "#B1B1B7", "allowSwitchLineMode": false, "definedFromConnector": "E"}], "vAlign": "top", "itemPad": [0, 0, 0, 0], "division": -1, "dockMode": "none", "fontFace": "arial", "fontSize": 18, "hideText": true, "moveable": true, "shapesAs": {}, "backColor": "#fbfbfc", "container": "elsa-page:tvp1s6", "dockAlign": "top", "fontColor": "#ECD0A7", "fontStyle": "normal", "itemSpace": 5, "namespace": "jadeFlow", "fontWeight": "bold", "itemScroll": {"x": 0, "y": 0}, "borderColor": "white", "focusBackColor": "#fbfbfc"}], "title": "7075f47449504e639571887473986da6", "source": "elsa", "tenant": "31f20efc7e0848deab6a6bc10fc3021e", "setting": {"pad": 10, "tag": {}, "code": "", "pDock": "none", "hAlign": "center", "margin": 25, "shadow": "", "shared": false, "vAlign": "top", "itemPad": [5, 5, 5, 5], "visible": true, "autoText": false, "dockMode": "none", "dragable": true, "editable": true, "fontFace": "arial", "fontSize": 12, "infoType": {"name": "none", "next": "INFORMATION"}, "moveable": true, "priority": 0, "allowLink": true, "autoWidth": false, "backAlpha": 0.15, "backColor": "whitesmoke", "dashWidth": 0, "deletable": true, "fontColor": "steelblue", "fontStyle": "normal", "headColor": "steelblue", "lineWidth": 2, "underline": false, "autoHeight": false, "emphasized": false, "fontWeight": "lighter", "itemScroll": {"x": 0, "y": 0}, "lineHeight": 1.5, "resizeable": true, "rotateAble": true, "scrollLock": {"x": false, "y": false}, "selectable": true, "shadowData": "2px 2px 4px", "borderColor": "#047bfc", "borderWidth": 1, "bulletSpeed": 1, "focusMargin": 0, "focusShadow": "", "globalAlpha": 1, "outstanding": false, "bulletedList": false, "cornerRadius": 4, "enableSocial": true, "mouseInColor": "orange", "numberedList": false, "outlineColor": "rgba(74,147,255,0.12)", "outlineWidth": 10, "rotateDegree": 0, "captionhAlign": "center", "strikethrough": false, "focusBackColor": "whitesmoke", "focusFontColor": "darkorange", "progressStatus": {"name": "NONE", "next": "UNKNOWN", "color": "gray"}, "showedProgress": false, "allNodeNumLimit": 99, "captionfontFace": "arial black", "captionfontSize": 14, "enableAnimation": false, "progressPercent": 0.65, "captionfontColor": "whitesmoke", "captionfontStyle": "normal", "focusBorderColor": "#047bfc", "focusBorderWidth": 1, "mouseInBackColor": "whitesmoke", "mouseInFontColor": "orange", "captionfontWeight": "lighter", "captionlineHeight": 1, "mouseInBorderColor": "#047bfc", "sameTypeNodeNumLimit": 19}, "flowMeta": {"callback": {"name": "通知回调", "type": "general_callback", "fitables": ["modelengine.fit.jober.fitable.FlowInfoCallback"]}, "enableOutputScope": true, "exceptionFitables": ["modelengine.fit.jober.aipp.fitable.AippFlowExceptionHandler", "modelengine.fit.jober.fitable.FlowInfoException"]}, "enableText": false}', 0)  ON CONFLICT (id) DO NOTHING;

INSERT INTO "public"."app_builder_form_property" ("id", "form_id", "name", "data_type", "default_value", "data_from", "in_group", "description", "default_index", "is_deleted", "app_id") VALUES ('2b9f6bf4cc8a4fdf8577f244172bd795', 'b8986770a6ffef44bbf2a9f26d6fc1be', 'ability', 'String', 'null', 'none', 'workflow', '能力配置', 1, 0, 'c419cf9d3f2d472da6b376bbb07c0f5a') ON CONFLICT (id) DO NOTHING;
INSERT INTO "public"."app_builder_form_property" ("id", "form_id", "name", "data_type", "default_value", "data_from", "in_group", "description", "default_index", "is_deleted", "app_id") VALUES ('1210169d69fc4a41978677eda6f2fa40', 'b8986770a6ffef44bbf2a9f26d6fc1be', 'enterWorkflow', 'String', 'null', 'none', 'ability', '进入工作流编排', 2, 0, 'c419cf9d3f2d472da6b376bbb07c0f5a') ON CONFLICT (id) DO NOTHING;
INSERT INTO "public"."app_builder_form_property" ("id", "form_id", "name", "data_type", "default_value", "data_from", "in_group", "description", "default_index", "is_deleted", "app_id") VALUES ('63053f5ed97b4b3389374fb53f48b622', 'b8986770a6ffef44bbf2a9f26d6fc1be', 'chat', 'String', 'null', 'none', 'workflow', '聊天设置', 3, 0, 'c419cf9d3f2d472da6b376bbb07c0f5a') ON CONFLICT (id) DO NOTHING;
INSERT INTO "public"."app_builder_form_property" ("id", "form_id", "name", "data_type", "default_value", "data_from", "in_group", "description", "default_index", "is_deleted", "app_id") VALUES ('bfcf1e4ef3e04e57ab3a0e22cb4c3c6a', 'b8986770a6ffef44bbf2a9f26d6fc1be', 'opening', 'String', '"Hi~你好！"', 'input', 'chat', '开场白', 4, 0, 'c419cf9d3f2d472da6b376bbb07c0f5a') ON CONFLICT (id) DO NOTHING;
INSERT INTO "public"."app_builder_form_property" ("id", "form_id", "name", "data_type", "default_value", "data_from", "in_group", "description", "default_index", "is_deleted", "app_id") VALUES ('a80ad3fc2f534efaa0d8d9ce712fb959', 'b8986770a6ffef44bbf2a9f26d6fc1be', 'workflow', 'String', 'null', 'none', 'null', '工作流编排', 0, 0, 'c419cf9d3f2d472da6b376bbb07c0f5a') ON CONFLICT (id) DO NOTHING;
INSERT INTO "public"."app_builder_form_property" ("id", "form_id", "name", "data_type", "default_value", "data_from", "in_group", "description", "default_index", "is_deleted", "app_id") VALUES ('8687c7fa1b6b4880a3a0b398d82b435d', 'b8986770a6ffef44bbf2a9f26d6fc1be', 'memory', 'List<String>', '["jade6qm5eg","memory"]', 'graph', 'chat', '多轮对话', 5, 0, 'c419cf9d3f2d472da6b376bbb07c0f5a') ON CONFLICT (id) DO NOTHING;
INSERT INTO "public"."app_builder_form_property" ("id", "form_id", "name", "data_type", "default_value", "data_from", "in_group", "description", "default_index", "is_deleted", "app_id") VALUES ('957e6742fff1494bb25672a808a420d1', 'b8986770a6ffef44bbf2a9f26d6fc1be', 'recommend', 'object', '{"showRecommend":false,"list":[]}', 'input', 'chat', '猜你想问', 6, 0, 'c419cf9d3f2d472da6b376bbb07c0f5a') ON CONFLICT (id) DO NOTHING;
INSERT INTO "public"."app_builder_form_property" ("id", "form_id", "name", "data_type", "default_value", "data_from", "in_group", "description", "default_index", "is_deleted", "app_id") VALUES ('8e451697002345d5a41d1dc4f05ce8cd', 'b8986770a6ffef44bbf2a9f26d6fc1be', 'inspiration', 'object', '{"category":[{"title":"root","id":"root","children":[]}],"inspirations":[{"name":"开始配置","description":"当你想要开始配置的时候，请点击。","prompt":"开始配置","promptVarData":[],"category":null,"auto":true,"id":"emgvsx"}],"showInspiration":true}', 'input', 'chat', '创意灵感', 7, 0, 'c419cf9d3f2d472da6b376bbb07c0f5a') ON CONFLICT (id) DO NOTHING;
INSERT INTO "public"."app_builder_form_property" ("id", "form_id", "name", "data_type", "default_value", "data_from", "in_group", "description", "default_index", "is_deleted", "app_id") VALUES ('a98380a087f245b588c0d90943dae056', 'b8986770a6ffef44bbf2a9f26d6fc1be', 'multimodal', 'object', '{"useMultimodal":true,"maxUploadFilesNum":5,"autoChatOnUpload":false}', 'input', 'chat', '多模态', 8, 0, 'c419cf9d3f2d472da6b376bbb07c0f5a') ON CONFLICT (id) DO NOTHING;

INSERT INTO "public"."task_new" ("id", "name", "version", "template_id", "tenant_id", "attributes", "created_by", "created_at", "updated_by", "updated_at", "is_deleted") VALUES ('62b2d37c111e4821a0e1e59b5b694a91', '知识库配置应用', '1.0.0', '5185dad4c8124522a2612c20f8497cf0', '31f20efc7e0848deab6a6bc10fc3021e', '{"app_id": "c419cf9d3f2d472da6b376bbb07c0f5a", "version": "1.0.0", "aipp_type": "NORMAL", "meta_icon": "", "publish_at": "2025-04-28T14:11:19.140470668", "description": "当你想要配置知识库的时候，请使用我！", "meta_status": "active", "unique_name": "4ff18263-7cc1-40fc-bd96-4c0ee9eb3af0", "flow_config_id": "7075f47449504e639571887473986da6", "flow_definition_id": "970b4eaf085d44179df6c505d4f96cc8", "publish_update_log": "", "publish_description": ""}', 'Jade', '2025-04-28 14:11:17.767357', 'Jade', '2025-04-28 14:11:19.15666', 0) ON CONFLICT (id) DO NOTHING;

INSERT INTO "public"."flow_definition" ("definition_id", "meta_id", "name", "tenant", "version", "status", "graph", "created_by", "created_at") VALUES ('970b4eaf085d44179df6c505d4f96cc8', '7075f47449504e639571887473986da6', '7075f47449504e639571887473986da6', '31f20efc7e0848deab6a6bc10fc3021e', '1.0.0', 'active', '{"name": "7075f47449504e639571887473986da6", "nodes": [{"name": "开始", "type": "startNodeStart", "metaId": "jade6qm5eg", "runnable": true, "inputParams": [{"id": "91138f09-b635-43df-95c6-1fe3d1745829", "from": "Expand", "name": "input", "type": "Object", "value": [{"id": "input_ae2ffd6e-2b9e-4e73-9d7f-0e661ec3dbdb", "from": "Input", "name": "Question", "type": "String", "value": "", "isVisible": true, "isRequired": true, "description": "这是用户输入的问题。", "displayName": "用户问题", "disableModifiable": true}], "config": [{"allowAdd": true}]}, {"id": "4a770dc6-e3c9-475d-84c7-48dacc74a5b6", "from": "Expand", "name": "memory", "type": "Object", "value": [{"id": "a7675623-7fc7-468c-8910-e73c70e5e468", "from": "Input", "name": "memorySwitch", "type": "Boolean", "value": false}, {"id": "cee9a31b-781c-4835-a616-ceed73be22f2", "from": "Input", "name": "type", "type": "String", "value": "ByConversationTurn"}, {"id": "69592622-4291-409d-9d65-9faea83db657", "from": "Input", "name": "value", "type": "Integer", "value": "3"}]}], "triggerMode": "auto"}, {"name": "退出表单结束", "type": "endNodeEnd", "metaId": "jadesoux5i", "callback": {"name": "通知回调", "type": "general_callback", "fitables": ["modelengine.fit.jober.aipp.fitable.AippFlowEndCallback"], "converter": {"type": "mapping_converter", "entity": {"inputParams": [{"id": "54dab89c-5693-4082-baa7-12c648d812f7", "from": "Expand", "name": "finalOutput", "type": "Object", "value": [{"id": "ffad80c2-3f60-4d57-93b2-c2362a5dab9c", "from": "Input", "name": "finalOutput", "type": "String", "value": "已退出，请重新开始对话来发起新的知识库配置请求。", "editable": true, "isRequired": true, "description": ""}], "editable": false, "isRequired": false, "referenceId": "", "referenceKey": "", "referenceNode": ""}, {"id": "c26bf2ca-75b3-4a6f-bc47-132c2e170895", "from": "Input", "name": "enableLog", "type": "Boolean", "value": true}], "outputParams": [{}]}}}, "runnable": true, "triggerMode": "auto"}, {"name": "查询知识库集列表", "type": "toolInvokeNodeState", "jober": {"name": "", "type": "STORE_JOBER", "entity": {"params": [{"name": "userId"}], "return": {"type": "array"}, "uniqueName": "aed53a7c-4701-437b-b651-a5ec298dd0cf"}, "fitables": [], "converter": {"type": "mapping_converter", "entity": {"inputParams": [{"id": "userId_19b06f68-cea8-4735-b969-0aaf6b116fc0", "from": "Reference", "name": "userId", "type": "String", "value": ["userId"], "isRequired": false, "description": "用户id", "referenceId": "userId", "referenceKey": "userId", "referenceNode": "_systemEnv"}], "outputParams": [{"id": "output_d4892455-0e93-46b5-aa9c-635c4b0c457b", "name": "output", "type": "Array", "value": []}]}}}, "metaId": "jadecz3u6c", "runnable": true, "joberFilter": {"type": "MINIMUM_SIZE_FILTER", "threshold": 1}, "triggerMode": "auto"}, {"to": "jadecz3u6c", "from": "jade6qm5eg", "type": "jadeEvent", "metaId": "jade89i9gi", "runnable": true, "fromConnector": "E"}, {"name": "查询知识库配置", "type": "toolInvokeNodeState", "jober": {"name": "", "type": "STORE_JOBER", "entity": {"params": [{"name": "userId"}], "return": {"type": "array"}, "uniqueName": "b04f2abf-8dbc-4103-b652-b26148838981"}, "fitables": [], "converter": {"type": "mapping_converter", "entity": {"inputParams": [{"id": "userId_a70ff0a8-b1be-4f17-91d3-43c54336777b", "from": "Reference", "name": "userId", "type": "String", "value": ["userId"], "isRequired": true, "description": "用户id", "referenceId": "userId", "referenceKey": "userId", "referenceNode": "_systemEnv"}], "outputParams": [{"id": "output_bbe22a56-e6d2-48eb-b8a2-9aedf5efcbca", "name": "output", "type": "Array", "value": []}]}}}, "metaId": "jadei19roa", "runnable": true, "joberFilter": {"type": "MINIMUM_SIZE_FILTER", "threshold": 1}, "triggerMode": "auto"}, {"to": "jadei19roa", "from": "jadecz3u6c", "type": "jadeEvent", "metaId": "jaderfoxvl", "runnable": true, "fromConnector": "E"}, {"name": "人工表单", "task": {"type": "AIPP_SMART_FORM", "imgUrl": "http://localhost:8001/api/jober/static/smart_form/17b732c9-5272-42a6-a79d-8d0334a8aa19/form.jpeg", "taskId": "aed5570845d440c78ed3326f8482483c", "formName": "知识库管理表单", "converter": {"type": "mapping_converter", "entity": {"inputParams": [{"id": "knowledgeList_4b685308-6c69-4003-8c15-58206d58f422", "from": "Reference", "name": "knowledgeList", "type": "Array", "value": ["output"], "isRequired": true, "referenceId": "output_bbe22a56-e6d2-48eb-b8a2-9aedf5efcbca", "referenceKey": "output", "referenceNode": "jadei19roa"}, {"id": "knowledgeOptions_ba5502bb-cf76-4a4d-99ee-24c07a6a0168", "from": "Reference", "name": "knowledgeOptions", "type": "Array", "value": ["output"], "isRequired": true, "referenceId": "output_d4892455-0e93-46b5-aa9c-635c4b0c457b", "referenceKey": "output", "referenceNode": "jadecz3u6c"}], "outputParams": [{"id": "output_8f40ac88-0578-40ba-9e1d-d07c9fbd4895", "name": "output", "type": "Object", "value": [{"id": "output_05328f82-59a9-4d1f-b0a5-abdd91b1c50a", "name": "info", "type": "Object", "value": [{"id": "95faeb9f-cb89-4fd8-84e1-b9456c80cb84", "name": "id", "type": "Integer", "value": "Integer"}, {"id": "3eb51995-476d-4042-b837-7bd386a28e11", "name": "name", "type": "String", "value": "String"}, {"id": "d6f2bc5d-5adf-4694-9604-4649da356592", "name": "apiKey", "type": "String", "value": "String"}, {"id": "05d099fd-c5b3-4637-94b1-e2bf54673e2b", "name": "groupId", "type": "String", "value": "String"}, {"id": "21db3893-26dd-4dd6-97c0-89395c9cff39", "name": "isDefault", "type": "Integer", "value": "Integer"}]}, {"id": "9b5a0c38-1a74-41aa-8b4b-a0a3b2417e50", "name": "action", "type": "String", "value": "String"}]}]}}}, "type": "manualCheckNodeState", "metaId": "jadec9yzdt", "runnable": true, "triggerMode": "manual"}, {"to": "jadec9yzdt", "from": "jadei19roa", "type": "jadeEvent", "metaId": "jadevfzbzx", "runnable": true, "fromConnector": "E"}, {"name": "条件", "type": "conditionNodeCondition", "metaId": "jadew0e5na", "runnable": true, "triggerMode": "auto", "conditionParams": {"branches": [{"id": "1b529270-f576-4482-9e10-829b5efe8f4c", "type": "if", "runnable": true, "conditions": [{"id": "1a238c89-f75b-434b-9db0-113f795b6948", "value": [{"id": "fa891702-7f64-48d2-a826-240f1f32f15a", "from": "Reference", "name": "left", "type": "String", "value": ["output", "action"], "referenceId": "9b5a0c38-1a74-41aa-8b4b-a0a3b2417e50", "referenceKey": "action", "referenceNode": "jadec9yzdt"}, {"id": "ca213caa-aa28-4d92-b8f9-508a31a535c3", "from": "Input", "name": "right", "type": "String", "value": "add", "referenceId": "", "referenceKey": "", "referenceNode": ""}], "condition": "equal"}], "conditionRelation": "and"}, {"id": "3662b75b-dcd5-4d42-b07e-323b540fed2c", "type": "if", "runnable": true, "conditions": [{"id": "eac5bf57-9a2c-46e9-b399-fbb1cf37767b", "value": [{"id": "89441c12-a9fd-4983-bd18-1afc3c9cc3f3", "from": "Reference", "name": "left", "type": "String", "value": ["output", "action"], "referenceId": "9b5a0c38-1a74-41aa-8b4b-a0a3b2417e50", "referenceKey": "action", "referenceNode": "jadec9yzdt"}, {"id": "73df1184-b2f9-403b-91b2-5be580ad929e", "from": "Input", "name": "right", "type": "String", "value": "delete", "referenceId": "", "referenceKey": "", "referenceNode": ""}], "condition": "equal"}], "conditionRelation": "and"}, {"id": "2a9016e8-dd25-49fd-a20f-8857f53eb5e5", "type": "if", "runnable": true, "conditions": [{"id": "317dbc6b-8d8b-4d1d-acea-7e639435f4ea", "value": [{"id": "4958c0b7-f7f5-4f54-81a2-db350387ea2b", "from": "Reference", "name": "left", "type": "String", "value": ["output", "action"], "referenceId": "9b5a0c38-1a74-41aa-8b4b-a0a3b2417e50", "referenceKey": "action", "referenceNode": "jadec9yzdt"}, {"id": "0da2406c-d0da-4e0e-a0ca-e6e765fe8fb4", "from": "Input", "name": "right", "type": "String", "value": "edit", "referenceId": "", "referenceKey": "", "referenceNode": ""}], "condition": "equal"}], "conditionRelation": "and"}, {"id": "1c79acc0-7a5d-4fe8-a16e-1393eee702ac", "type": "else", "runnable": true, "conditions": [{"id": "034537e5-252b-4f89-9dd9-3a77a634a6f2", "value": [], "condition": "true"}], "conditionRelation": "and"}], "jadeNodeConfigChangeIgnored": true}}, {"to": "jadew0e5na", "from": "jadec9yzdt", "type": "jadeEvent", "metaId": "jadec1nmlz", "runnable": true, "fromConnector": "E"}, {"name": "添加知识库配置", "type": "toolInvokeNodeState", "jober": {"name": "", "type": "STORE_JOBER", "entity": {"params": [{"name": "knowledgeConfigDto"}], "return": {"type": "null"}, "uniqueName": "f952e986-a1ee-474d-bd3a-bdf154db58e7"}, "fitables": [], "converter": {"type": "mapping_converter", "entity": {"inputParams": [{"id": "knowledgeConfigDto_261d3e3a-dcb8-4c22-a75f-3d3f74cf346c", "from": "Expand", "name": "knowledgeConfigDto", "type": "Object", "props": [{"id": "isDefault_0519a61d-f087-42ec-a936-3b9e8d8cfc85", "from": "Reference", "name": "isDefault", "type": "Boolean", "value": [], "isRequired": false, "referenceId": "", "referenceKey": "", "referenceNode": ""}, {"id": "apiKey_b70a892d-9e21-4b0b-b1b5-29095c02ee0e", "from": "Reference", "name": "apiKey", "type": "String", "value": [], "isRequired": false, "referenceId": "", "referenceKey": "", "referenceNode": ""}, {"id": "groupId_8717c66d-1924-481b-bec5-d86c1424db95", "from": "Reference", "name": "groupId", "type": "String", "value": [], "isRequired": false, "referenceId": "", "referenceKey": "", "referenceNode": ""}, {"id": "name_c3d1f111-e2fc-4e07-a9c8-2847bb76bcf2", "from": "Reference", "name": "name", "type": "String", "value": [], "isRequired": false, "referenceId": "", "referenceKey": "", "referenceNode": ""}, {"id": "id_13e5c2e6-04b3-45d3-83f0-3f93e5f424eb", "from": "Reference", "name": "id", "type": "Integer", "value": [], "isRequired": false, "referenceId": "", "referenceKey": "", "referenceNode": ""}, {"id": "userId_5ef13e2a-83df-4ec8-8a01-c3eb535cdbe1", "from": "Reference", "name": "userId", "type": "String", "value": [], "isRequired": false, "referenceId": "", "referenceKey": "", "referenceNode": ""}], "value": [{"id": "isDefault_0519a61d-f087-42ec-a936-3b9e8d8cfc85", "from": "Reference", "name": "isDefault", "type": "Integer", "value": ["output", "info", "isDefault"], "isRequired": false, "referenceId": "bf487724-94ab-49ee-b6f0-1e513aba1c56", "referenceKey": "isDefault", "referenceNode": "jadec9yzdt"}, {"id": "apiKey_b70a892d-9e21-4b0b-b1b5-29095c02ee0e", "from": "Reference", "name": "apiKey", "type": "String", "value": ["output", "info", "apiKey"], "isRequired": false, "referenceId": "6ffe7076-3c40-4635-b212-d346d19e25c6", "referenceKey": "apiKey", "referenceNode": "jadec9yzdt"}, {"id": "groupId_8717c66d-1924-481b-bec5-d86c1424db95", "from": "Reference", "name": "groupId", "type": "String", "value": ["output", "info", "groupId"], "isRequired": false, "referenceId": "a93a03cf-96a4-41c3-be28-253ac3f08db9", "referenceKey": "groupId", "referenceNode": "jadec9yzdt"}, {"id": "name_c3d1f111-e2fc-4e07-a9c8-2847bb76bcf2", "from": "Reference", "name": "name", "type": "String", "value": ["output", "info", "name"], "isRequired": false, "referenceId": "79f19d08-b670-47ea-9c4e-8cbeb4faafd9", "referenceKey": "name", "referenceNode": "jadec9yzdt"}, {"id": "id_13e5c2e6-04b3-45d3-83f0-3f93e5f424eb", "from": "Reference", "name": "id", "type": "Integer", "value": ["output", "info", "id"], "isRequired": false, "referenceId": "a41cf4ed-2caf-456f-a725-cd9fdd9e6d09", "referenceKey": "id", "referenceNode": "jadec9yzdt"}, {"id": "userId_5ef13e2a-83df-4ec8-8a01-c3eb535cdbe1", "from": "Reference", "name": "userId", "type": "String", "value": ["userId"], "isRequired": false, "referenceId": "userId", "referenceKey": "userId", "referenceNode": "_systemEnv"}], "isRequired": true, "description": "知识库配置dto", "referenceId": "", "referenceKey": "", "referenceNode": ""}], "outputParams": [{"id": "output_9ae5e3ff-b9bd-4324-8772-11b3e41c13b1", "name": "output", "type": "Null", "value": []}]}}}, "metaId": "jade1s5jcz", "runnable": true, "joberFilter": {"type": "MINIMUM_SIZE_FILTER", "threshold": 1}, "triggerMode": "auto"}, {"to": "jade1s5jcz", "from": "jadew0e5na", "type": "jadeEvent", "metaId": "jadelnyzxr", "runnable": true, "fromConnector": "dynamic-0|1b529270-f576-4482-9e10-829b5efe8f4c"}, {"name": "删除知识库配置", "type": "toolInvokeNodeState", "jober": {"name": "", "type": "STORE_JOBER", "entity": {"params": [{"name": "id"}], "return": {"type": "null"}, "uniqueName": "24146b66-2bbe-46a4-848b-1c48057a4ed7"}, "fitables": [], "converter": {"type": "mapping_converter", "entity": {"inputParams": [{"id": "id_304a6dbf-a9e3-40da-8d9f-99a090d65ec2", "from": "Reference", "name": "id", "type": "Integer", "value": ["output", "info", "id"], "isRequired": true, "description": "知识库配置id", "referenceId": "95faeb9f-cb89-4fd8-84e1-b9456c80cb84", "referenceKey": "id", "referenceNode": "jadec9yzdt"}], "outputParams": [{"id": "output_cb31d1c3-94e0-49b9-97ec-4821c259f009", "name": "output", "type": "Null", "value": []}]}}}, "metaId": "jadey43fab", "runnable": true, "joberFilter": {"type": "MINIMUM_SIZE_FILTER", "threshold": 1}, "triggerMode": "auto"}, {"to": "jadey43fab", "from": "jadew0e5na", "type": "jadeEvent", "metaId": "jadetwo6e9", "runnable": true, "fromConnector": "dynamic-1|3662b75b-dcd5-4d42-b07e-323b540fed2c"}, {"name": "修改知识库配置", "type": "toolInvokeNodeState", "jober": {"name": "", "type": "STORE_JOBER", "entity": {"params": [{"name": "knowledgeConfigDto"}], "return": {"type": "null"}, "uniqueName": "39eea5b4-034a-409a-935a-e9df7736dda8"}, "fitables": [], "converter": {"type": "mapping_converter", "entity": {"inputParams": [{"id": "knowledgeConfigDto_a6cfbc37-5b18-4b23-9d55-b0ba5c66275f", "from": "Expand", "name": "knowledgeConfigDto", "type": "Object", "props": [{"id": "isDefault_829e8f21-d2a9-400f-a397-1f61a63bc138", "from": "Reference", "name": "isDefault", "type": "Boolean", "value": [], "isRequired": false, "referenceId": "", "referenceKey": "", "referenceNode": ""}, {"id": "apiKey_cb882d6f-fa7f-4af8-8506-f7f38d47fd81", "from": "Reference", "name": "apiKey", "type": "String", "value": [], "isRequired": false, "referenceId": "", "referenceKey": "", "referenceNode": ""}, {"id": "groupId_fad4545f-0acc-4107-a03b-e1ad4b34efac", "from": "Reference", "name": "groupId", "type": "String", "value": [], "isRequired": false, "referenceId": "", "referenceKey": "", "referenceNode": ""}, {"id": "name_b6a7768b-41ef-48e7-b8bb-a33f59f8e97d", "from": "Reference", "name": "name", "type": "String", "value": [], "isRequired": false, "referenceId": "", "referenceKey": "", "referenceNode": ""}, {"id": "id_12af714a-bb40-4709-a0f8-68c900ef96c6", "from": "Reference", "name": "id", "type": "Integer", "value": [], "isRequired": false, "referenceId": "", "referenceKey": "", "referenceNode": ""}, {"id": "userId_fe3f0968-e107-4346-9bba-feb235e95e36", "from": "Reference", "name": "userId", "type": "String", "value": [], "isRequired": false, "referenceId": "", "referenceKey": "", "referenceNode": ""}], "value": [{"id": "isDefault_829e8f21-d2a9-400f-a397-1f61a63bc138", "from": "Reference", "name": "isDefault", "type": "Integer", "value": ["output", "info", "isDefault"], "isRequired": false, "referenceId": "bf487724-94ab-49ee-b6f0-1e513aba1c56", "referenceKey": "isDefault", "referenceNode": "jadec9yzdt"}, {"id": "apiKey_cb882d6f-fa7f-4af8-8506-f7f38d47fd81", "from": "Reference", "name": "apiKey", "type": "String", "value": ["output", "info", "apiKey"], "isRequired": false, "referenceId": "6ffe7076-3c40-4635-b212-d346d19e25c6", "referenceKey": "apiKey", "referenceNode": "jadec9yzdt"}, {"id": "groupId_fad4545f-0acc-4107-a03b-e1ad4b34efac", "from": "Reference", "name": "groupId", "type": "String", "value": ["output", "info", "groupId"], "isRequired": false, "referenceId": "a93a03cf-96a4-41c3-be28-253ac3f08db9", "referenceKey": "groupId", "referenceNode": "jadec9yzdt"}, {"id": "name_b6a7768b-41ef-48e7-b8bb-a33f59f8e97d", "from": "Reference", "name": "name", "type": "String", "value": ["output", "info", "name"], "isRequired": false, "referenceId": "79f19d08-b670-47ea-9c4e-8cbeb4faafd9", "referenceKey": "name", "referenceNode": "jadec9yzdt"}, {"id": "id_12af714a-bb40-4709-a0f8-68c900ef96c6", "from": "Reference", "name": "id", "type": "Integer", "value": ["output", "info", "id"], "isRequired": false, "referenceId": "a41cf4ed-2caf-456f-a725-cd9fdd9e6d09", "referenceKey": "id", "referenceNode": "jadec9yzdt"}, {"id": "userId_fe3f0968-e107-4346-9bba-feb235e95e36", "from": "Reference", "name": "userId", "type": "String", "value": ["userId"], "isRequired": false, "referenceId": "userId", "referenceKey": "userId", "referenceNode": "_systemEnv"}], "isRequired": true, "description": "知识库配置dto", "referenceId": "", "referenceKey": "", "referenceNode": ""}], "outputParams": [{"id": "output_112b0398-521f-4e2b-a2db-432d222d8d7b", "name": "output", "type": "Null", "value": []}]}}}, "metaId": "jadepkkcxc", "runnable": true, "joberFilter": {"type": "MINIMUM_SIZE_FILTER", "threshold": 1}, "triggerMode": "auto"}, {"to": "jadepkkcxc", "from": "jadew0e5na", "type": "jadeEvent", "metaId": "jadeq9kd4e", "runnable": true, "fromConnector": "dynamic-2|2a9016e8-dd25-49fd-a20f-8857f53eb5e5"}, {"to": "jadesoux5i", "from": "jadew0e5na", "type": "jadeEvent", "metaId": "jadecfc196", "runnable": true, "fromConnector": "dynamic-999"}, {"name": "添加知识库配置结束", "type": "endNodeEnd", "metaId": "jadetxz7va", "callback": {"name": "通知回调", "type": "general_callback", "fitables": ["modelengine.fit.jober.aipp.fitable.AippFlowEndCallback"], "converter": {"type": "mapping_converter", "entity": {"inputParams": [{"id": "09653288-b85d-473b-aa07-7f45d5d304c1", "from": "Expand", "name": "finalOutput", "type": "Object", "value": [{"id": "ed672a2c-4646-4159-b1e7-a5bad27f38ba", "from": "Input", "name": "finalOutput", "type": "String", "value": "添加知识库配置结束", "editable": true, "isRequired": true, "description": ""}], "editable": false, "isRequired": false, "referenceId": "", "referenceKey": "", "referenceNode": ""}, {"id": "9287a49c-1d31-40d5-aa84-2b41559e5524", "from": "Input", "name": "enableLog", "type": "Boolean", "value": true}], "outputParams": [{}]}}}, "runnable": true, "triggerMode": "auto"}, {"to": "jadetxz7va", "from": "jade1s5jcz", "type": "jadeEvent", "metaId": "jade794yv3", "runnable": true, "fromConnector": "E"}, {"name": "删除知识库配置结束", "type": "endNodeEnd", "metaId": "jadeosexw5", "callback": {"name": "通知回调", "type": "general_callback", "fitables": ["modelengine.fit.jober.aipp.fitable.AippFlowEndCallback"], "converter": {"type": "mapping_converter", "entity": {"inputParams": [{"id": "e8f6f23e-5cba-48bc-ac8c-7c586f33e829", "from": "Expand", "name": "finalOutput", "type": "Object", "value": [{"id": "85f62677-cc62-4b96-a72c-adaf98a41586", "from": "Input", "name": "finalOutput", "type": "String", "value": "刪除知识库配置结束", "editable": true, "isRequired": true, "description": ""}], "editable": false, "isRequired": false, "referenceId": "", "referenceKey": "", "referenceNode": ""}, {"id": "9de263fe-b145-49ba-b87d-42a8a9f31fcd", "from": "Input", "name": "enableLog", "type": "Boolean", "value": true}], "outputParams": [{}]}}}, "runnable": true, "triggerMode": "auto"}, {"to": "jadeosexw5", "from": "jadey43fab", "type": "jadeEvent", "metaId": "jadetzo1lg", "runnable": true, "fromConnector": "E"}, {"name": "修改知识库配置结束", "type": "endNodeEnd", "metaId": "jadeyg0z15", "callback": {"name": "通知回调", "type": "general_callback", "fitables": ["modelengine.fit.jober.aipp.fitable.AippFlowEndCallback"], "converter": {"type": "mapping_converter", "entity": {"inputParams": [{"id": "7bdd90a5-f510-42f7-be02-e01c34292e04", "from": "Expand", "name": "finalOutput", "type": "Object", "value": [{"id": "76cd9a71-97e4-46c9-8580-9ae21176ba23", "from": "Input", "name": "finalOutput", "type": "String", "value": "修改知识库配置结束", "editable": true, "isRequired": true, "description": ""}], "editable": false, "isRequired": false, "referenceId": "", "referenceKey": "", "referenceNode": ""}, {"id": "eddcd9df-7a1c-4ddf-b49a-01b9b8cf5662", "from": "Input", "name": "enableLog", "type": "Boolean", "value": true}], "outputParams": [{}]}}}, "runnable": true, "triggerMode": "auto"}, {"to": "jadeyg0z15", "from": "jadepkkcxc", "type": "jadeEvent", "metaId": "jade8je5i3", "runnable": true, "fromConnector": "E"}], "metaId": "7075f47449504e639571887473986da6", "status": "active", "version": "1.0.0", "callback": {"name": "通知回调", "type": "general_callback", "fitables": ["modelengine.fit.jober.fitable.FlowInfoCallback"]}, "enableOutputScope": true, "exceptionFitables": ["modelengine.fit.jober.aipp.fitable.AippFlowExceptionHandler", "modelengine.fit.jober.fitable.FlowInfoException"]}', 'Jade', '2025-04-28 14:11:17.785057') ON CONFLICT (definition_id) DO NOTHING;

INSERT INTO "public"."flow_graph" ("id", "version", "tenant", "status", "name", "data", "created_by", "created_at", "updated_by", "updated_at", "previous", "is_deleted") VALUES ('7075f47449504e639571887473986da6', '1.0.0', '31f20efc7e0848deab6a6bc10fc3021e', 'active', '7075f47449504e639571887473986da6', '{"id":"7075f47449504e639571887473986da6","title":"7075f47449504e639571887473986da6","source":"elsa","type":"jadeFlowGraph","tenant":"31f20efc7e0848deab6a6bc10fc3021e","setting":{"borderColor":"#047bfc","backColor":"whitesmoke","headColor":"steelblue","fontColor":"steelblue","captionfontColor":"whitesmoke","fontFace":"arial","captionfontFace":"arial black","fontSize":12,"captionfontSize":14,"fontStyle":"normal","captionfontStyle":"normal","fontWeight":"lighter","captionfontWeight":"lighter","hAlign":"center","vAlign":"top","captionhAlign":"center","lineHeight":1.5,"lineWidth":2,"captionlineHeight":1,"focusMargin":0,"focusBorderColor":"#047bfc","focusFontColor":"darkorange","focusBackColor":"whitesmoke","mouseInColor":"orange","mouseInBorderColor":"#047bfc","mouseInFontColor":"orange","mouseInBackColor":"whitesmoke","borderWidth":1,"focusBorderWidth":1,"globalAlpha":1,"backAlpha":0.15,"cornerRadius":4,"dashWidth":0,"autoText":false,"autoHeight":false,"autoWidth":false,"margin":25,"pad":10,"code":"","rotateDegree":0,"shadow":"","focusShadow":"","shadowData":"2px 2px 4px","outstanding":false,"pDock":"none","dockMode":"none","priority":0,"infoType":{"name":"none","next":"INFORMATION"},"progressStatus":{"name":"NONE","next":"UNKNOWN","color":"gray"},"progressPercent":0.65,"showedProgress":false,"itemPad":[5,5,5,5],"itemScroll":{"x":0,"y":0},"scrollLock":{"x":false,"y":false},"resizeable":true,"selectable":true,"rotateAble":true,"editable":true,"moveable":true,"dragable":true,"visible":true,"deletable":true,"allowLink":true,"shared":false,"strikethrough":false,"underline":false,"numberedList":false,"bulletedList":false,"enableAnimation":false,"enableSocial":true,"emphasized":false,"bulletSpeed":1,"tag":{},"allNodeNumLimit":99,"sameTypeNodeNumLimit":19,"outlineColor":"rgba(74,147,255,0.12)","outlineWidth":10},"pages":[{"x":-961.4761904761909,"y":116.92460317460332,"id":"elsa-page:tvp1s6","bold":false,"mode":"configuration","text":"newFlowPage","type":"jadeFlowPage","dirty":true,"index":0,"width":1600,"hAlign":"left","height":800,"isPage":true,"italic":false,"scaleX":0.7,"scaleY":0.7,"vAlign":"top","itemPad":[0,0,0,0],"division":-1,"dockMode":"none","fontFace":"arial","fontSize":18,"hideText":true,"moveable":true,"shapesAs":{},"backColor":"#fbfbfc","container":"elsa-page:tvp1s6","dockAlign":"top","fontColor":"#ECD0A7","fontStyle":"normal","itemSpace":5,"namespace":"jadeFlow","fontWeight":"bold","itemScroll":{"x":0,"y":0},"borderColor":"white","focusBackColor":"#fbfbfc","shapes":[{"x":0,"y":255,"id":"jade6qm5eg","pad":6,"bold":false,"text":"开始","type":"startNodeStart","dirty":false,"index":0,"width":360,"height":226,"italic":false,"shadow":"0 2px 4px 0 rgba(0,0,0,.1)","flowMeta":{"inputParams":[{"id":"91138f09-b635-43df-95c6-1fe3d1745829","from":"Expand","name":"input","type":"Object","value":[{"id":"input_ae2ffd6e-2b9e-4e73-9d7f-0e661ec3dbdb","from":"Input","name":"Question","type":"String","value":"","isVisible":true,"isRequired":true,"description":"这是用户输入的问题。","displayName":"用户问题","disableModifiable":true}],"config":[{"allowAdd":true}]},{"id":"4a770dc6-e3c9-475d-84c7-48dacc74a5b6","from":"Expand","name":"memory","type":"Object","value":[{"id":"a7675623-7fc7-468c-8910-e73c70e5e468","from":"Input","name":"memorySwitch","type":"Boolean","value":false},{"id":"cee9a31b-781c-4835-a616-ceed73be22f2","from":"Input","name":"type","type":"String","value":"ByConversationTurn"},{"id":"69592622-4291-409d-9d65-9faea83db657","from":"Input","name":"value","type":"Integer","value":"3"}]}],"triggerMode":"auto"},"hasError":false,"hideText":true,"moveable":true,"runnable":true,"backColor":"white","container":"elsa-page:tvp1s6","dashWidth":0,"deletable":false,"namespace":"flowable","autoHeight":true,"emphasized":false,"rotateAble":false,"borderColor":"rgba(28, 31, 35, 0.08)","borderWidth":1,"focusShadow":"0 0 1px rgba(0,0,0,.3),0 4px 14px rgba(0,0,0,.1)","runningTask":0,"triggerMode":"auto","warningTask":0,"cornerRadius":8,"outlineColor":"rgba(74, 147, 255, 0.12)","outlineWidth":10,"completedTask":0,"componentName":"startComponent","focusBackColor":"white","sourcePlatform":"official","enableAnimation":false,"focusBorderColor":"rgb(4, 123, 252)","mouseInBorderColor":"rgb(4, 123, 252)"},{"x":2290,"y":277,"id":"jadesoux5i","pad":6,"bold":false,"text":"退出表单结束","type":"endNodeEnd","dirty":false,"index":1,"width":360,"height":182,"italic":false,"shadow":"0 2px 4px 0 rgba(0,0,0,.1)","flowMeta":{"callback":{"name":"通知回调","type":"general_callback","fitables":["modelengine.fit.jober.aipp.fitable.AippFlowEndCallback"],"converter":{"type":"mapping_converter","entity":{"inputParams":[{"id":"54dab89c-5693-4082-baa7-12c648d812f7","from":"Expand","name":"finalOutput","type":"Object","value":[{"id":"ffad80c2-3f60-4d57-93b2-c2362a5dab9c","from":"Input","name":"finalOutput","type":"String","value":"已退出，请重新开始对话来发起新的知识库配置请求。","editable":true,"isRequired":true,"description":""}],"editable":false,"isRequired":false,"referenceId":"","referenceKey":"","referenceNode":""},{"id":"c26bf2ca-75b3-4a6f-bc47-132c2e170895","from":"Input","name":"enableLog","type":"Boolean","value":true}],"outputParams":[{}]}}},"triggerMode":"auto"},"hasError":false,"hideText":true,"moveable":true,"runnable":true,"backColor":"white","container":"elsa-page:tvp1s6","dashWidth":0,"deletable":true,"namespace":"flowable","autoHeight":true,"emphasized":false,"rotateAble":false,"borderColor":"rgba(28, 31, 35, 0.08)","borderWidth":1,"focusShadow":"0 0 1px rgba(0,0,0,.3),0 4px 14px rgba(0,0,0,.1)","runningTask":0,"triggerMode":"auto","warningTask":0,"cornerRadius":8,"outlineColor":"rgba(74, 147, 255, 0.12)","outlineWidth":10,"completedTask":0,"componentName":"endComponent","focusBackColor":"white","sourcePlatform":"official","enableAnimation":false,"focusBorderColor":"rgb(4, 123, 252)","mouseInBorderColor":"rgb(4, 123, 252)"},{"x":410,"y":219,"id":"jadecz3u6c","pad":6,"bold":false,"text":"查询知识库集列表","type":"toolInvokeNodeState","dirty":false,"index":2,"width":360,"height":186,"italic":false,"flowMeta":{"jober":{"name":"","type":"STORE_JOBER","entity":{"params":[{"name":"userId"}],"return":{"type":"array"},"uniqueName":"aed53a7c-4701-437b-b651-a5ec298dd0cf"},"fitables":[],"converter":{"type":"mapping_converter","entity":{"inputParams":[{"id":"userId_19b06f68-cea8-4735-b969-0aaf6b116fc0","from":"Reference","name":"userId","type":"String","value":["userId"],"isRequired":false,"description":"用户id","referenceId":"userId","referenceKey":"userId","referenceNode":"_systemEnv"}],"outputParams":[{"id":"output_d4892455-0e93-46b5-aa9c-635c4b0c457b","name":"output","type":"Array","value":[]}]}}},"joberFilter":{"type":"MINIMUM_SIZE_FILTER","threshold":1},"triggerMode":"auto"},"hideText":true,"moveable":true,"runnable":true,"backColor":"white","container":"elsa-page:tvp1s6","dashWidth":0,"namespace":"jadeFlow","autoHeight":true,"emphasized":false,"enableMask":false,"rotateAble":false,"borderColor":"rgba(28,31,35,.08)","borderWidth":1,"runningTask":0,"triggerMode":"auto","warningTask":0,"cornerRadius":8,"outlineColor":"rgba(74,147,255,0.12)","outlineWidth":10,"completedTask":0,"componentName":"toolInvokeComponent","focusBackColor":"white","sourcePlatform":"","enableAnimation":false,"focusBorderWidth":1,"mouseInBorderColor":"#B1B1B7"},{"x":360,"y":368,"id":"jade89i9gi","pad":0,"bold":false,"text":"","type":"jadeEvent","dirty":false,"index":3,"textX":0,"textY":0,"width":50,"hAlign":"center","height":-56,"italic":false,"margin":20,"toShape":"jadecz3u6c","endArrow":true,"hideText":true,"lineMode":{"type":"auto_curve"},"runnable":true,"allowLink":false,"backColor":"white","container":"elsa-page:tvp1s6","fromShape":"jade6qm5eg","lineWidth":2,"namespace":"elsa","beginArrow":false,"borderColor":"#B1B1B7","borderWidth":1,"curvePoint1":{"x":0,"y":0},"curvePoint2":{"x":0,"y":0},"brokenPoints":[],"endArrowSize":4,"arrowEndPoint":{"x":0,"y":0},"endArrowEmpty":false,"beginArrowSize":4,"arrowBeginPoint":{"x":0,"y":0},"beginArrowEmpty":false,"definedToConnector":"W","mouseInBorderColor":"#B1B1B7","allowSwitchLineMode":false,"definedFromConnector":"E"},{"x":820,"y":275,"id":"jadei19roa","pad":6,"bold":false,"text":"查询知识库配置","type":"toolInvokeNodeState","dirty":false,"index":4,"width":360,"height":186,"italic":false,"flowMeta":{"jober":{"name":"","type":"STORE_JOBER","entity":{"params":[{"name":"userId"}],"return":{"type":"array"},"uniqueName":"b04f2abf-8dbc-4103-b652-b26148838981"},"fitables":[],"converter":{"type":"mapping_converter","entity":{"inputParams":[{"id":"userId_a70ff0a8-b1be-4f17-91d3-43c54336777b","from":"Reference","name":"userId","type":"String","value":["userId"],"isRequired":true,"description":"用户id","referenceId":"userId","referenceKey":"userId","referenceNode":"_systemEnv"}],"outputParams":[{"id":"output_bbe22a56-e6d2-48eb-b8a2-9aedf5efcbca","name":"output","type":"Array","value":[]}]}}},"joberFilter":{"type":"MINIMUM_SIZE_FILTER","threshold":1},"triggerMode":"auto"},"hasError":false,"hideText":true,"moveable":true,"runnable":true,"backColor":"white","container":"elsa-page:tvp1s6","dashWidth":0,"namespace":"jadeFlow","autoHeight":true,"emphasized":false,"enableMask":false,"rotateAble":false,"borderColor":"rgba(28, 31, 35, 0.08)","borderWidth":1,"runningTask":0,"triggerMode":"auto","warningTask":0,"cornerRadius":8,"outlineColor":"rgba(74, 147, 255, 0.12)","outlineWidth":10,"completedTask":0,"componentName":"toolInvokeComponent","focusBackColor":"white","sourcePlatform":"","enableAnimation":false,"focusBorderColor":"rgb(4, 123, 252)","focusBorderWidth":1,"mouseInBorderColor":"rgb(4, 123, 252)"},{"x":770,"y":312,"id":"jaderfoxvl","pad":0,"bold":false,"text":"","type":"jadeEvent","dirty":false,"index":5,"textX":0,"textY":0,"width":50,"hAlign":"center","height":56,"italic":false,"margin":20,"toShape":"jadei19roa","endArrow":true,"hideText":true,"lineMode":{"type":"auto_curve"},"runnable":true,"allowLink":false,"backColor":"white","container":"elsa-page:tvp1s6","fromShape":"jadecz3u6c","lineWidth":2,"namespace":"elsa","beginArrow":false,"borderColor":"#B1B1B7","borderWidth":1,"curvePoint1":{"x":0,"y":0},"curvePoint2":{"x":0,"y":0},"brokenPoints":[],"endArrowSize":4,"arrowEndPoint":{"x":0,"y":0},"endArrowEmpty":false,"beginArrowSize":4,"arrowBeginPoint":{"x":0,"y":0},"beginArrowEmpty":false,"definedToConnector":"W","mouseInBorderColor":"#B1B1B7","allowSwitchLineMode":false,"definedFromConnector":"E"},{"x":1230,"y":110.5,"id":"jadec9yzdt","pad":6,"bold":false,"text":"人工表单","type":"manualCheckNodeState","dirty":false,"index":6,"width":360,"height":243,"italic":false,"flowMeta":{"task":{"type":"AIPP_SMART_FORM","imgUrl":"http://localhost:8001/api/jober/static/smart_form/17b732c9-5272-42a6-a79d-8d0334a8aa19/form.jpeg","taskId":"aed5570845d440c78ed3326f8482483c","formName":"知识库管理表单","converter":{"type":"mapping_converter","entity":{"inputParams":[{"id":"knowledgeList_4b685308-6c69-4003-8c15-58206d58f422","from":"Reference","name":"knowledgeList","type":"Array","value":["output"],"isRequired":true,"referenceId":"output_bbe22a56-e6d2-48eb-b8a2-9aedf5efcbca","referenceKey":"output","referenceNode":"jadei19roa"},{"id":"knowledgeOptions_ba5502bb-cf76-4a4d-99ee-24c07a6a0168","from":"Reference","name":"knowledgeOptions","type":"Array","value":["output"],"isRequired":true,"referenceId":"output_d4892455-0e93-46b5-aa9c-635c4b0c457b","referenceKey":"output","referenceNode":"jadecz3u6c"}],"outputParams":[{"id":"output_8f40ac88-0578-40ba-9e1d-d07c9fbd4895","name":"output","type":"Object","value":[{"id":"output_05328f82-59a9-4d1f-b0a5-abdd91b1c50a","name":"info","type":"Object","value":[{"id":"95faeb9f-cb89-4fd8-84e1-b9456c80cb84","name":"id","type":"Integer","value":"Integer"},{"id":"3eb51995-476d-4042-b837-7bd386a28e11","name":"name","type":"String","value":"String"},{"id":"d6f2bc5d-5adf-4694-9604-4649da356592","name":"apiKey","type":"String","value":"String"},{"id":"05d099fd-c5b3-4637-94b1-e2bf54673e2b","name":"groupId","type":"String","value":"String"},{"id":"21db3893-26dd-4dd6-97c0-89395c9cff39","name":"isDefault","type":"Integer","value":"Integer"}]},{"id":"9b5a0c38-1a74-41aa-8b4b-a0a3b2417e50","name":"action","type":"String","value":"String"}]}]}}},"joberFilter":{"type":"MINIMUM_SIZE_FILTER","threshold":1},"triggerMode":"manual"},"hasError":false,"hideText":true,"moveable":true,"runnable":true,"backColor":"white","container":"elsa-page:tvp1s6","dashWidth":0,"namespace":"jadeFlow","autoHeight":true,"emphasized":false,"enableMask":false,"rotateAble":false,"borderColor":"rgba(28, 31, 35, 0.08)","borderWidth":1,"runningTask":0,"triggerMode":"auto","warningTask":0,"cornerRadius":8,"outlineColor":"rgba(74, 147, 255, 0.12)","outlineWidth":10,"completedTask":0,"componentName":"manualCheckComponent","focusBackColor":"white","sourcePlatform":"official","enableAnimation":false,"focusBorderColor":"rgb(4, 123, 252)","focusBorderWidth":1,"mouseInBorderColor":"rgb(4, 123, 252)"},{"x":1180,"y":368,"id":"jadevfzbzx","pad":0,"bold":false,"text":"","type":"jadeEvent","dirty":true,"index":7,"textX":0,"textY":0,"width":50,"hAlign":"center","height":-136,"italic":false,"margin":20,"toShape":"jadec9yzdt","endArrow":true,"hideText":true,"lineMode":{"type":"auto_curve"},"runnable":true,"allowLink":false,"backColor":"white","container":"elsa-page:tvp1s6","fromShape":"jadei19roa","lineWidth":2,"namespace":"elsa","beginArrow":false,"borderColor":"#B1B1B7","borderWidth":1,"curvePoint1":{"x":0,"y":0},"curvePoint2":{"x":0,"y":0},"brokenPoints":[],"endArrowSize":4,"arrowEndPoint":{"x":0,"y":0},"endArrowEmpty":false,"beginArrowSize":4,"arrowBeginPoint":{"x":0,"y":0},"beginArrowEmpty":false,"definedToConnector":"W","mouseInBorderColor":"#B1B1B7","allowSwitchLineMode":false,"definedFromConnector":"E"},{"x":1640,"y":0,"id":"jadew0e5na","pad":6,"bold":false,"text":"条件","type":"conditionNodeCondition","dirty":false,"index":8,"width":600,"height":340,"italic":false,"flowMeta":{"joberFilter":{"type":"MINIMUM_SIZE_FILTER","threshold":1},"triggerMode":"auto","conditionParams":{"branches":[{"id":"1b529270-f576-4482-9e10-829b5efe8f4c","type":"if","runnable":true,"conditions":[{"id":"1a238c89-f75b-434b-9db0-113f795b6948","value":[{"id":"fa891702-7f64-48d2-a826-240f1f32f15a","from":"Reference","name":"left","type":"String","value":["output","action"],"referenceId":"9b5a0c38-1a74-41aa-8b4b-a0a3b2417e50","referenceKey":"action","referenceNode":"jadec9yzdt"},{"id":"ca213caa-aa28-4d92-b8f9-508a31a535c3","from":"Input","name":"right","type":"String","value":"add","referenceId":"","referenceKey":"","referenceNode":""}],"condition":"equal"}],"conditionRelation":"and"},{"id":"3662b75b-dcd5-4d42-b07e-323b540fed2c","type":"if","runnable":true,"conditions":[{"id":"eac5bf57-9a2c-46e9-b399-fbb1cf37767b","value":[{"id":"89441c12-a9fd-4983-bd18-1afc3c9cc3f3","from":"Reference","name":"left","type":"String","value":["output","action"],"referenceId":"9b5a0c38-1a74-41aa-8b4b-a0a3b2417e50","referenceKey":"action","referenceNode":"jadec9yzdt"},{"id":"73df1184-b2f9-403b-91b2-5be580ad929e","from":"Input","name":"right","type":"String","value":"delete","referenceId":"","referenceKey":"","referenceNode":""}],"condition":"equal"}],"conditionRelation":"and"},{"id":"2a9016e8-dd25-49fd-a20f-8857f53eb5e5","type":"if","runnable":true,"conditions":[{"id":"317dbc6b-8d8b-4d1d-acea-7e639435f4ea","value":[{"id":"4958c0b7-f7f5-4f54-81a2-db350387ea2b","from":"Reference","name":"left","type":"String","value":["output","action"],"referenceId":"9b5a0c38-1a74-41aa-8b4b-a0a3b2417e50","referenceKey":"action","referenceNode":"jadec9yzdt"},{"id":"0da2406c-d0da-4e0e-a0ca-e6e765fe8fb4","from":"Input","name":"right","type":"String","value":"edit","referenceId":"","referenceKey":"","referenceNode":""}],"condition":"equal"}],"conditionRelation":"and"},{"id":"1c79acc0-7a5d-4fe8-a16e-1393eee702ac","type":"else","runnable":true,"conditions":[{"id":"034537e5-252b-4f89-9dd9-3a77a634a6f2","value":[],"condition":"true"}],"conditionRelation":"and"}],"jadeNodeConfigChangeIgnored":true}},"hasError":false,"hideText":true,"moveable":true,"runnable":true,"backColor":"white","container":"elsa-page:tvp1s6","dashWidth":0,"namespace":"jadeFlow","autoHeight":true,"emphasized":false,"enableMask":false,"rotateAble":false,"borderColor":"rgba(28, 31, 35, 0.08)","borderWidth":1,"runningTask":0,"triggerMode":"auto","warningTask":0,"cornerRadius":8,"outlineColor":"rgba(74, 147, 255, 0.12)","outlineWidth":10,"completedTask":0,"componentName":"conditionComponent","focusBackColor":"white","sourcePlatform":"official","enableAnimation":false,"focusBorderColor":"rgb(4, 123, 252)","focusBorderWidth":1,"mouseInBorderColor":"rgb(4, 123, 252)"},{"x":1590,"y":232,"id":"jadec1nmlz","pad":0,"bold":false,"text":"","type":"jadeEvent","dirty":true,"index":9,"textX":0,"textY":0,"width":50,"hAlign":"center","height":-62,"italic":false,"margin":20,"toShape":"jadew0e5na","endArrow":true,"hideText":true,"lineMode":{"type":"auto_curve"},"runnable":true,"allowLink":false,"backColor":"white","container":"elsa-page:tvp1s6","fromShape":"jadec9yzdt","lineWidth":2,"namespace":"elsa","beginArrow":false,"borderColor":"#B1B1B7","borderWidth":1,"curvePoint1":{"x":0,"y":0},"curvePoint2":{"x":0,"y":0},"brokenPoints":[],"endArrowSize":4,"arrowEndPoint":{"x":0,"y":0},"endArrowEmpty":false,"beginArrowSize":4,"arrowBeginPoint":{"x":0,"y":0},"beginArrowEmpty":false,"definedToConnector":"W","mouseInBorderColor":"#B1B1B7","allowSwitchLineMode":false,"definedFromConnector":"E"},{"x":2290,"y":499,"id":"jade1s5jcz","pad":6,"bold":false,"text":"添加知识库配置","type":"toolInvokeNodeState","dirty":false,"index":10,"width":360,"height":186,"italic":false,"flowMeta":{"jober":{"name":"","type":"STORE_JOBER","entity":{"params":[{"name":"knowledgeConfigDto"}],"return":{"type":"null"},"uniqueName":"f952e986-a1ee-474d-bd3a-bdf154db58e7"},"fitables":[],"converter":{"type":"mapping_converter","entity":{"inputParams":[{"id":"knowledgeConfigDto_261d3e3a-dcb8-4c22-a75f-3d3f74cf346c","from":"Expand","name":"knowledgeConfigDto","type":"Object","props":[{"id":"isDefault_0519a61d-f087-42ec-a936-3b9e8d8cfc85","from":"Reference","name":"isDefault","type":"Boolean","value":[],"isRequired":false,"referenceId":"","referenceKey":"","referenceNode":""},{"id":"apiKey_b70a892d-9e21-4b0b-b1b5-29095c02ee0e","from":"Reference","name":"apiKey","type":"String","value":[],"isRequired":false,"referenceId":"","referenceKey":"","referenceNode":""},{"id":"groupId_8717c66d-1924-481b-bec5-d86c1424db95","from":"Reference","name":"groupId","type":"String","value":[],"isRequired":false,"referenceId":"","referenceKey":"","referenceNode":""},{"id":"name_c3d1f111-e2fc-4e07-a9c8-2847bb76bcf2","from":"Reference","name":"name","type":"String","value":[],"isRequired":false,"referenceId":"","referenceKey":"","referenceNode":""},{"id":"id_13e5c2e6-04b3-45d3-83f0-3f93e5f424eb","from":"Reference","name":"id","type":"Integer","value":[],"isRequired":false,"referenceId":"","referenceKey":"","referenceNode":""},{"id":"userId_5ef13e2a-83df-4ec8-8a01-c3eb535cdbe1","from":"Reference","name":"userId","type":"String","value":[],"isRequired":false,"referenceId":"","referenceKey":"","referenceNode":""}],"value":[{"id":"isDefault_0519a61d-f087-42ec-a936-3b9e8d8cfc85","from":"Reference","name":"isDefault","type":"Integer","value":["output","info","isDefault"],"isRequired":false,"referenceId":"bf487724-94ab-49ee-b6f0-1e513aba1c56","referenceKey":"isDefault","referenceNode":"jadec9yzdt"},{"id":"apiKey_b70a892d-9e21-4b0b-b1b5-29095c02ee0e","from":"Reference","name":"apiKey","type":"String","value":["output","info","apiKey"],"isRequired":false,"referenceId":"6ffe7076-3c40-4635-b212-d346d19e25c6","referenceKey":"apiKey","referenceNode":"jadec9yzdt"},{"id":"groupId_8717c66d-1924-481b-bec5-d86c1424db95","from":"Reference","name":"groupId","type":"String","value":["output","info","groupId"],"isRequired":false,"referenceId":"a93a03cf-96a4-41c3-be28-253ac3f08db9","referenceKey":"groupId","referenceNode":"jadec9yzdt"},{"id":"name_c3d1f111-e2fc-4e07-a9c8-2847bb76bcf2","from":"Reference","name":"name","type":"String","value":["output","info","name"],"isRequired":false,"referenceId":"79f19d08-b670-47ea-9c4e-8cbeb4faafd9","referenceKey":"name","referenceNode":"jadec9yzdt"},{"id":"id_13e5c2e6-04b3-45d3-83f0-3f93e5f424eb","from":"Reference","name":"id","type":"Integer","value":["output","info","id"],"isRequired":false,"referenceId":"a41cf4ed-2caf-456f-a725-cd9fdd9e6d09","referenceKey":"id","referenceNode":"jadec9yzdt"},{"id":"userId_5ef13e2a-83df-4ec8-8a01-c3eb535cdbe1","from":"Reference","name":"userId","type":"String","value":["userId"],"isRequired":false,"referenceId":"userId","referenceKey":"userId","referenceNode":"_systemEnv"}],"isRequired":true,"description":"知识库配置dto","referenceId":"","referenceKey":"","referenceNode":""}],"outputParams":[{"id":"output_9ae5e3ff-b9bd-4324-8772-11b3e41c13b1","name":"output","type":"Null","value":[]}]}}},"joberFilter":{"type":"MINIMUM_SIZE_FILTER","threshold":1},"triggerMode":"auto"},"hideText":true,"moveable":true,"runnable":true,"backColor":"white","container":"elsa-page:tvp1s6","dashWidth":0,"namespace":"jadeFlow","autoHeight":true,"emphasized":false,"enableMask":false,"rotateAble":false,"borderColor":"rgba(28,31,35,.08)","borderWidth":1,"runningTask":0,"triggerMode":"auto","warningTask":0,"cornerRadius":8,"outlineColor":"rgba(74,147,255,0.12)","outlineWidth":10,"completedTask":0,"componentName":"toolInvokeComponent","focusBackColor":"white","sourcePlatform":"","enableAnimation":false,"focusBorderWidth":1,"mouseInBorderColor":"#B1B1B7"},{"x":2228.7142508370534,"y":121.00000653948103,"id":"jadelnyzxr","pad":0,"bold":false,"text":"","type":"jadeEvent","dirty":true,"index":11,"textX":0,"textY":0,"width":61.28574916294656,"hAlign":"center","height":470.99999346051897,"italic":false,"margin":20,"toShape":"jade1s5jcz","endArrow":true,"hideText":true,"lineMode":{"type":"auto_curve"},"runnable":true,"allowLink":false,"backColor":"white","container":"elsa-page:tvp1s6","fromShape":"jadew0e5na","lineWidth":2,"namespace":"elsa","beginArrow":false,"borderColor":"#B1B1B7","borderWidth":1,"curvePoint1":{"x":0,"y":0},"curvePoint2":{"x":0,"y":0},"brokenPoints":[],"endArrowSize":4,"arrowEndPoint":{"x":0,"y":0},"endArrowEmpty":false,"beginArrowSize":4,"arrowBeginPoint":{"x":0,"y":0},"beginArrowEmpty":false,"definedToConnector":"W","mouseInBorderColor":"#B1B1B7","allowSwitchLineMode":false,"definedFromConnector":"dynamic-0|1b529270-f576-4482-9e10-829b5efe8f4c"},{"x":2292.857142857144,"y":715.0000000000002,"id":"jadey43fab","pad":6,"bold":false,"text":"删除知识库配置","type":"toolInvokeNodeState","dirty":false,"index":12,"width":360,"height":186,"italic":false,"flowMeta":{"jober":{"name":"","type":"STORE_JOBER","entity":{"params":[{"name":"id"}],"return":{"type":"null"},"uniqueName":"24146b66-2bbe-46a4-848b-1c48057a4ed7"},"fitables":[],"converter":{"type":"mapping_converter","entity":{"inputParams":[{"id":"id_304a6dbf-a9e3-40da-8d9f-99a090d65ec2","from":"Reference","name":"id","type":"Integer","value":["output","info","id"],"isRequired":true,"description":"知识库配置id","referenceId":"95faeb9f-cb89-4fd8-84e1-b9456c80cb84","referenceKey":"id","referenceNode":"jadec9yzdt"}],"outputParams":[{"id":"output_cb31d1c3-94e0-49b9-97ec-4821c259f009","name":"output","type":"Null","value":[]}]}}},"joberFilter":{"type":"MINIMUM_SIZE_FILTER","threshold":1},"triggerMode":"auto"},"hasError":false,"hideText":true,"moveable":true,"runnable":true,"backColor":"white","container":"elsa-page:tvp1s6","dashWidth":0,"namespace":"jadeFlow","autoHeight":true,"emphasized":false,"enableMask":false,"rotateAble":false,"borderColor":"rgba(28, 31, 35, 0.08)","borderWidth":1,"runningTask":0,"triggerMode":"auto","warningTask":0,"cornerRadius":8,"outlineColor":"rgba(74, 147, 255, 0.12)","outlineWidth":10,"completedTask":0,"componentName":"toolInvokeComponent","focusBackColor":"white","sourcePlatform":"","enableAnimation":false,"focusBorderColor":"rgb(4, 123, 252)","focusBorderWidth":1,"mouseInBorderColor":"rgb(4, 123, 252)"},{"x":2228.7142508370534,"y":176.99999128069197,"id":"jadetwo6e9","pad":0,"bold":false,"text":"","type":"jadeEvent","dirty":true,"index":13,"textX":0,"textY":0,"width":64.14289202009058,"hAlign":"center","height":631.0000087193082,"italic":false,"margin":20,"toShape":"jadey43fab","endArrow":true,"hideText":true,"lineMode":{"type":"auto_curve"},"runnable":true,"allowLink":false,"backColor":"white","container":"elsa-page:tvp1s6","fromShape":"jadew0e5na","lineWidth":2,"namespace":"elsa","beginArrow":false,"borderColor":"#B1B1B7","borderWidth":1,"curvePoint1":{"x":0,"y":0},"curvePoint2":{"x":0,"y":0},"brokenPoints":[],"endArrowSize":4,"arrowEndPoint":{"x":0,"y":0},"endArrowEmpty":false,"beginArrowSize":4,"arrowBeginPoint":{"x":0,"y":0},"beginArrowEmpty":false,"definedToConnector":"W","mouseInBorderColor":"#B1B1B7","allowSwitchLineMode":false,"definedFromConnector":"dynamic-1|3662b75b-dcd5-4d42-b07e-323b540fed2c"},{"x":2297.142857142856,"y":1001.5714285714284,"id":"jadepkkcxc","pad":6,"bold":false,"text":"修改知识库配置","type":"toolInvokeNodeState","dirty":false,"index":14,"width":360,"height":186,"italic":false,"flowMeta":{"jober":{"name":"","type":"STORE_JOBER","entity":{"params":[{"name":"knowledgeConfigDto"}],"return":{"type":"null"},"uniqueName":"39eea5b4-034a-409a-935a-e9df7736dda8"},"fitables":[],"converter":{"type":"mapping_converter","entity":{"inputParams":[{"id":"knowledgeConfigDto_a6cfbc37-5b18-4b23-9d55-b0ba5c66275f","from":"Expand","name":"knowledgeConfigDto","type":"Object","props":[{"id":"isDefault_829e8f21-d2a9-400f-a397-1f61a63bc138","from":"Reference","name":"isDefault","type":"Boolean","value":[],"isRequired":false,"referenceId":"","referenceKey":"","referenceNode":""},{"id":"apiKey_cb882d6f-fa7f-4af8-8506-f7f38d47fd81","from":"Reference","name":"apiKey","type":"String","value":[],"isRequired":false,"referenceId":"","referenceKey":"","referenceNode":""},{"id":"groupId_fad4545f-0acc-4107-a03b-e1ad4b34efac","from":"Reference","name":"groupId","type":"String","value":[],"isRequired":false,"referenceId":"","referenceKey":"","referenceNode":""},{"id":"name_b6a7768b-41ef-48e7-b8bb-a33f59f8e97d","from":"Reference","name":"name","type":"String","value":[],"isRequired":false,"referenceId":"","referenceKey":"","referenceNode":""},{"id":"id_12af714a-bb40-4709-a0f8-68c900ef96c6","from":"Reference","name":"id","type":"Integer","value":[],"isRequired":false,"referenceId":"","referenceKey":"","referenceNode":""},{"id":"userId_fe3f0968-e107-4346-9bba-feb235e95e36","from":"Reference","name":"userId","type":"String","value":[],"isRequired":false,"referenceId":"","referenceKey":"","referenceNode":""}],"value":[{"id":"isDefault_829e8f21-d2a9-400f-a397-1f61a63bc138","from":"Reference","name":"isDefault","type":"Integer","value":["output","info","isDefault"],"isRequired":false,"referenceId":"bf487724-94ab-49ee-b6f0-1e513aba1c56","referenceKey":"isDefault","referenceNode":"jadec9yzdt"},{"id":"apiKey_cb882d6f-fa7f-4af8-8506-f7f38d47fd81","from":"Reference","name":"apiKey","type":"String","value":["output","info","apiKey"],"isRequired":false,"referenceId":"6ffe7076-3c40-4635-b212-d346d19e25c6","referenceKey":"apiKey","referenceNode":"jadec9yzdt"},{"id":"groupId_fad4545f-0acc-4107-a03b-e1ad4b34efac","from":"Reference","name":"groupId","type":"String","value":["output","info","groupId"],"isRequired":false,"referenceId":"a93a03cf-96a4-41c3-be28-253ac3f08db9","referenceKey":"groupId","referenceNode":"jadec9yzdt"},{"id":"name_b6a7768b-41ef-48e7-b8bb-a33f59f8e97d","from":"Reference","name":"name","type":"String","value":["output","info","name"],"isRequired":false,"referenceId":"79f19d08-b670-47ea-9c4e-8cbeb4faafd9","referenceKey":"name","referenceNode":"jadec9yzdt"},{"id":"id_12af714a-bb40-4709-a0f8-68c900ef96c6","from":"Reference","name":"id","type":"Integer","value":["output","info","id"],"isRequired":false,"referenceId":"a41cf4ed-2caf-456f-a725-cd9fdd9e6d09","referenceKey":"id","referenceNode":"jadec9yzdt"},{"id":"userId_fe3f0968-e107-4346-9bba-feb235e95e36","from":"Reference","name":"userId","type":"String","value":["userId"],"isRequired":false,"referenceId":"userId","referenceKey":"userId","referenceNode":"_systemEnv"}],"isRequired":true,"description":"知识库配置dto","referenceId":"","referenceKey":"","referenceNode":""}],"outputParams":[{"id":"output_112b0398-521f-4e2b-a2db-432d222d8d7b","name":"output","type":"Null","value":[]}]}}},"joberFilter":{"type":"MINIMUM_SIZE_FILTER","threshold":1},"triggerMode":"auto"},"hideText":true,"moveable":true,"runnable":true,"backColor":"white","container":"elsa-page:tvp1s6","dashWidth":0,"namespace":"jadeFlow","autoHeight":true,"emphasized":false,"enableMask":false,"rotateAble":false,"borderColor":"rgba(28,31,35,.08)","borderWidth":1,"runningTask":0,"triggerMode":"auto","warningTask":0,"cornerRadius":8,"outlineColor":"rgba(74,147,255,0.12)","outlineWidth":10,"completedTask":0,"componentName":"toolInvokeComponent","focusBackColor":"white","sourcePlatform":"","enableAnimation":false,"focusBorderWidth":1,"mouseInBorderColor":"#B1B1B7"},{"x":2228.7142508370534,"y":232.999997820173,"id":"jadeq9kd4e","pad":0,"bold":false,"text":"","type":"jadeEvent","dirty":true,"index":15,"textX":0,"textY":0,"width":68.42860630580253,"hAlign":"center","height":861.5714307512554,"italic":false,"margin":20,"toShape":"jadepkkcxc","endArrow":true,"hideText":true,"lineMode":{"type":"auto_curve"},"runnable":true,"allowLink":false,"backColor":"white","container":"elsa-page:tvp1s6","fromShape":"jadew0e5na","lineWidth":2,"namespace":"elsa","beginArrow":false,"borderColor":"#B1B1B7","borderWidth":1,"curvePoint1":{"x":0,"y":0},"curvePoint2":{"x":0,"y":0},"brokenPoints":[],"endArrowSize":4,"arrowEndPoint":{"x":0,"y":0},"endArrowEmpty":false,"beginArrowSize":4,"arrowBeginPoint":{"x":0,"y":0},"beginArrowEmpty":false,"definedToConnector":"W","mouseInBorderColor":"#B1B1B7","allowSwitchLineMode":false,"definedFromConnector":"dynamic-2|2a9016e8-dd25-49fd-a20f-8857f53eb5e5"},{"x":2228.7142508370534,"y":280.0000108991351,"id":"jadecfc196","pad":0,"bold":false,"text":"","type":"jadeEvent","dirty":true,"index":16,"textX":0,"textY":0,"width":61.28574916294656,"hAlign":"center","height":87.99998910086492,"italic":false,"margin":20,"toShape":"jadesoux5i","endArrow":true,"hideText":true,"lineMode":{"type":"auto_curve"},"runnable":true,"allowLink":false,"backColor":"white","container":"elsa-page:tvp1s6","fromShape":"jadew0e5na","lineWidth":2,"namespace":"elsa","beginArrow":false,"borderColor":"#B1B1B7","borderWidth":1,"curvePoint1":{"x":0,"y":0},"curvePoint2":{"x":0,"y":0},"brokenPoints":[],"endArrowSize":4,"arrowEndPoint":{"x":0,"y":0},"endArrowEmpty":false,"beginArrowSize":4,"arrowBeginPoint":{"x":0,"y":0},"beginArrowEmpty":false,"definedToConnector":"W","mouseInBorderColor":"#B1B1B7","allowSwitchLineMode":false,"definedFromConnector":"dynamic-999"},{"x":2700,"y":501,"id":"jadetxz7va","pad":6,"bold":false,"text":"添加知识库配置结束","type":"endNodeEnd","dirty":false,"index":17,"width":360,"height":182,"italic":false,"flowMeta":{"callback":{"name":"通知回调","type":"general_callback","fitables":["modelengine.fit.jober.aipp.fitable.AippFlowEndCallback"],"converter":{"type":"mapping_converter","entity":{"inputParams":[{"id":"09653288-b85d-473b-aa07-7f45d5d304c1","from":"Expand","name":"finalOutput","type":"Object","value":[{"id":"ed672a2c-4646-4159-b1e7-a5bad27f38ba","from":"Input","name":"finalOutput","type":"String","value":"添加知识库配置结束","editable":true,"isRequired":true,"description":""}],"editable":false,"isRequired":false,"referenceId":"","referenceKey":"","referenceNode":""},{"id":"9287a49c-1d31-40d5-aa84-2b41559e5524","from":"Input","name":"enableLog","type":"Boolean","value":true}],"outputParams":[{}]}}},"triggerMode":"auto"},"hideText":true,"moveable":true,"runnable":true,"backColor":"white","container":"elsa-page:tvp1s6","dashWidth":0,"deletable":true,"namespace":"jadeFlow","autoHeight":true,"emphasized":false,"enableMask":false,"rotateAble":false,"borderColor":"rgba(28,31,35,.08)","borderWidth":1,"runningTask":0,"triggerMode":"auto","warningTask":0,"cornerRadius":8,"outlineColor":"rgba(74,147,255,0.12)","outlineWidth":10,"completedTask":0,"componentName":"endComponent","focusBackColor":"white","sourcePlatform":"official","enableAnimation":false,"focusBorderWidth":1,"mouseInBorderColor":"#B1B1B7"},{"x":2650,"y":592,"id":"jade794yv3","pad":0,"bold":false,"text":"","type":"jadeEvent","dirty":false,"index":18,"textX":0,"textY":0,"width":50,"hAlign":"center","height":0,"italic":false,"margin":20,"toShape":"jadetxz7va","endArrow":true,"hideText":true,"lineMode":{"type":"auto_curve"},"runnable":true,"allowLink":false,"backColor":"white","container":"elsa-page:tvp1s6","fromShape":"jade1s5jcz","lineWidth":2,"namespace":"elsa","beginArrow":false,"borderColor":"#B1B1B7","borderWidth":1,"curvePoint1":{"x":0,"y":0},"curvePoint2":{"x":0,"y":0},"brokenPoints":[],"endArrowSize":4,"arrowEndPoint":{"x":0,"y":0},"endArrowEmpty":false,"beginArrowSize":4,"arrowBeginPoint":{"x":0,"y":0},"beginArrowEmpty":false,"definedToConnector":"W","mouseInBorderColor":"#B1B1B7","allowSwitchLineMode":false,"definedFromConnector":"E"},{"x":2700,"y":763,"id":"jadeosexw5","pad":6,"bold":false,"text":"删除知识库配置结束","type":"endNodeEnd","dirty":false,"index":19,"width":360,"height":182,"italic":false,"flowMeta":{"callback":{"name":"通知回调","type":"general_callback","fitables":["modelengine.fit.jober.aipp.fitable.AippFlowEndCallback"],"converter":{"type":"mapping_converter","entity":{"inputParams":[{"id":"e8f6f23e-5cba-48bc-ac8c-7c586f33e829","from":"Expand","name":"finalOutput","type":"Object","value":[{"id":"85f62677-cc62-4b96-a72c-adaf98a41586","from":"Input","name":"finalOutput","type":"String","value":"刪除知识库配置结束","editable":true,"isRequired":true,"description":""}],"editable":false,"isRequired":false,"referenceId":"","referenceKey":"","referenceNode":""},{"id":"9de263fe-b145-49ba-b87d-42a8a9f31fcd","from":"Input","name":"enableLog","type":"Boolean","value":true}],"outputParams":[{}]}}},"triggerMode":"auto"},"hasError":false,"hideText":true,"moveable":true,"runnable":true,"backColor":"white","container":"elsa-page:tvp1s6","dashWidth":0,"deletable":true,"namespace":"jadeFlow","autoHeight":true,"emphasized":false,"enableMask":false,"rotateAble":false,"borderColor":"rgba(28, 31, 35, 0.08)","borderWidth":1,"runningTask":0,"triggerMode":"auto","warningTask":0,"cornerRadius":8,"outlineColor":"rgba(74, 147, 255, 0.12)","outlineWidth":10,"completedTask":0,"componentName":"endComponent","focusBackColor":"white","sourcePlatform":"official","enableAnimation":false,"focusBorderColor":"rgb(4, 123, 252)","focusBorderWidth":1,"mouseInBorderColor":"rgb(4, 123, 252)"},{"x":2652.857142857144,"y":808.0000000000002,"id":"jadetzo1lg","pad":0,"bold":false,"text":"","type":"jadeEvent","dirty":true,"index":20,"textX":0,"textY":0,"width":47.14285714285597,"hAlign":"center","height":45.99999999999977,"italic":false,"margin":20,"toShape":"jadeosexw5","endArrow":true,"hideText":true,"lineMode":{"type":"auto_curve"},"runnable":true,"allowLink":false,"backColor":"white","container":"elsa-page:tvp1s6","fromShape":"jadey43fab","lineWidth":2,"namespace":"elsa","beginArrow":false,"borderColor":"#B1B1B7","borderWidth":1,"curvePoint1":{"x":0,"y":0},"curvePoint2":{"x":0,"y":0},"brokenPoints":[],"endArrowSize":4,"arrowEndPoint":{"x":0,"y":0},"endArrowEmpty":false,"beginArrowSize":4,"arrowBeginPoint":{"x":0,"y":0},"beginArrowEmpty":false,"definedToConnector":"W","mouseInBorderColor":"#B1B1B7","allowSwitchLineMode":false,"definedFromConnector":"E"},{"x":2700,"y":1025,"id":"jadeyg0z15","pad":6,"bold":false,"text":"修改知识库配置结束","type":"endNodeEnd","dirty":false,"index":21,"width":360,"height":182,"italic":false,"flowMeta":{"callback":{"name":"通知回调","type":"general_callback","fitables":["modelengine.fit.jober.aipp.fitable.AippFlowEndCallback"],"converter":{"type":"mapping_converter","entity":{"inputParams":[{"id":"7bdd90a5-f510-42f7-be02-e01c34292e04","from":"Expand","name":"finalOutput","type":"Object","value":[{"id":"76cd9a71-97e4-46c9-8580-9ae21176ba23","from":"Input","name":"finalOutput","type":"String","value":"修改知识库配置结束","editable":true,"isRequired":true,"description":""}],"editable":false,"isRequired":false,"referenceId":"","referenceKey":"","referenceNode":""},{"id":"eddcd9df-7a1c-4ddf-b49a-01b9b8cf5662","from":"Input","name":"enableLog","type":"Boolean","value":true}],"outputParams":[{}]}}},"triggerMode":"auto"},"hasError":false,"hideText":true,"moveable":true,"runnable":true,"backColor":"white","container":"elsa-page:tvp1s6","dashWidth":0,"deletable":true,"namespace":"jadeFlow","autoHeight":true,"emphasized":false,"enableMask":false,"rotateAble":false,"borderColor":"rgba(28, 31, 35, 0.08)","borderWidth":1,"runningTask":0,"triggerMode":"auto","warningTask":0,"cornerRadius":8,"outlineColor":"rgba(74, 147, 255, 0.12)","outlineWidth":10,"completedTask":0,"componentName":"endComponent","focusBackColor":"white","sourcePlatform":"official","enableAnimation":false,"focusBorderColor":"rgb(4, 123, 252)","focusBorderWidth":1,"mouseInBorderColor":"rgb(4, 123, 252)"},{"x":2657.142857142856,"y":1094.5714285714284,"id":"jade8je5i3","pad":0,"bold":false,"text":"","type":"jadeEvent","dirty":false,"index":22,"textX":0,"textY":0,"width":42.85714285714403,"hAlign":"center","height":21.42857142857156,"italic":false,"margin":20,"toShape":"jadeyg0z15","endArrow":true,"hideText":true,"lineMode":{"type":"auto_curve"},"runnable":true,"allowLink":false,"backColor":"white","container":"elsa-page:tvp1s6","fromShape":"jadepkkcxc","lineWidth":2,"namespace":"elsa","beginArrow":false,"borderColor":"#B1B1B7","borderWidth":1,"curvePoint1":{"x":0,"y":0},"curvePoint2":{"x":0,"y":0},"brokenPoints":[],"endArrowSize":4,"arrowEndPoint":{"x":0,"y":0},"endArrowEmpty":false,"beginArrowSize":4,"arrowBeginPoint":{"x":0,"y":0},"beginArrowEmpty":false,"definedToConnector":"W","mouseInBorderColor":"#B1B1B7","allowSwitchLineMode":false,"definedFromConnector":"E"}]}],"enableText":false,"flowMeta":{"callback":{"name":"通知回调","type":"general_callback","fitables":["modelengine.fit.jober.fitable.FlowInfoCallback"]},"enableOutputScope":true,"exceptionFitables":["modelengine.fit.jober.aipp.fitable.AippFlowExceptionHandler","modelengine.fit.jober.fitable.FlowInfoException"]},"version":"1.0.0"}', 'Jade', '2025-04-28 14:11:17.230199', 'Jade', '2025-04-28 14:11:17.789046', NULL, 'f') ON CONFLICT (id, version) DO NOTHING;

INSERT INTO "public"."store_app" ("like_count", "download_count", "source", "icon", "app_category", "tool_name", "tool_unique_name") VALUES (0, 0, 'system', '', 'chatbot', '知识库配置应用', '4ff18263-7cc1-40fc-bd96-4c0ee9eb3af0') ON CONFLICT ("tool_unique_name") DO NOTHING;


