-- 任务模板
INSERT INTO "public"."task_template" ("id", "name", "description", "tenant_id") VALUES ('4f91b69973d1453aadf384d508aed894', '普通任务', '最基础的默认模板', '00000000000000000000000000000000') ON CONFLICT (id) DO NOTHING;
INSERT INTO "public"."task_template" ("id", "name", "description", "tenant_id") VALUES ('00000000000000000000000000000000', 'empty', 'empty', '00000000000000000000000000000000') ON CONFLICT (id) DO NOTHING;


INSERT INTO task_template_property ("id", "task_template_id", "name", "data_type", "sequence") VALUES ('08f8fc32484d408aacbcff35bf8be687', '4f91b69973d1453aadf384d508aed894', 'id', 'TEXT', 1) ON CONFLICT (id) DO NOTHING;
INSERT INTO task_template_property ("id", "task_template_id", "name", "data_type", "sequence") VALUES ('abb064f84f36496bb769321b1f3443c9', '4f91b69973d1453aadf384d508aed894', 'decomposed_from', 'TEXT', 2) ON CONFLICT (id) DO NOTHING;
INSERT INTO task_template_property ("id", "task_template_id", "name", "data_type", "sequence") VALUES ('be686a0325694aadb688539f7523f88a', '4f91b69973d1453aadf384d508aed894', 'title', 'TEXT', 3) ON CONFLICT (id) DO NOTHING;
INSERT INTO task_template_property ("id", "task_template_id", "name", "data_type", "sequence") VALUES ('59e0d16c3fe541899778beb76e56b0e3', '4f91b69973d1453aadf384d508aed894', 'owner', 'TEXT', 4) ON CONFLICT (id) DO NOTHING;
INSERT INTO task_template_property ("id", "task_template_id", "name", "data_type", "sequence") VALUES ('e2af84d4a8714ce8a87be79d19a5eb88', '4f91b69973d1453aadf384d508aed894', 'created_by', 'TEXT', 5) ON CONFLICT (id) DO NOTHING;
INSERT INTO task_template_property ("id", "task_template_id", "name", "data_type", "sequence") VALUES ('4aebbf316cf443d791e0280f56f435d6', '4f91b69973d1453aadf384d508aed894', 'created_date', 'DATETIME', 1) ON CONFLICT (id) DO NOTHING;
INSERT INTO task_template_property ("id", "task_template_id", "name", "data_type", "sequence") VALUES ('387c16ae70ac49f68f670f54e4456fc8', '4f91b69973d1453aadf384d508aed894', 'modified_by', 'TEXT', 6) ON CONFLICT (id) DO NOTHING;
INSERT INTO task_template_property ("id", "task_template_id", "name", "data_type", "sequence") VALUES ('354944b0e9234429aabfbafb08059c2e', '4f91b69973d1453aadf384d508aed894', 'modified_date', 'DATETIME', 2) ON CONFLICT (id) DO NOTHING;
INSERT INTO task_template_property ("id", "task_template_id", "name", "data_type", "sequence") VALUES ('c41b4da4013e484ead6fc8b03192dee2', '4f91b69973d1453aadf384d508aed894', 'status', 'TEXT', 7) ON CONFLICT (id) DO NOTHING;
INSERT INTO task_template_property ("id", "task_template_id", "name", "data_type", "sequence") VALUES ('34a33a519dd64dc5aa4b3c98c70a5989', '4f91b69973d1453aadf384d508aed894', 'target_url', 'TEXT', 8) ON CONFLICT (id) DO NOTHING;
INSERT INTO task_template_property ("id", "task_template_id", "name", "data_type", "sequence") VALUES ('456bc8b7b9754708828c68221af977c9', '4f91b69973d1453aadf384d508aed894', 'progress_feedback', 'TEXT', 9) ON CONFLICT (id) DO NOTHING;
INSERT INTO task_template_property ("id", "task_template_id", "name", "data_type", "sequence") VALUES ('d8e5fad3feed41fe8400bd2f35048abe', '4f91b69973d1453aadf384d508aed894', 'risk', 'TEXT', 10) ON CONFLICT (id) DO NOTHING;
INSERT INTO task_template_property ("id", "task_template_id", "name", "data_type", "sequence") VALUES ('e8cf80fdb51a4d4e9c9a9c660714efc7', '4f91b69973d1453aadf384d508aed894', 'priority', 'TEXT', 11) ON CONFLICT (id) DO NOTHING;
INSERT INTO task_template_property ("id", "task_template_id", "name", "data_type", "sequence") VALUES ('819adccd6214437fadec3936b297007b', '4f91b69973d1453aadf384d508aed894', 'finish_time', 'DATETIME', 3) ON CONFLICT (id) DO NOTHING;
INSERT INTO task_template_property ("id", "task_template_id", "name", "data_type", "sequence") VALUES ('aac65de27f014c3895228fdb5d32573e', '4f91b69973d1453aadf384d508aed894', 'tag', 'TEXT', 12) ON CONFLICT (id) DO NOTHING;

-- app模板（模板数据需要修改?）
INSERT INTO "public"."app_builder_app" ("id", "name", "create_by", "create_at", "update_by", "update_at", "config_id", "flow_graph_id", "tenant_id", "type", "version", "attributes", "state") VALUES ('df87073b9bc85a48a9b01eccc9afccc4', 'LLM应用模板', 'wzc', '2024-04-17 19:42:35', 'wzc', '2024-04-17 19:42:38', '45515ca5da9d04428f41086e291b4d5d', '9997f1555b41452b924d1a8b2229bde3', '31f20efc7e0848deab6a6bc10fc3021e', 'template', '1.0.0', '{"description:":"this is llm description", "icon": "http://ab", "greeting": "hello", "app_type": "面试助手"}', 'inactive') ON CONFLICT (id) DO NOTHING;
INSERT INTO "public"."app_builder_app" ("id", "name", "create_by", "create_at", "update_by", "update_at", "config_id", "flow_graph_id", "tenant_id", "type", "version", "attributes", "state") VALUES ('df87073b9bc85a48a9b01eccc9afccc3', '工具流模板', 'wzc', '2024-04-17 19:42:35', 'wzc', '2024-04-17 19:42:38', '45515ca5da9d04428f41086e291b4d5e', '9997f1555b41452b924d1a8b2229bde4', '31f20efc7e0848deab6a6bc10fc3021e', 'template', '1.0.0', '{"description:":"this is tool description"}', 'inactive') ON CONFLICT (id) DO NOTHING;
INSERT INTO "public"."app_builder_app" ("id", "name", "create_by", "create_at", "update_by", "update_at", "config_id", "flow_graph_id", "tenant_id", "type", "version", "attributes", "state") VALUES ('8ac7a00620bc4840b7e3aa908b313614', '经营小魔方', 'com.huawei.jade', '2024-05-24 18:29:52.043', 'com.huawei.jade', '2024-05-24 18:40:48.545', 'c63f1897868b47d986677080f6145864', 'b2ecde0b919841f5867d2e89bb46095c', '31f20efc7e0848deab6a6bc10fc3021e', 'app', '1.0.0', '{"icon": "/api/jober/v1/api/31f20efc7e0848deab6a6bc10fc3021e/file?filePath=/var/share/cube.png&fileName=cube.png", "app_type": "编程开发", "greeting": "你好，我是您的财务助手经营小魔方，别看我只是一串代码，但我有着无穷的智慧和调皮的个性。您在与我交流互动时，可以明确相关的条件和要求（具体请见：灵感大全-经营分析-互动规则），让我更好的了解你的诉求，帮你在汪洋的数据中寻找答案，现在我们开始交流吧！", "store_id": "42365df5-b99c-4fe0-93ee-995e335d10ac", "description": "我是你的财务助手经营小魔方， 欢迎与我交流经营方面的话题"}', 'inactive') ON CONFLICT (id) DO NOTHING;
INSERT INTO "public"."app_builder_app" ("id", "name", "create_by", "create_at", "update_by", "update_at", "config_id", "flow_graph_id", "tenant_id", "type", "version", "attributes", "state") VALUES ('3a617d8aeb1d41a9ad7453f2f0f70d61', '小海', '马莉亚 00558975', '2024-05-17 20:03:15.794', 'com.huawei.jade', '2024-05-24 19:16:25.843', '31087fb069034824958791eb49757a0e', 'd14e513cadb84847b62e9d67b7d47a02', '31f20efc7e0848deab6a6bc10fc3021e', 'app', '1.0.0', '{"icon": "/api/jober/v1/api/31f20efc7e0848deab6a6bc10fc3021e/file?filePath=/var/share/xiaohai.png&fileName=xiaohai.png", "name": "小海", "app_type": "决策分析", "greeting": "Hi~我是APP Engine的超级应用小海，我可以呼唤其他应用协同工作，也可以解答存储领域相关任务问题，试试向我提问吧", "description": "你的专属AI智能编排研发平台，AI助力研发，开始创建专属应用吧~"}', 'inactive') ON CONFLICT (id) DO NOTHING;
INSERT INTO "public"."app_builder_app" ("id", "name", "create_by", "create_at", "update_by", "update_at", "config_id", "flow_graph_id", "tenant_id", "type", "version", "attributes", "state") VALUES ('610a3921c61b45aa8ed185d42e37817e', '财经收入问题', 'com.huawei.jade', '2024-05-24 18:29:55.572', 'com.huawei.jade', '2024-05-24 18:34:46.521', 'e7c601e61d27490a91b021be63f34ff0', 'beefffd1168b4785a71f149a2a530d2f', '31f20efc7e0848deab6a6bc10fc3021e', 'waterFlow', '1.0.0', '{"icon": null, "app_type": null, "greeting": null, "store_id": "d613c69e-ad85-4edb-a126-8ccd6341cd64", "description": "这是一个用于回答财经类收入问题的工具，以下是工具限制： 1、您可以指定时间范围，如2023年、本年、去年、12月、1-12月、本年累积、12月累积、本月、当月等进行提问，未指定默认数据库最大会计期累积； 2、您可以指定具体的指标，如净销售收入/收入/总收入/设备收入/服务收入，未指定默认净销售收入； 3、您可以指定具体的口径和单位：经营双算、经营口径、人民币、美金，未指定默认经营双算、人民币； 4、您可以指定具体空间范围：国内、中国区、海外、全球等，未指定默认全球； 5、您在提问不同维度时能够带上相应的关键字和全称，如北京代表处、青岛办事处、拉美地区部、闪存存储SPDT/LV2、全闪存LV3、移动系统部/移动大T/STC系统部、阿拉伯联合酋长国； 6、您可以在提问时使用一些惯用术语：如存储/协作/协作终端/智真、存储重点国、企业/政企/EBG/运营商/CNBG、大办/中办/小办等；行业如：金融/ISP/机轨/公水口/教育/医疗/交通/政府（不含交通）/泛政府等； 7、您提问趋势变化时，可以增加这些关键字：分别、趋势、增速/增长率/同比增长、体量/规模，TOP3/前3/最快/最慢/最大/后3/bottom3等； 8、您在提问以下维度时，需要您使用中文双引号和关键字，如： “XXX”子行业 “XXX”客户群 “XXX”父客户（父客户需要全称） “XXX”最终客户|客户 “XXX”签约客户 “XXX”合同名 “XXX”华为合同号 “XXX”框架合同号 “XXX”项目名称 “XXX”项目编码 “XXX”产品名称 “XXX”产品编码"}', 'active') ON CONFLICT (id) DO NOTHING;
INSERT INTO "public"."app_builder_app" ("id", "name", "create_by", "create_at", "update_by", "update_at", "config_id", "flow_graph_id", "tenant_id", "type", "version", "attributes", "state") VALUES ('4a1d6b117b7d4c8f8c5b6c3358608c9c', '创建应用', 'com.huawei.jade', '2024-05-24 18:49:42.516', 'com.huawei.jade', '2024-05-24 19:15:53.08', 'af1528b4d4de4d9ebbaf2cc2c8703ac2', '3bb39bed81f44549b84d20cc6e3b530b', '31f20efc7e0848deab6a6bc10fc3021e', 'waterFlow', '1.0.0', '{"icon": null, "app_type": null, "greeting": null, "store_id": "c04cee50-13e4-499b-a008-077459a2e552", "description": "根据用户问题智能生成应用配置信息，并自动创建应用，支持创建助手、数字人、智能体、机器人等。"}', 'active') ON CONFLICT (id) DO NOTHING;

INSERT INTO "public"."app_builder_config" ("id", "form_id", "app_id", "tenant_id", "create_by", "create_at", "update_by", "update_at") VALUES ('45515ca5da9d04428f41086e291b4d5d', 'b8986770a6ffef44bbf2a9f26d6fc1bc', '847907b5da7ea644abe159a913dba403', '31f20efc7e0848deab6a6bc10fc3021e', 'wzc', '2024-04-17 19:57:34', 'wzc', '2024-04-17 19:57:41') ON CONFLICT (id) DO NOTHING;
INSERT INTO "public"."app_builder_config" ("id", "form_id", "app_id", "tenant_id", "create_by", "create_at", "update_by", "update_at") VALUES ('45515ca5da9d04428f41086e291b4d5e', 'b8986770a6ffef44bbf2a9f26d6fc1bd', '847907b5da7ea644abe159a913dba404', '31f20efc7e0848deab6a6bc10fc3021e', 'wzc', '2024-04-17 19:57:34', 'wzc', '2024-04-17 19:57:41') ON CONFLICT (id) DO NOTHING;
INSERT INTO "public"."app_builder_config" ("id", "form_id", "app_id", "tenant_id", "create_by", "create_at", "update_by", "update_at") VALUES ('e7c601e61d27490a91b021be63f34ff0', 'dc92ba4fb47f4b13b4b8113aa5cfd99c', '610a3921c61b45aa8ed185d42e37817e', '31f20efc7e0848deab6a6bc10fc3021e', 'com.huawei.jade', '2024-05-24 18:29:55.572', 'com.huawei.jade', '2024-05-24 18:34:46.521') ON CONFLICT (id) DO NOTHING;
INSERT INTO "public"."app_builder_config" ("id", "form_id", "app_id", "tenant_id", "create_by", "create_at", "update_by", "update_at") VALUES ('c63f1897868b47d986677080f6145864', 'df4ac19ba0bf437694cd3eb4011bf23c', '8ac7a00620bc4840b7e3aa908b313614', '31f20efc7e0848deab6a6bc10fc3021e', 'com.huawei.jade', '2024-05-24 18:29:52.043', 'com.huawei.jade', '2024-05-24 18:40:48.545') ON CONFLICT (id) DO NOTHING;
INSERT INTO "public"."app_builder_config" ("id", "form_id", "app_id", "tenant_id", "create_by", "create_at", "update_by", "update_at") VALUES ('af1528b4d4de4d9ebbaf2cc2c8703ac2', '3ec9ead2ad5a478e82241af9e521f201', '4a1d6b117b7d4c8f8c5b6c3358608c9c', '31f20efc7e0848deab6a6bc10fc3021e', 'com.huawei.jade', '2024-05-24 18:49:42.516', 'com.huawei.jade', '2024-05-24 19:15:53.08') ON CONFLICT (id) DO NOTHING;
INSERT INTO "public"."app_builder_config" ("id", "form_id", "app_id", "tenant_id", "create_by", "create_at", "update_by", "update_at") VALUES ('31087fb069034824958791eb49757a0e', 'b729973429074ae784c9a699afb66d21', '3a617d8aeb1d41a9ad7453f2f0f70d61', '31f20efc7e0848deab6a6bc10fc3021e', '马莉亚 00558975', '2024-05-17 20:03:15.794', 'com.huawei.jade', '2024-05-24 19:16:25.843') ON CONFLICT (id) DO NOTHING;


INSERT INTO "public"."app_builder_config_property" ("id", "node_id", "form_property_id", "config_id") VALUES ('836f722491b476478dea2135d7f1d113', 'jadewdnjbq', 'd9fcb95f48d33648a4e12d629399d713', '45515ca5da9d04428f41086e291b4d5d') ON CONFLICT (id) DO NOTHING;
INSERT INTO "public"."app_builder_config_property" ("id", "node_id", "form_property_id", "config_id") VALUES ('2045fe16f5fe854d884b2f272100d68d', 'jadewdnjbq', '6269e12e4a908b4ba0d455c402ce8c3d', '45515ca5da9d04428f41086e291b4d5d') ON CONFLICT (id) DO NOTHING;
INSERT INTO "public"."app_builder_config_property" ("id", "node_id", "form_property_id", "config_id") VALUES ('56fe4b031156b049b14f26feedbb9c4d', 'jade6qm5eg', '9b3a72544963c64e806dc07d6fff5207', '45515ca5da9d04428f41086e291b4d5d') ON CONFLICT (id) DO NOTHING;
INSERT INTO "public"."app_builder_config_property" ("id", "node_id", "form_property_id", "config_id") VALUES ('2e48b8ccc78be34abdc18876eb649a6a', 'jadewdnjbq', '4df1cc408fb08b46842861dbfa3cb2ae', '45515ca5da9d04428f41086e291b4d5d') ON CONFLICT (id) DO NOTHING;
INSERT INTO "public"."app_builder_config_property" ("id", "node_id", "form_property_id", "config_id") VALUES ('dcdd0ee7dbb76b478bfe5686ee557441', 'jadewdnjbq', 'b01af303ce27a544a45a3a9491aeb03e', '45515ca5da9d04428f41086e291b4d5d') ON CONFLICT (id) DO NOTHING;
INSERT INTO "public"."app_builder_config_property" ("id", "node_id", "form_property_id", "config_id") VALUES ('56fe4b031156b049b14f26feedff534d', NULL, '9b3a72544963c64e806dc07d6fff5208', '45515ca5da9d04428f41086e291b4d5d') ON CONFLICT (id) DO NOTHING;
INSERT INTO "public"."app_builder_config_property" ("id", "node_id", "form_property_id", "config_id") VALUES ('5c7c8c088dfa2a4dac24f2b289726b78', 'jade0pg2ag', '46b39a9533bbb247a38e976d4af41eb0', '45515ca5da9d04428f41086e291b4d5d') ON CONFLICT (id) DO NOTHING;
INSERT INTO "public"."app_builder_config_property" ("id", "node_id", "form_property_id", "config_id") VALUES ('0b3677d53d8da544a82bbe900e9d536b', 'jadewdnjbq', '3073f4896620fb488d9fd3349ee23504', '45515ca5da9d04428f41086e291b4d5d') ON CONFLICT (id) DO NOTHING;

INSERT INTO "public"."app_builder_config_property" ("id", "node_id", "form_property_id", "config_id") VALUES ('02c45dc213464a8bbf963047b726951b', 'jadewdnjbq', '371c57e777f34798b4b73e358277bd11', '31087fb069034824958791eb49757a0e') ON CONFLICT (id) DO NOTHING;
INSERT INTO "public"."app_builder_config_property" ("id", "node_id", "form_property_id", "config_id") VALUES ('b54018bd4f444a578c4fd98585e55a38', 'jadewdnjbq', '81c1d2aa93df449a830714e84857928d', '31087fb069034824958791eb49757a0e') ON CONFLICT (id) DO NOTHING;
INSERT INTO "public"."app_builder_config_property" ("id", "node_id", "form_property_id", "config_id") VALUES ('e1ea9dc8e0e54b9fb993697336962a14', 'jade6qm5eg', '8118705c5f894cdbb48ce1403283d8d7', '31087fb069034824958791eb49757a0e') ON CONFLICT (id) DO NOTHING;
INSERT INTO "public"."app_builder_config_property" ("id", "node_id", "form_property_id", "config_id") VALUES ('ae484387a9014d29a9c4a3b6469892ef', 'jadewdnjbq', 'd9a3ac7b10684b1f8d5959af1715712f', '31087fb069034824958791eb49757a0e') ON CONFLICT (id) DO NOTHING;
INSERT INTO "public"."app_builder_config_property" ("id", "node_id", "form_property_id", "config_id") VALUES ('c2e5b7e35f6345e7a3867eb416e277d6', 'jadewdnjbq', '8d370e3bb9304ef79e46d41e8ef55dda', '31087fb069034824958791eb49757a0e') ON CONFLICT (id) DO NOTHING;
INSERT INTO "public"."app_builder_config_property" ("id", "node_id", "form_property_id", "config_id") VALUES ('1728ee9834c34a4892f84e1794a86bc8', NULL, '1221f6eebc6d48f68cbbc567d991ed47', '31087fb069034824958791eb49757a0e') ON CONFLICT (id) DO NOTHING;
INSERT INTO "public"."app_builder_config_property" ("id", "node_id", "form_property_id", "config_id") VALUES ('3f8f5f4b86a14312a2c161df2cbcbfb5', 'jade0pg2ag', '1051c017ab464b3882228183a1eb2575', '31087fb069034824958791eb49757a0e') ON CONFLICT (id) DO NOTHING;
INSERT INTO "public"."app_builder_config_property" ("id", "node_id", "form_property_id", "config_id") VALUES ('d40d679480ae4fcfbd5e97da777c31e3', 'jadewdnjbq', '567911ab6f77492e99f99b8bd5c2b248', '31087fb069034824958791eb49757a0e') ON CONFLICT (id) DO NOTHING;

INSERT INTO "public"."app_builder_config_property" ("id", "node_id", "form_property_id", "config_id") VALUES ('4ea887fa00f04768b75058d7dd7ec7e0', 'jadewdnjbq', '5734350a031649fb9f7aaaaa17ebc090', 'c63f1897868b47d986677080f6145864') ON CONFLICT (id) DO NOTHING;
INSERT INTO "public"."app_builder_config_property" ("id", "node_id", "form_property_id", "config_id") VALUES ('23558ac23bbe4e4c9cc29b1f7c671823', 'jadewdnjbq', '9813a18f395e4319830cb93d99db25d6', 'c63f1897868b47d986677080f6145864') ON CONFLICT (id) DO NOTHING;
INSERT INTO "public"."app_builder_config_property" ("id", "node_id", "form_property_id", "config_id") VALUES ('f1224d8e19a74cfe8a501245ea032699', 'jade6qm5eg', 'ef87e0eebe624db39c30f0e77ed4af22', 'c63f1897868b47d986677080f6145864') ON CONFLICT (id) DO NOTHING;
INSERT INTO "public"."app_builder_config_property" ("id", "node_id", "form_property_id", "config_id") VALUES ('4d2fccde7a64439a85733e4c5640ada2', 'jadewdnjbq', 'ff550e312f834f3f98689a0469d64302', 'c63f1897868b47d986677080f6145864') ON CONFLICT (id) DO NOTHING;
INSERT INTO "public"."app_builder_config_property" ("id", "node_id", "form_property_id", "config_id") VALUES ('57ba6168d03f45f0a5893a4364c29563', 'jadewdnjbq', '2f504207abaf4ad4a3196c8d5e22b76b', 'c63f1897868b47d986677080f6145864') ON CONFLICT (id) DO NOTHING;
INSERT INTO "public"."app_builder_config_property" ("id", "node_id", "form_property_id", "config_id") VALUES ('b73721f008ec4424bb2769c5ca046c51', NULL, '0a63fd81309a41389107b06fe7a07623', 'c63f1897868b47d986677080f6145864') ON CONFLICT (id) DO NOTHING;
INSERT INTO "public"."app_builder_config_property" ("id", "node_id", "form_property_id", "config_id") VALUES ('ccf196c7f1294f17b33a3428a609ba75', 'jade0pg2ag', '647276ba3b8845db887928658ec00b9c', 'c63f1897868b47d986677080f6145864') ON CONFLICT (id) DO NOTHING;
INSERT INTO "public"."app_builder_config_property" ("id", "node_id", "form_property_id", "config_id") VALUES ('4915ed55d3074a63a321f6059d90a244', 'jadewdnjbq', '1707ef2c0648400fad476082bcfbe1b6', 'c63f1897868b47d986677080f6145864') ON CONFLICT (id) DO NOTHING;

INSERT INTO "public"."app_builder_form" ("id", "name", "tenant_id", "appearance", "type", "create_by", "create_at", "update_by", "update_at") VALUES ('b8986770a6ffef44bbf2a9f26d6fc1bc', 'llm_config', '31f20efc7e0848deab6a6bc10fc3021e', '[{"key":"ke1","name":"name1","type":"TEXT"}]', 'component', 'wzc', '2024-04-17 20:16:29', 'wzc', '2024-04-17 20:16:33') ON CONFLICT (id) DO NOTHING;
INSERT INTO "public"."app_builder_form" ("id", "name", "tenant_id", "appearance", "type", "create_by", "create_at", "update_by", "update_at") VALUES ('b8986770a6ffef44bbf2a9f26d6fc1bd', 'tool_config', '31f20efc7e0848deab6a6bc10fc3021e', '[{"key":"ke1","name":"name1","type":"TEXT"}]', 'component', 'wzc', '2024-04-17 20:16:29', 'wzc', '2024-04-17 20:16:33') ON CONFLICT (id) DO NOTHING;
INSERT INTO "public"."app_builder_form" ("id", "name", "tenant_id", "appearance", "type", "create_by", "create_at", "update_by", "update_at") VALUES ('dc92ba4fb47f4b13b4b8113aa5cfd99c', 'tool_config', '31f20efc7e0848deab6a6bc10fc3021e', '[{"key": "ke1", "name": "name1", "type": "TEXT"}]', 'component', 'com.huawei.jade', '2024-05-24 18:29:55.572', 'com.huawei.jade', '2024-05-24 18:29:55.572') ON CONFLICT (id) DO NOTHING;
INSERT INTO "public"."app_builder_form" ("id", "name", "tenant_id", "appearance", "type", "create_by", "create_at", "update_by", "update_at") VALUES ('df4ac19ba0bf437694cd3eb4011bf23c', 'llm_config', '31f20efc7e0848deab6a6bc10fc3021e', '[{"key": "ke1", "name": "name1", "type": "TEXT"}]', 'component', 'com.huawei.jade', '2024-05-24 18:29:52.043', 'com.huawei.jade', '2024-05-24 18:40:48.545') ON CONFLICT (id) DO NOTHING;
INSERT INTO "public"."app_builder_form" ("id", "name", "tenant_id", "appearance", "type", "create_by", "create_at", "update_by", "update_at") VALUES ('3ec9ead2ad5a478e82241af9e521f201', 'tool_config', '31f20efc7e0848deab6a6bc10fc3021e', '[{"key": "ke1", "name": "name1", "type": "TEXT"}]', 'component', 'com.huawei.jade', '2024-05-24 18:49:42.516', 'com.huawei.jade', '2024-05-24 18:49:42.516') ON CONFLICT (id) DO NOTHING;
INSERT INTO "public"."app_builder_form" ("id", "name", "tenant_id", "appearance", "type", "create_by", "create_at", "update_by", "update_at") VALUES ('b729973429074ae784c9a699afb66d21', 'llm_config', '31f20efc7e0848deab6a6bc10fc3021e', '[{"key": "ke1", "name": "name1", "type": "TEXT"}]', 'component', '马莉亚 00558975', '2024-05-17 20:03:15.794', 'com.huawei.jade', '2024-05-24 19:16:25.843') ON CONFLICT (id) DO NOTHING;

INSERT INTO "public"."app_builder_form_property" ("id", "form_id", "name", "data_type", "default_value") VALUES ('3073f4896620fb488d9fd3349ee23504', 'b8986770a6ffef44bbf2a9f26d6fc1bc', 'model', 'String', '"Qwen1.5-32B-Chat"') ON CONFLICT (id) DO NOTHING;
INSERT INTO "public"."app_builder_form_property" ("id", "form_id", "name", "data_type", "default_value") VALUES ('d9fcb95f48d33648a4e12d629399d713', 'b8986770a6ffef44bbf2a9f26d6fc1bc', 'systemPrompt', 'String', '""') ON CONFLICT (id) DO NOTHING;
INSERT INTO "public"."app_builder_form_property" ("id", "form_id", "name", "data_type", "default_value") VALUES ('4df1cc408fb08b46842861dbfa3cb2ae', 'b8986770a6ffef44bbf2a9f26d6fc1bc', 'workflows', 'List<String>', '[]') ON CONFLICT (id) DO NOTHING;
INSERT INTO "public"."app_builder_form_property" ("id", "form_id", "name", "data_type", "default_value") VALUES ('6269e12e4a908b4ba0d455c402ce8c3d', 'b8986770a6ffef44bbf2a9f26d6fc1bc', 'tools', 'List<String>', '[]') ON CONFLICT (id) DO NOTHING;
INSERT INTO "public"."app_builder_form_property" ("id", "form_id", "name", "data_type", "default_value") VALUES ('b01af303ce27a544a45a3a9491aeb03e', 'b8986770a6ffef44bbf2a9f26d6fc1bc', 'temperature', 'Number', '0.3') ON CONFLICT (id) DO NOTHING;
INSERT INTO "public"."app_builder_form_property" ("id", "form_id", "name", "data_type", "default_value") VALUES ('46b39a9533bbb247a38e976d4af41eb0', 'b8986770a6ffef44bbf2a9f26d6fc1bc', 'knowledge', 'List<String>', '[]') ON CONFLICT (id) DO NOTHING;
INSERT INTO "public"."app_builder_form_property" ("id", "form_id", "name", "data_type", "default_value") VALUES ('9b3a72544963c64e806dc07d6fff5207', 'b8986770a6ffef44bbf2a9f26d6fc1bc', 'memory', 'object', '{"type":"Customizing","fitableId":"MemoryAfterResume"}') ON CONFLICT (id) DO NOTHING;
INSERT INTO "public"."app_builder_form_property" ("id", "form_id", "name", "data_type", "default_value") VALUES ('9b3a72544963c64e806dc07d6fff5208', 'b8986770a6ffef44bbf2a9f26d6fc1bc', 'inspiration', 'object', '{"category":[{"title":"root","id":"root","children":[]}],"inspirations":[]}') ON CONFLICT (id) DO NOTHING;

INSERT INTO "public"."app_builder_form_property" ("id", "form_id", "name", "data_type", "default_value") VALUES ('567911ab6f77492e99f99b8bd5c2b248', 'b729973429074ae784c9a699afb66d21', 'model', 'String', '"Qwen1.5-32B-Chat"') ON CONFLICT (id) DO NOTHING;
INSERT INTO "public"."app_builder_form_property" ("id", "form_id", "name", "data_type", "default_value") VALUES ('81c1d2aa93df449a830714e84857928d', 'b729973429074ae784c9a699afb66d21', 'workflows', 'List<String>', '["c04cee50-13e4-499b-a008-077459a2e552"]') ON CONFLICT (id) DO NOTHING;
INSERT INTO "public"."app_builder_form_property" ("id", "form_id", "name", "data_type", "default_value") VALUES ('371c57e777f34798b4b73e358277bd11', 'b729973429074ae784c9a699afb66d21', 'tools', 'List<String>', '[]') ON CONFLICT (id) DO NOTHING;
INSERT INTO "public"."app_builder_form_property" ("id", "form_id", "name", "data_type", "default_value") VALUES ('d9a3ac7b10684b1f8d5959af1715712f', 'b729973429074ae784c9a699afb66d21', 'temperature', 'Number', '0') ON CONFLICT (id) DO NOTHING;
INSERT INTO "public"."app_builder_form_property" ("id", "form_id", "name", "data_type", "default_value") VALUES ('1051c017ab464b3882228183a1eb2575', 'b729973429074ae784c9a699afb66d21', 'knowledge', 'List<String>', '[]') ON CONFLICT (id) DO NOTHING;
INSERT INTO "public"."app_builder_form_property" ("id", "form_id", "name", "data_type", "default_value") VALUES ('8118705c5f894cdbb48ce1403283d8d7', 'b729973429074ae784c9a699afb66d21', 'memory', 'object', '{"type":"Customizing","fitableId":"MemoryAfterResume"}') ON CONFLICT (id) DO NOTHING;
INSERT INTO "public"."app_builder_form_property" ("id", "form_id", "name", "data_type", "default_value") VALUES ('1221f6eebc6d48f68cbbc567d991ed47', 'b729973429074ae784c9a699afb66d21', 'inspiration', 'object', '{"category":[{"title":"root","id":"root","children":[{"id":"psewkm","title":"数存","children":[],"parent":"root:psewkm"}]}],"inspirations":[{"name":"创建应用","description":"创建应用","prompt":"帮我创建一个应用","promptVarData":[],"category":"root:psewkm","id":"01t2vz"}]}') ON CONFLICT (id) DO NOTHING;
INSERT INTO "public"."app_builder_form_property" ("id", "form_id", "name", "data_type", "default_value") VALUES ('8d370e3bb9304ef79e46d41e8ef55dda', 'b729973429074ae784c9a699afb66d21', 'systemPrompt', 'String', '"## 角色\n你的名字叫小海，是华为公司开发的机器人。你擅长回答用户问题，也能够高效创建其他机器人。\n\n### 技能\n### 技能1：创建机器人\n当接收到创建机器人的任务时，调用**c04cee50-13e4-499b-a008-077459a2e552**工具创建机器人。\n\n### 技能2：回答用户问题\n当接收到用户问题时，按照以下步骤生成回复：\n1. 递归地将问题分解为更小的问题。\n2. 对于每个原子问题，从上下文和对话历史记录中选择最相关的信息。\n3. 使用所选信息生成回复草稿。\n4. 删除回复草稿中的重复内容。\n5. 在调整后生成最终答案，以提高准确性和相关性。\n6. 回复最终答案。\n\n### 限制\n1. 回答用户问题时，只需要回复最终答案。"') ON CONFLICT (id) DO NOTHING;

INSERT INTO "public"."app_builder_form_property" ("id", "form_id", "name", "data_type", "default_value") VALUES ('0a63fd81309a41389107b06fe7a07623', 'df4ac19ba0bf437694cd3eb4011bf23c', 'inspiration', 'object', '{"category":[{"title":"root","id":"root","children":[]}],"inspirations":[]}') ON CONFLICT (id) DO NOTHING;
INSERT INTO "public"."app_builder_form_property" ("id", "form_id", "name", "data_type", "default_value") VALUES ('9813a18f395e4319830cb93d99db25d6', 'df4ac19ba0bf437694cd3eb4011bf23c', 'tools', 'List<String>', '[]') ON CONFLICT (id) DO NOTHING;
INSERT INTO "public"."app_builder_form_property" ("id", "form_id", "name", "data_type", "default_value") VALUES ('ff550e312f834f3f98689a0469d64302', 'df4ac19ba0bf437694cd3eb4011bf23c', 'workflows', 'List<String>', '["d613c69e-ad85-4edb-a126-8ccd6341cd64"]') ON CONFLICT (id) DO NOTHING;
INSERT INTO "public"."app_builder_form_property" ("id", "form_id", "name", "data_type", "default_value") VALUES ('2f504207abaf4ad4a3196c8d5e22b76b', 'df4ac19ba0bf437694cd3eb4011bf23c', 'temperature', 'Number', '0') ON CONFLICT (id) DO NOTHING;
INSERT INTO "public"."app_builder_form_property" ("id", "form_id", "name", "data_type", "default_value") VALUES ('647276ba3b8845db887928658ec00b9c', 'df4ac19ba0bf437694cd3eb4011bf23c', 'knowledge', 'List<String>', '[]') ON CONFLICT (id) DO NOTHING;
INSERT INTO "public"."app_builder_form_property" ("id", "form_id", "name", "data_type", "default_value") VALUES ('5734350a031649fb9f7aaaaa17ebc090', 'df4ac19ba0bf437694cd3eb4011bf23c', 'systemPrompt', 'String', '""') ON CONFLICT (id) DO NOTHING;
INSERT INTO "public"."app_builder_form_property" ("id", "form_id", "name", "data_type", "default_value") VALUES ('1707ef2c0648400fad476082bcfbe1b6', 'df4ac19ba0bf437694cd3eb4011bf23c', 'model', 'String', '"Qwen1.5-32B-Chat"') ON CONFLICT (id) DO NOTHING;
INSERT INTO "public"."app_builder_form_property" ("id", "form_id", "name", "data_type", "default_value") VALUES ('ef87e0eebe624db39c30f0e77ed4af22', 'df4ac19ba0bf437694cd3eb4011bf23c', 'memory', 'object', '{"type":"Customizing","fitableId":"MemoryAfterResume"}') ON CONFLICT (id) DO NOTHING;

INSERT INTO "public"."app_builder_flow_graph" ("id", "name", "create_by", "create_at", "update_by", "update_at", "appearance") VALUES ('9997f1555b41452b924d1a8b2229bde4', 'tool模板', 'wzc', '2024-04-17 20:41:29', 'wzc', '2024-04-17 20:41:42', '{"id":"9fd1e6736e734fc085a5ea34f4ba1b21","title":"9fd1e6736e734fc085a5ea34f4ba1b21","source":"elsa","type":"jadeFlowGraph","tenant":"default","setting":{"borderColor":"#047bfc","shadow":"","underline":false,"selectable":true,"fontFace":"arial","pDock":"none","headColor":"steelblue","itemScroll":{"x":0,"y":0},"vAlign":"top","cornerRadius":4,"rotateAble":true,"pad":10,"infoType":{"next":"INFORMATION","name":"none"},"focusMargin":0,"progressStatus":{"next":"UNKNOWN","color":"gray","name":"NONE"},"focusBackColor":"whitesmoke","tag":{},"captionfontColor":"whitesmoke","fontWeight":"lighter","captionlineHeight":1,"margin":25,"itemPad":[5,5,5,5],"autoHeight":false,"visible":true,"rotateDegree":0,"focusBorderColor":"#047bfc","priority":0,"fontStyle":"normal","backColor":"whitesmoke","captionfontFace":"arial black","dockMode":"none","dashWidth":0,"fontSize":12,"mouseInFontColor":"orange","resizeable":true,"captionfontWeight":"lighter","mouseInBorderColor":"#047bfc","autoText":false,"showedProgress":false,"shared":false,"code":"","hAlign":"center","deletable":true,"numberedList":false,"shadowData":"2px 2px 4px","focusBorderWidth":1,"outlineWidth":10,"outlineColor":"rgba(74,147,255,0.12)","allowLink":true,"lineWidth":2,"captionhAlign":"center","dragable":true,"focusShadow":"","emphasized":false,"borderWidth":1,"globalAlpha":1,"bulletedList":false,"enableAnimation":false,"autoWidth":false,"captionfontSize":14,"progressPercent":0.65,"strikethrough":false,"backAlpha":0.15,"focusFontColor":"darkorange","outstanding":false,"editable":true,"moveable":true,"captionfontStyle":"normal","mouseInColor":"orange","bulletSpeed":1,"enableSocial":true,"scrollLock":{"x":false,"y":false},"lineHeight":1.5,"fontColor":"steelblue","mouseInBackColor":"whitesmoke"},"pages":[{"container":"elsa-page:tvp1s6","borderColor":"white","hAlign":"left","itemSpace":5,"fontFace":"arial","itemScroll":{"x":0,"y":0},"hideText":true,"shapesAs":{},"type":"jadeFlowPage","italic":false,"vAlign":"top","mode":"configuration","scaleX":0.8,"division":-1,"scaleY":0.8,"dockAlign":"top","focusBackColor":"#fbfbfc","id":"elsa-page:tvp1s6","text":"newFlowPage","fontWeight":"bold","height":800,"dirty":false,"itemPad":[0,0,0,0],"moveable":true,"index":0,"bold":false,"fontStyle":"normal","backColor":"#fbfbfc","dockMode":"none","x":297.46031746031747,"width":1600,"namespace":"jadeFlow","y":121.01190476190482,"fontSize":18,"isPage":true,"fontColor":"#ECD0A7","shapes":[{"container":"elsa-page:tvp1s6","borderColor":"rgba(28,31,35,.08)","shadow":"0 2px 4px 0 rgba(0,0,0,.1)","sourcePlatform":"official","deletable":false,"outlineWidth":10,"outlineColor":"rgba(74,147,255,0.12)","hideText":true,"type":"startNodeStart","italic":false,"completedTask":0,"cornerRadius":8,"rotateAble":false,"pad":6,"focusShadow":"0 0 1px rgba(0,0,0,.3),0 4px 14px rgba(0,0,0,.1)","warningTask":0,"borderWidth":1,"enableAnimation":false,"focusBackColor":"white","id":"jade6qm5eg","text":"开始","componentName":"startComponent","triggerMode":"auto","height":559,"dirty":true,"autoHeight":true,"runningTask":0,"flowMeta":{"inputParams":[{"name":"input","from":"Expand","id":"91138f09-b635-43df-95c6-1fe3d1745829","type":"Object","config":[{"allowAdd":true}],"value":[{"name":"","description":"","from":"Input","id":"input_ae2ffd6e-2b9e-4e73-9d7f-0e661ec3dbdb","type":"String","value":""}]},{"name":"memory","from":"Expand","id":"4a770dc6-e3c9-475d-84c7-48dacc74a5b6","type":"Object","value":[{"name":"type","from":"Input","id":"cee9a31b-781c-4835-a616-ceed73be22f2","type":"String","value":"ByConversationTurn"},{"name":"value","from":"Input","id":"69592622-4291-409d-9d65-9faea83db657","type":"Integer","value":"3"}]}],"triggerMode":"auto"},"index":103,"bold":false,"backColor":"white","x":280.3571428571429,"width":360,"namespace":"flowable","y":113.75,"dashWidth":0,"mouseInBorderColor":"rgba(28,31,35,.08)"},{"container":"elsa-page:tvp1s6","borderColor":"rgba(28,31,35,.08)","shadow":"0 2px 4px 0 rgba(0,0,0,.1)","sourcePlatform":"official","deletable":false,"outlineWidth":10,"outlineColor":"rgba(74,147,255,0.12)","hideText":true,"type":"endNodeEnd","italic":false,"completedTask":0,"cornerRadius":8,"rotateAble":false,"pad":6,"focusShadow":"0 0 1px rgba(0,0,0,.3),0 4px 14px rgba(0,0,0,.1)","warningTask":0,"borderWidth":1,"enableAnimation":false,"focusBackColor":"white","id":"jadesoux5i","text":"结束","componentName":"endComponent","triggerMode":"auto","height":214,"dirty":true,"autoHeight":true,"runningTask":0,"flowMeta":{"callback":{"fitables":["com.huawei.fit.jober.aipp.fitable.AippFlowEndCallback"],"converter":{"type":"mapping_converter","entity":{"outputParams":[{}],"inputParams":[{"referenceNode":"wdnjbq","name":"finalOutput","from":"Reference","id":"ffad80c2-3f60-4d57-93b2-c2362a5dab9c","type":"String","value":["output","llmOutput"],"referenceId":"272c927a-9e25-48b6-a921-6a8ab20267a4","referenceKey":null}]}},"name":"通知回调","type":"general_callback"},"triggerMode":"auto"},"index":106,"bold":false,"backColor":"white","x":1169.4642857142849,"width":360,"namespace":"flowable","y":306.4285714285713,"dashWidth":0,"mouseInBorderColor":"rgba(28,31,35,.08)"},{"type":"jadeEvent","container":"elsa-page:tvp1s6","id":"jade08a56l","text":"","namespace":"flowable","x":640.3571428571429,"y":393.25,"width":529.107142857142,"height":20.178571428571274,"bold":false,"italic":false,"pad":0,"margin":20,"backColor":"white","hideText":true,"beginArrow":false,"beginArrowEmpty":false,"beginArrowSize":4,"endArrow":true,"endArrowEmpty":false,"endArrowSize":4,"textX":0,"textY":0,"hAlign":"center","lineWidth":2,"fromShape":"jade6qm5eg","toShape":"jadesoux5i","definedFromConnector":"E","definedToConnector":"W","arrowBeginPoint":{"x":0,"y":0},"arrowEndPoint":{"x":0,"y":0},"curvePoint1":{"x":0,"y":0},"curvePoint2":{"x":0,"y":0},"brokenPoints":[],"lineMode":{"type":"auto_curve"},"allowSwitchLineMode":false,"allowLink":false,"borderWidth":1,"borderColor":"#B1B1B7","mouseInBorderColor":"#B1B1B7","index":-98,"dirty":true}]}],"enableText":false,"flowMeta":{"exceptionFitables":["com.huawei.fit.jober.aipp.fitable.AippFlowExceptionHandler","com.huawei.fit.jober.fitable.FlowInfoException"],"enableOutputScope":true,"callback":{"fitables":["com.huawei.fit.jober.fitable.FlowInfoCallback"],"name":"通知回调","type":"general_callback"}}}') ON CONFLICT (id) DO NOTHING;
INSERT INTO "public"."app_builder_flow_graph" ("id", "name", "create_by", "create_at", "update_by", "update_at", "appearance") VALUES ('9997f1555b41452b924d1a8b2229bde3', 'LLM模板', 'wzc', '2024-04-17 20:41:29', 'wzc', '2024-04-17 20:41:42', '{"id":"ee1d1c6d8f314fa090b5a3afe8adaf40","title":"jadeFlow","source":"elsa","type":"jadeFlowGraph","tenant":"default","flowMeta":{"exceptionFitables":["com.huawei.fit.jober.aipp.fitable.AippFlowExceptionHandler","com.huawei.fit.jober.fitable.FlowInfoException"],"enableOutputScope":true,"callback":{"fitables":["com.huawei.fit.jober.fitable.FlowInfoCallback"],"name":"通知回调","type":"general_callback"}},"setting":{"borderColor":"#047bfc","backColor":"whitesmoke","headColor":"steelblue","fontColor":"steelblue","captionfontColor":"whitesmoke","fontFace":"arial","captionfontFace":"arial black","fontSize":12,"captionfontSize":14,"fontStyle":"normal","captionfontStyle":"normal","fontWeight":"lighter","captionfontWeight":"lighter","hAlign":"center","vAlign":"top","captionhAlign":"center","lineHeight":1.5,"lineWidth":2,"captionlineHeight":1,"focusMargin":0,"focusBorderColor":"#047bfc","focusFontColor":"darkorange","focusBackColor":"whitesmoke","mouseInColor":"orange","mouseInBorderColor":"#047bfc","mouseInFontColor":"orange","mouseInBackColor":"whitesmoke","borderWidth":1,"focusBorderWidth":1,"outlineWidth":10,"outlineColor":"rgba(74,147,255,0.12)","globalAlpha":1,"backAlpha":0.15,"cornerRadius":4,"dashWidth":0,"autoText":false,"autoHeight":false,"autoWidth":false,"margin":25,"pad":10,"code":"","rotateDegree":0,"shadow":"","focusShadow":"","shadowData":"2px 2px 4px","outstanding":false,"pDock":"none","dockMode":"none","priority":0,"infoType":{"next":"INFORMATION","name":"none"},"progressStatus":{"next":"UNKNOWN","color":"gray","name":"NONE"},"progressPercent":0.65,"showedProgress":false,"itemPad":[5,5,5,5],"itemScroll":{"x":0,"y":0},"scrollLock":{"x":false,"y":false},"resizeable":true,"selectable":true,"rotateAble":true,"editable":true,"moveable":true,"dragable":true,"visible":true,"deletable":true,"allowLink":true,"shared":false,"strikethrough":false,"underline":false,"numberedList":false,"bulletedList":false,"enableAnimation":false,"enableSocial":true,"emphasized":false,"bulletSpeed":1,"tag":{}},"pages":[{"type":"jadeFlowPage","id":"elsa-page:tvp1s6","text":"newFlowPage","namespace":"jadeFlow","x":297.46031746031747,"y":121.01190476190482,"width":1600,"height":800,"bold":false,"italic":false,"dockAlign":"top","division":-1,"itemSpace":5,"itemPad":[0,0,0,0],"itemScroll":{"x":0,"y":0},"hideText":true,"dockMode":"none","shapesAs":{},"borderColor":"white","backColor":"#fbfbfc","fontSize":18,"fontFace":"arial","fontColor":"#ECD0A7","fontWeight":"bold","fontStyle":"normal","hAlign":"left","vAlign":"top","moveable":true,"container":"elsa-page:tvp1s6","scaleX":0.8,"scaleY":0.8,"focusBackColor":"#fbfbfc","dirty":true,"isPage":true,"mode":"configuration","shapes":[{"type":"startNodeStart","container":"elsa-page:tvp1s6","id":"jade6qm5eg","text":"开始","namespace":"flowable","x":-170.8928571428571,"y":32.5,"width":360,"height":554,"bold":false,"italic":false,"deletable":false,"pad":6,"rotateAble":false,"triggerMode":"auto","enableAnimation":false,"warningTask":0,"runningTask":0,"completedTask":0,"hideText":true,"autoHeight":true,"borderColor":"rgba(28,31,35,.08)","mouseInBorderColor":"rgba(28,31,35,.08)","shadow":"0 2px 4px 0 rgba(0,0,0,.1)","sourcePlatform":"official","focusShadow":"0 0 1px rgba(0,0,0,.3),0 4px 14px rgba(0,0,0,.1)","borderWidth":1,"outlineWidth":10,"outlineColor":"rgba(74,147,255,0.12)","dashWidth":0,"backColor":"white","focusBackColor":"white","cornerRadius":8,"flowMeta":{"triggerMode":"auto","inputParams":[{"id":"91138f09-b635-43df-95c6-1fe3d1745829","name":"input","type":"Object","from":"Expand","value":[{"id":"input_ae2ffd6e-2b9e-4e73-9d7f-0e661ec3dbdb","name":"Question","type":"String","from":"Input","description":"这是用户输入的问题","value":"","disableModifiable":true}]},{"id":"4a770dc6-e3c9-475d-84c7-48dacc74a5b6","name":"memory","type":"Object","from":"Expand","value":[{"id":"cee9a31b-781c-4835-a616-ceed73be22f2","name":"type","type":"String","from":"Input","value":"ByConversationTurn"},{"id":"69592622-4291-409d-9d65-9faea83db657","name":"value","type":"Integer","from":"Input","value":"3"}]}]},"componentName":"startComponent","index":100,"dirty":true},{"type":"retrievalNodeState","container":"elsa-page:tvp1s6","id":"jade0pg2ag","text":"普通检索","namespace":"flowable","x":275.7499999999999,"y":192.3571428571428,"width":360,"height":459,"bold":false,"italic":false,"pad":6,"rotateAble":false,"triggerMode":"auto","enableAnimation":false,"warningTask":0,"runningTask":0,"completedTask":0,"hideText":true,"autoHeight":true,"borderColor":"rgba(28,31,35,.08)","mouseInBorderColor":"rgba(28,31,35,.08)","shadow":"0 2px 4px 0 rgba(0,0,0,.1)","sourcePlatform":"official","focusShadow":"0 0 1px rgba(0,0,0,.3),0 4px 14px rgba(0,0,0,.1)","borderWidth":1,"outlineWidth":10,"outlineColor":"rgba(74,147,255,0.12)","dashWidth":0,"backColor":"white","focusBackColor":"white","cornerRadius":8,"flowMeta":{"triggerMode":"auto","jober":{"type":"general_jober","name":"","fitables":["com.huawei.fit.jober.aipp.fitable.NaiveRAGComponent"],"converter":{"type":"mapping_converter","entity":{"inputParams":[{"id":"query_0ab55575-f21d-4b19-9676-57fcb4b0b783","name":"query","type":"String","from":"Reference","referenceNode":"jade6qm5eg","referenceId":"input_ae2ffd6e-2b9e-4e73-9d7f-0e661ec3dbdb","referenceKey":"Question","value":["Question"]},{"id":"knowledge_01c41edd-a22b-4289-b1cf-8db835833261","name":"knowledge","type":"Array","from":"Expand","value":[{"id":"55f8e6eb-dab5-435f-94ea-18108eaba982","type":"Object","from":"Expand","value":[]}]},{"id":"maximum_2da115cd-c1ce-485f-ba98-b4c995f3d6ff","name":"maximum","type":"Integer","from":"Input","value":3}],"outputParams":[{"id":"output_cd5cbe89-0d9f-4cf1-9e09-afb325576b84","name":"output","type":"Object","from":"Expand","value":[{"id":"5c9c6535-c127-445a-862a-966cf1083929","name":"retrievalOutput","type":"String","from":"Input","value":"String"}]}]}}}},"componentName":"retrievalComponent","index":101,"dirty":true},{"type":"llmNodeState","container":"elsa-page:tvp1s6","id":"jadewdnjbq","text":"大模型","namespace":"flowable","x":719.1428571428571,"y":-53.21428571428578,"width":360,"height":787,"bold":false,"italic":false,"pad":6,"rotateAble":false,"triggerMode":"auto","enableAnimation":false,"warningTask":0,"runningTask":0,"completedTask":0,"hideText":true,"autoHeight":true,"borderColor":"rgba(28,31,35,.08)","mouseInBorderColor":"rgba(28,31,35,.08)","shadow":"0 2px 4px 0 rgba(0,0,0,.1)","sourcePlatform":"official","focusShadow":"0 0 1px rgba(0,0,0,.3),0 4px 14px rgba(0,0,0,.1)","borderWidth":1,"outlineWidth":10,"outlineColor":"rgba(74,147,255,0.12)","dashWidth":0,"backColor":"white","focusBackColor":"white","cornerRadius":8,"flowMeta":{"triggerMode":"auto","jober":{"type":"general_jober","name":"","fitables":["com.huawei.fit.jober.aipp.fitable.LLMComponent"],"converter":{"type":"mapping_converter","entity":{"inputParams":[{"id":"6c414e75-971e-403a-b2b1-c6850f128cc4","name":"model","type":"String","from":"Input","value":"Qwen1.5-32B-Chat"},{"id":"db5fdafa-4cbf-44ba-9cca-8a98f1f771f4","name":"temperature","type":"Number","from":"Input","value":"0.3"},{"id":"88f74d78-4711-4f81-a2e7-74d0034c5e88","name":"prompt","type":"Object","from":"Expand","value":[{"id":"35a710cf-1b79-4523-b16f-b50878d677fe","name":"template","type":"String","from":"Input","value":"请按照以下步骤生成您的回复：\n1. 递归地将问题分解为更小的问题。\n2. 对于每个原子问题，从上下文和对话历史记录中选择最相关的信息。\n3. 使用所选信息生成回复草稿。\n4. 删除回复草稿中的重复内容。\n5. 在调整后生成最终答案，以提高准确性和相关性。\n6. 请注意，只需要回复最终答案。\n-------------------------------------\n上下文信息：\n\n{{knowledge}}\n\n问题：{{query}}"},{"id":"38fb27a1-71f4-4fcc-87d5-9d8a880bc04d","name":"variables","type":"Object","from":"Expand","value":[{"id":"aeba7823-8d14-4750-9723-55265ae71c4e","name":"knowledge","type":"String","from":"Reference","value":["output","retrievalOutput"],"referenceNode":"jade0pg2ag","referenceId":"5c9c6535-c127-445a-862a-966cf1083929","referenceKey":"retrievalOutput"},{"id":"eee66922-4304-4209-89fc-b13ffa101630","name":"query","type":"String","from":"Reference","value":["Question"],"referenceKey":"Question","referenceNode":"jade6qm5eg","referenceId":"input_ae2ffd6e-2b9e-4e73-9d7f-0e661ec3dbdb"}]}]},{"id":"a6865419-867c-4bfb-855c-f5c1876c965a","name":"tools","type":"Array","from":"Expand","value":[]},{"id":"308e2023-a8e9-486e-9784-8680addbb786","name":"workflows","type":"Array","from":"Expand","value":[]},{"id":"68f92923-d5da-42ce-8478-d7ac7d90664e","name":"systemPrompt","type":"String","from":"Input","value":""}],"outputParams":[{"id":"95d84d67-3198-415e-a63c-bc9a2da8d821","name":"output","type":"Object","from":"Expand","value":[{"id":"272c927a-9e25-48b6-a921-6a8ab20267a4","name":"llmOutput","type":"string","from":"Input","description":"","value":""}]}]}},"isAsync":"true"}},"componentName":"llmComponent","index":102,"dirty":true},{"type":"endNodeEnd","container":"elsa-page:tvp1s6","id":"jadesoux5i","text":"结束","namespace":"flowable","x":1169.4642857142849,"y":306.4285714285713,"width":360,"height":212,"bold":false,"italic":false,"deletable":false,"pad":6,"rotateAble":false,"triggerMode":"auto","enableAnimation":false,"warningTask":0,"runningTask":0,"completedTask":0,"hideText":true,"autoHeight":true,"borderColor":"rgba(28,31,35,.08)","mouseInBorderColor":"rgba(28,31,35,.08)","shadow":"0 2px 4px 0 rgba(0,0,0,.1)","sourcePlatform":"official","focusShadow":"0 0 1px rgba(0,0,0,.3),0 4px 14px rgba(0,0,0,.1)","borderWidth":1,"outlineWidth":10,"outlineColor":"rgba(74,147,255,0.12)","dashWidth":0,"backColor":"white","focusBackColor":"white","cornerRadius":8,"flowMeta":{"triggerMode":"auto","callback":{"type":"general_callback","name":"通知回调","fitables":["com.huawei.fit.jober.aipp.fitable.AippFlowEndCallback"],"converter":{"type":"mapping_converter","entity":{"inputParams":[{"id":"ffad80c2-3f60-4d57-93b2-c2362a5dab9c","name":"finalOutput","type":"String","from":"Reference","referenceNode":"jadewdnjbq","referenceId":"272c927a-9e25-48b6-a921-6a8ab20267a4","referenceKey":"llmOutput","value":["output","llmOutput"]}],"outputParams":[{}]}}}},"componentName":"endComponent","index":104,"dirty":true},{"type":"jadeEvent","container":"elsa-page:tvp1s6","id":"jade2zanyx","text":"","namespace":"flowable","x":189.1071428571429,"y":309.5,"width":86.642857142857,"height":112.35714285714278,"bold":false,"italic":false,"pad":0,"margin":20,"backColor":"white","hideText":true,"beginArrow":false,"beginArrowEmpty":false,"beginArrowSize":4,"endArrow":true,"endArrowEmpty":false,"endArrowSize":4,"textX":0,"textY":0,"hAlign":"center","lineWidth":2,"fromShape":"jade6qm5eg","toShape":"jade0pg2ag","definedFromConnector":"E","definedToConnector":"W","arrowBeginPoint":{"x":0,"y":0,"direction":{"cursor":"ew-resize","key":"E","color":"whitesmoke","ax":"x","vector":1,"value":"E"}},"arrowEndPoint":{"x":96,"y":80,"direction":{"cursor":"ew-resize","key":"W","color":"whitesmoke","ax":"x","vector":-1,"value":"W"}},"curvePoint1":{"x":0,"y":0},"curvePoint2":{"x":0,"y":0},"brokenPoints":[{"x":50,"y":0},{"x":50,"y":80}],"lineMode":{"type":"auto_curve"},"allowSwitchLineMode":false,"allowLink":false,"borderWidth":1,"borderColor":"#B1B1B7","mouseInBorderColor":"#B1B1B7","index":-95,"dirty":true},{"type":"jadeEvent","container":"elsa-page:tvp1s6","id":"jade5c5urs","text":"","namespace":"flowable","x":635.7499999999999,"y":421.8571428571428,"width":83.39285714285722,"height":-81.57142857142856,"bold":false,"italic":false,"pad":0,"margin":20,"backColor":"white","hideText":true,"beginArrow":false,"beginArrowEmpty":false,"beginArrowSize":4,"endArrow":true,"endArrowEmpty":false,"endArrowSize":4,"textX":0,"textY":0,"hAlign":"center","lineWidth":2,"fromShape":"jade0pg2ag","toShape":"jadewdnjbq","definedFromConnector":"E","definedToConnector":"W","arrowBeginPoint":{"x":0,"y":0,"direction":{"cursor":"ew-resize","key":"E","color":"whitesmoke","ax":"x","vector":1,"value":"E"}},"arrowEndPoint":{"x":96,"y":80,"direction":{"cursor":"ew-resize","key":"W","color":"whitesmoke","ax":"x","vector":-1,"value":"W"}},"curvePoint1":{"x":0,"y":0},"curvePoint2":{"x":0,"y":0},"brokenPoints":[{"x":50,"y":0},{"x":50,"y":80}],"lineMode":{"type":"auto_curve"},"allowSwitchLineMode":false,"allowLink":false,"borderWidth":1,"borderColor":"#B1B1B7","mouseInBorderColor":"#B1B1B7","index":-94,"dirty":true},{"type":"jadeEvent","container":"elsa-page:tvp1s6","id":"jade1p0cdu","text":"","namespace":"flowable","x":1079.142857142857,"y":340.2857142857142,"width":90.32142857142776,"height":72.14285714285705,"bold":false,"italic":false,"pad":0,"margin":20,"backColor":"white","hideText":true,"beginArrow":false,"beginArrowEmpty":false,"beginArrowSize":4,"endArrow":true,"endArrowEmpty":false,"endArrowSize":4,"textX":0,"textY":0,"hAlign":"center","lineWidth":2,"fromShape":"jadewdnjbq","toShape":"jadesoux5i","definedFromConnector":"E","definedToConnector":"W","arrowBeginPoint":{"x":0,"y":0,"direction":{"cursor":"ew-resize","key":"E","color":"whitesmoke","ax":"x","vector":1,"value":"E"}},"arrowEndPoint":{"x":96,"y":80,"direction":{"cursor":"ew-resize","key":"W","color":"whitesmoke","ax":"x","vector":-1,"value":"W"}},"curvePoint1":{"x":0,"y":0},"curvePoint2":{"x":0,"y":0},"brokenPoints":[{"x":50,"y":0},{"x":50,"y":80}],"lineMode":{"type":"auto_curve"},"allowSwitchLineMode":false,"allowLink":false,"borderWidth":1,"borderColor":"#B1B1B7","mouseInBorderColor":"#B1B1B7","index":-94,"dirty":true}],"index":0}],"enableText":false}') ON CONFLICT (id) DO NOTHING;
INSERT INTO "public"."app_builder_flow_graph" ("id", "name", "create_by", "create_at", "update_by", "update_at", "appearance") VALUES ('d14e513cadb84847b62e9d67b7d47a02', 'LLM模板', '马莉亚 00558975', '2024-05-17 20:03:15.794', 'com.huawei.jade', '2024-05-24 19:16:25.843', '{"id":"d14e513cadb84847b62e9d67b7d47a02","type":"jadeFlowGraph","pages":[{"x":297.46031746031747,"y":121.01190476190482,"id":"elsa-page:tvp1s6","bold":false,"mode":"configuration","text":"newFlowPage","type":"jadeFlowPage","dirty":false,"index":0,"width":1600,"hAlign":"left","height":800,"isPage":true,"italic":false,"scaleX":0.8,"scaleY":0.8,"shapes":[{"x":189.1071428571429,"y":323,"id":"jade2zanyx","pad":0,"bold":false,"text":"","type":"jadeEvent","dirty":true,"index":-100,"textX":0,"textY":0,"width":86.642857142857,"hAlign":"center","height":70.35714285714278,"italic":false,"margin":20,"toShape":"jade0pg2ag","endArrow":true,"hideText":true,"lineMode":{"type":"auto_curve"},"allowLink":false,"backColor":"white","container":"elsa-page:tvp1s6","fromShape":"jade6qm5eg","lineWidth":2,"namespace":"flowable","beginArrow":false,"borderColor":"#B1B1B7","borderWidth":1,"curvePoint1":{"x":0,"y":0},"curvePoint2":{"x":0,"y":0},"brokenPoints":[{"x":50,"y":0},{"x":50,"y":80}],"endArrowSize":4,"arrowEndPoint":{"x":96,"y":80,"direction":{"ax":"x","key":"W","color":"whitesmoke","value":"W","cursor":"ew-resize","vector":-1}},"endArrowEmpty":false,"beginArrowSize":4,"arrowBeginPoint":{"x":0,"y":0,"direction":{"ax":"x","key":"E","color":"whitesmoke","value":"E","cursor":"ew-resize","vector":1}},"beginArrowEmpty":false,"definedToConnector":"W","mouseInBorderColor":"#B1B1B7","allowSwitchLineMode":false,"definedFromConnector":"E"},{"x":635.7499999999999,"y":393.3571428571428,"id":"jade5c5urs","pad":0,"bold":false,"text":"","type":"jadeEvent","dirty":true,"index":-99,"textX":0,"textY":0,"width":83.39285714285722,"hAlign":"center","height":-0.5714285714285552,"italic":false,"margin":20,"toShape":"jadewdnjbq","endArrow":true,"hideText":true,"lineMode":{"type":"auto_curve"},"allowLink":false,"backColor":"white","container":"elsa-page:tvp1s6","fromShape":"jade0pg2ag","lineWidth":2,"namespace":"flowable","beginArrow":false,"borderColor":"#B1B1B7","borderWidth":1,"curvePoint1":{"x":0,"y":0},"curvePoint2":{"x":0,"y":0},"brokenPoints":[{"x":50,"y":0},{"x":50,"y":80}],"endArrowSize":4,"arrowEndPoint":{"x":96,"y":80,"direction":{"ax":"x","key":"W","color":"whitesmoke","value":"W","cursor":"ew-resize","vector":-1}},"endArrowEmpty":false,"beginArrowSize":4,"arrowBeginPoint":{"x":0,"y":0,"direction":{"ax":"x","key":"E","color":"whitesmoke","value":"E","cursor":"ew-resize","vector":1}},"beginArrowEmpty":false,"definedToConnector":"W","mouseInBorderColor":"#B1B1B7","allowSwitchLineMode":false,"definedFromConnector":"E"},{"x":1079.142857142857,"y":392.7857142857142,"id":"jade1p0cdu","pad":0,"bold":false,"text":"","type":"jadeEvent","dirty":true,"index":-98,"textX":0,"textY":0,"width":90.32142857142776,"hAlign":"center","height":20.642857142857054,"italic":false,"margin":20,"toShape":"jadesoux5i","endArrow":true,"hideText":true,"lineMode":{"type":"auto_curve"},"allowLink":false,"backColor":"white","container":"elsa-page:tvp1s6","fromShape":"jadewdnjbq","lineWidth":2,"namespace":"flowable","beginArrow":false,"borderColor":"#B1B1B7","borderWidth":1,"curvePoint1":{"x":0,"y":0},"curvePoint2":{"x":0,"y":0},"brokenPoints":[{"x":50,"y":0},{"x":50,"y":80}],"endArrowSize":4,"arrowEndPoint":{"x":96,"y":80,"direction":{"ax":"x","key":"W","color":"whitesmoke","value":"W","cursor":"ew-resize","vector":-1}},"endArrowEmpty":false,"beginArrowSize":4,"arrowBeginPoint":{"x":0,"y":0,"direction":{"ax":"x","key":"E","color":"whitesmoke","value":"E","cursor":"ew-resize","vector":1}},"beginArrowEmpty":false,"definedToConnector":"W","mouseInBorderColor":"#B1B1B7","allowSwitchLineMode":false,"definedFromConnector":"E"},{"x":-170.8928571428571,"y":32.5,"id":"jade6qm5eg","pad":6,"bold":false,"text":"开始","type":"startNodeStart","dirty":true,"index":103,"width":360,"height":581,"italic":false,"shadow":"0 2px 4px 0 rgba(0,0,0,.1)","sourcePlatform":"official","flowMeta":{"inputParams":[{"id":"91138f09-b635-43df-95c6-1fe3d1745829","from":"Expand","name":"input","type":"Object","value":[{"id":"input_ae2ffd6e-2b9e-4e73-9d7f-0e661ec3dbdb","from":"Input","name":"Question","type":"String","value":"","description":"这是用户输入的问题","disableModifiable":true}]},{"id":"4a770dc6-e3c9-475d-84c7-48dacc74a5b6","from":"Expand","name":"memory","type":"Object","value":[{"id":"cee9a31b-781c-4835-a616-ceed73be22f2","from":"Input","name":"type","type":"String","value":"ByConversationTurn"},{"id":"69592622-4291-409d-9d65-9faea83db657","from":"Input","name":"value","type":"Integer","value":"3"}]}],"triggerMode":"auto"},"hideText":true,"backColor":"white","container":"elsa-page:tvp1s6","dashWidth":0,"deletable":false,"namespace":"flowable","autoHeight":true,"rotateAble":false,"borderColor":"rgba(28,31,35,.08)","borderWidth":1,"focusShadow":"0 0 1px rgba(0,0,0,.3),0 4px 14px rgba(0,0,0,.1)","runningTask":0,"triggerMode":"auto","warningTask":0,"cornerRadius":8,"completedTask":0,"componentName":"startComponent","focusBackColor":"white","enableAnimation":false,"outlineWidth":10,"outlineColor":"rgba(74,147,255,0.12)","mouseInBorderColor":"rgba(28,31,35,.08)"},{"x":275.7499999999999,"y":192.3571428571428,"id":"jade0pg2ag","pad":6,"bold":false,"text":"普通检索","type":"retrievalNodeState","dirty":true,"index":104,"width":360,"height":402,"italic":false,"shadow":"0 2px 4px 0 rgba(0,0,0,.1)","sourcePlatform":"official","flowMeta":{"jober":{"name":"","type":"general_jober","fitables":["com.huawei.fit.jober.aipp.fitable.NaiveRAGComponent"],"converter":{"type":"mapping_converter","entity":{"inputParams":[{"id":"query_0ab55575-f21d-4b19-9676-57fcb4b0b783","from":"Reference","name":"query","type":"String","value":["Question"],"referenceId":"input_ae2ffd6e-2b9e-4e73-9d7f-0e661ec3dbdb","referenceKey":"Question","referenceNode":"jade6qm5eg"},{"id":"knowledge_01c41edd-a22b-4289-b1cf-8db835833261","from":"Expand","name":"knowledge","type":"Array","value":[]},{"id":"maximum_2da115cd-c1ce-485f-ba98-b4c995f3d6ff","from":"Input","name":"maximum","type":"Integer","value":3}],"outputParams":[{"id":"output_cd5cbe89-0d9f-4cf1-9e09-afb325576b84","from":"Expand","name":"output","type":"Object","value":[{"id":"5c9c6535-c127-445a-862a-966cf1083929","from":"Input","name":"retrievalOutput","type":"String","value":"String"}]}]}}},"triggerMode":"auto"},"hideText":true,"backColor":"white","container":"elsa-page:tvp1s6","dashWidth":0,"namespace":"flowable","autoHeight":true,"rotateAble":false,"borderColor":"rgba(28,31,35,.08)","borderWidth":1,"focusShadow":"0 0 1px rgba(0,0,0,.3),0 4px 14px rgba(0,0,0,.1)","runningTask":0,"triggerMode":"auto","warningTask":0,"cornerRadius":8,"completedTask":0,"componentName":"retrievalComponent","focusBackColor":"white","enableAnimation":false,"outlineWidth":10,"outlineColor":"rgba(74,147,255,0.12)","mouseInBorderColor":"rgba(28,31,35,.08)"},{"x":719.1428571428571,"y":-53.21428571428578,"id":"jadewdnjbq","pad":6,"bold":false,"text":"大模型","type":"llmNodeState","dirty":true,"index":105,"width":360,"height":892,"italic":false,"shadow":"0 2px 4px 0 rgba(0,0,0,.1)","sourcePlatform":"official","flowMeta":{"jober":{"name":"","type":"general_jober","isAsync":"true","fitables":["com.huawei.fit.jober.aipp.fitable.LLMComponent"],"converter":{"type":"mapping_converter","entity":{"inputParams":[{"id":"6c414e75-971e-403a-b2b1-c6850f128cc4","from":"Input","name":"model","type":"String","value":"Qwen1.5-32B-Chat"},{"id":"db5fdafa-4cbf-44ba-9cca-8a98f1f771f4","from":"Input","name":"temperature","type":"Number","value":0.0},{"id":"88f74d78-4711-4f81-a2e7-74d0034c5e88","from":"Expand","name":"prompt","type":"Object","value":[{"id":"35a710cf-1b79-4523-b16f-b50878d677fe","from":"Input","name":"template","type":"String","value":"上下文信息：\n\n{{knowledge}}\n\n问题：{{query}}"},{"id":"38fb27a1-71f4-4fcc-87d5-9d8a880bc04d","from":"Expand","name":"variables","type":"Object","value":[{"id":"aeba7823-8d14-4750-9723-55265ae71c4e","from":"Reference","name":"knowledge","type":"String","value":["output","retrievalOutput"],"referenceId":"5c9c6535-c127-445a-862a-966cf1083929","referenceKey":"retrievalOutput","referenceNode":"jade0pg2ag"},{"id":"eee66922-4304-4209-89fc-b13ffa101630","from":"Reference","name":"query","type":"String","value":["Question"],"referenceId":"input_ae2ffd6e-2b9e-4e73-9d7f-0e661ec3dbdb","referenceKey":"Question","referenceNode":"jade6qm5eg"}]}]},{"id":"a6865419-867c-4bfb-855c-f5c1876c965a","from":"Expand","name":"tools","type":"Array","value":[]},{"id":"308e2023-a8e9-486e-9784-8680addbb786","from":"Expand","name":"workflows","type":"Array","value":[{"id":"303a2fce-13df-4dfc-a3ab-51323ee90cdb","from":"input","type":"String","value":"c04cee50-13e4-499b-a008-077459a2e552"}]},{"id":"68f92923-d5da-42ce-8478-d7ac7d90664e","from":"Input","name":"systemPrompt","type":"String","value":"## 角色\n你的名字叫小海，是华为公司开发的机器人。你擅长回答用户问题，也能够高效创建其他机器人。\n\n### 技能\n### 技能1：创建机器人\n当接收到创建机器人的任务时，调用**c04cee50-13e4-499b-a008-077459a2e552**工具创建机器人。\n\n### 技能2：回答用户问题\n当接收到用户问题时，按照以下步骤生成回复：\n1. 递归地将问题分解为更小的问题。\n2. 对于每个原子问题，从上下文和对话历史记录中选择最相关的信息。\n3. 使用所选信息生成回复草稿。\n4. 删除回复草稿中的重复内容。\n5. 在调整后生成最终答案，以提高准确性和相关性。\n6. 回复最终答案。\n\n### 限制\n1. 回答用户问题时，只需要回复最终答案。"}],"outputParams":[{"id":"95d84d67-3198-415e-a63c-bc9a2da8d821","from":"Expand","name":"output","type":"Object","value":[{"id":"272c927a-9e25-48b6-a921-6a8ab20267a4","from":"Input","name":"llmOutput","type":"string","value":"","description":""}]}]}}},"triggerMode":"auto"},"hideText":true,"backColor":"white","container":"elsa-page:tvp1s6","dashWidth":0,"namespace":"flowable","autoHeight":true,"rotateAble":false,"borderColor":"rgba(28,31,35,.08)","borderWidth":1,"focusShadow":"0 0 1px rgba(0,0,0,.3),0 4px 14px rgba(0,0,0,.1)","runningTask":0,"triggerMode":"auto","warningTask":0,"cornerRadius":8,"completedTask":0,"componentName":"llmComponent","focusBackColor":"white","enableAnimation":false,"outlineWidth":10,"outlineColor":"rgba(74,147,255,0.12)","mouseInBorderColor":"rgba(28,31,35,.08)"},{"x":1169.4642857142849,"y":306.4285714285713,"id":"jadesoux5i","pad":6,"bold":false,"text":"结束","type":"endNodeEnd","dirty":true,"index":106,"width":360,"height":214,"italic":false,"shadow":"0 2px 4px 0 rgba(0,0,0,.1)","sourcePlatform":"official","flowMeta":{"callback":{"name":"通知回调","type":"general_callback","fitables":["com.huawei.fit.jober.aipp.fitable.AippFlowEndCallback"],"converter":{"type":"mapping_converter","entity":{"inputParams":[{"id":"ffad80c2-3f60-4d57-93b2-c2362a5dab9c","from":"Reference","name":"finalOutput","type":"String","value":["output","llmOutput"],"referenceId":"272c927a-9e25-48b6-a921-6a8ab20267a4","referenceKey":"llmOutput","referenceNode":"jadewdnjbq"}],"outputParams":[{}]}}},"triggerMode":"auto"},"hideText":true,"backColor":"white","container":"elsa-page:tvp1s6","dashWidth":0,"deletable":false,"namespace":"flowable","autoHeight":true,"rotateAble":false,"borderColor":"rgba(28,31,35,.08)","borderWidth":1,"focusShadow":"0 0 1px rgba(0,0,0,.3),0 4px 14px rgba(0,0,0,.1)","runningTask":0,"triggerMode":"auto","warningTask":0,"cornerRadius":8,"completedTask":0,"componentName":"endComponent","focusBackColor":"white","enableAnimation":false,"outlineWidth":10,"outlineColor":"rgba(74,147,255,0.12)","mouseInBorderColor":"rgba(28,31,35,.08)"}],"vAlign":"top","itemPad":[0,0,0,0],"division":-1,"dockMode":"none","fontFace":"arial","fontSize":18,"hideText":true,"moveable":true,"shapesAs":{},"backColor":"#fbfbfc","container":"elsa-page:tvp1s6","dockAlign":"top","fontColor":"#ECD0A7","fontStyle":"normal","itemSpace":5,"namespace":"jadeFlow","fontWeight":"bold","itemScroll":{"x":0,"y":0},"borderColor":"white","focusBackColor":"#fbfbfc"}],"title":"d14e513cadb84847b62e9d67b7d47a02","source":"elsa","tenant":"default","setting":{"pad":10,"tag":{},"code":"","pDock":"none","hAlign":"center","margin":25,"shadow":"","shared":false,"vAlign":"top","itemPad":[5,5,5,5],"visible":true,"autoText":false,"dockMode":"none","dragable":true,"editable":true,"fontFace":"arial","fontSize":12,"infoType":{"name":"none","next":"INFORMATION"},"moveable":true,"priority":0,"allowLink":true,"autoWidth":false,"backAlpha":0.15,"backColor":"whitesmoke","dashWidth":0,"deletable":true,"fontColor":"steelblue","fontStyle":"normal","headColor":"steelblue","lineWidth":2,"underline":false,"autoHeight":false,"emphasized":false,"fontWeight":"lighter","itemScroll":{"x":0,"y":0},"lineHeight":1.5,"resizeable":true,"rotateAble":true,"scrollLock":{"x":false,"y":false},"selectable":true,"shadowData":"2px 2px 4px","borderColor":"#047bfc","borderWidth":1,"bulletSpeed":1,"focusMargin":0,"focusShadow":"","globalAlpha":1,"outstanding":false,"bulletedList":false,"cornerRadius":4,"enableSocial":true,"mouseInColor":"orange","numberedList":false,"rotateDegree":0,"captionhAlign":"center","strikethrough":false,"focusBackColor":"whitesmoke","focusFontColor":"darkorange","progressStatus":{"name":"NONE","next":"UNKNOWN","color":"gray"},"showedProgress":false,"captionfontFace":"arial black","captionfontSize":14,"enableAnimation":false,"progressPercent":0.65,"captionfontColor":"whitesmoke","captionfontStyle":"normal","focusBorderColor":"#047bfc","focusBorderWidth":1,"outlineWidth":10,"outlineColor":"rgba(74,147,255,0.12)","mouseInBackColor":"whitesmoke","mouseInFontColor":"orange","captionfontWeight":"lighter","captionlineHeight":1,"mouseInBorderColor":"#047bfc"},"flowMeta":{"enableOutputScope":true,"exceptionFitables":["com.huawei.fit.jober.aipp.fitable.AippFlowExceptionHandler","com.huawei.fit.jober.fitable.FlowInfoException"],"callback":{"fitables":["com.huawei.fit.jober.fitable.FlowInfoCallback"],"name":"通知回调","type":"general_callback"}},"enableText":false}') ON CONFLICT (id) DO NOTHING;
INSERT INTO "public"."app_builder_flow_graph" ("id", "name", "create_by", "create_at", "update_by", "update_at", "appearance") VALUES ('beefffd1168b4785a71f149a2a530d2f', 'tool模板', 'com.huawei.jade', '2024-05-24 18:29:55.572', 'com.huawei.jade', '2024-05-24 18:34:46.521', '{"id":"beefffd1168b4785a71f149a2a530d2f","type":"jadeFlowGraph","pages":[{"x":176.21031746031747,"y":-46.488095238095184,"id":"elsa-page:tvp1s6","bold":false,"mode":"configuration","text":"newFlowPage","type":"jadeFlowPage","dirty":true,"index":0,"width":1600,"hAlign":"left","height":800,"isPage":true,"italic":false,"scaleX":0.8,"scaleY":0.8,"shapes":[{"x":-145.8928571428571,"y":230,"id":"jade6qm5eg","pad":6,"bold":false,"text":"开始","type":"startNodeStart","dirty":true,"index":101,"width":360,"height":528,"italic":false,"shadow":"0 2px 4px 0 rgba(0,0,0,.1)","sourcePlatform":"official","flowMeta":{"inputParams":[{"id":"91138f09-b635-43df-95c6-1fe3d1745829","from":"Expand","name":"input","type":"Object","value":[{"id":"input_ae2ffd6e-2b9e-4e73-9d7f-0e661ec3dbdb","from":"Input","name":"query","type":"String","value":"","description":"用户问题。"}],"config":[{"allowAdd":true}]},{"id":"4a770dc6-e3c9-475d-84c7-48dacc74a5b6","from":"Expand","name":"memory","type":"Object","value":[{"id":"cee9a31b-781c-4835-a616-ceed73be22f2","from":"Input","name":"type","type":"String","value":"NotUseMemory"},{"id":"69592622-4291-409d-9d65-9faea83db657","from":"Input","name":"value","type":""}]}],"triggerMode":"auto"},"hideText":true,"backColor":"white","container":"elsa-page:tvp1s6","dashWidth":0,"deletable":false,"namespace":"flowable","autoHeight":true,"rotateAble":false,"borderColor":"rgba(28,31,35,.08)","borderWidth":1,"focusShadow":"0 0 1px rgba(0,0,0,.3),0 4px 14px rgba(0,0,0,.1)","runningTask":0,"triggerMode":"auto","warningTask":0,"cornerRadius":8,"completedTask":0,"componentName":"startComponent","focusBackColor":"white","enableAnimation":false,"outlineWidth":10,"outlineColor":"rgba(74,147,255,0.12)","mouseInBorderColor":"rgba(28,31,35,.08)"},{"x":2334.464285714285,"y":378.9285714285713,"id":"jadesoux5i","pad":6,"bold":false,"text":"财经问答结束","type":"endNodeEnd","dirty":true,"index":102,"width":360,"height":214,"italic":false,"shadow":"0 2px 4px 0 rgba(0,0,0,.1)","sourcePlatform":"official","flowMeta":{"callback":{"name":"通知回调","type":"general_callback","fitables":["com.huawei.fit.jober.aipp.fitable.AippFlowEndCallback"],"converter":{"type":"mapping_converter","entity":{"inputParams":[{"id":"ffad80c2-3f60-4d57-93b2-c2362a5dab9c","from":"Reference","name":"finalOutput","type":"String","value":["output"],"referenceId":"output_fc952038-1a14-442b-bd78-8515e69449fa","referenceKey":"output","referenceNode":"jadecoarmv"}],"outputParams":[{}]}}},"triggerMode":"auto"},"hideText":true,"backColor":"white","container":"elsa-page:tvp1s6","dashWidth":0,"deletable":false,"namespace":"flowable","autoHeight":true,"rotateAble":false,"borderColor":"rgba(28,31,35,.08)","borderWidth":1,"focusShadow":"0 0 1px rgba(0,0,0,.3),0 4px 14px rgba(0,0,0,.1)","runningTask":0,"triggerMode":"auto","warningTask":0,"cornerRadius":8,"completedTask":0,"componentName":"endComponent","focusBackColor":"white","enableAnimation":false,"outlineWidth":10,"outlineColor":"rgba(74,147,255,0.12)","mouseInBorderColor":"rgba(28,31,35,.08)"},{"x":291.28968253968253,"y":366.4880952380952,"id":"jade3axbnw","pad":6,"bold":false,"text":"问题路由","type":"toolInvokeNodeState","dirty":true,"index":102,"width":360,"height":259,"italic":false,"shadow":"0 2px 4px 0 rgba(0,0,0,.1)","sourcePlatform":"official","flowMeta":{"jober":{"name":"","type":"STORE_JOBER","entity":{"params":[{"name":"query"}],"return":{"type":"object"},"uniqueName":"c6c2d272-90e5-4c06-b8fa-5d94930b7532"},"fitables":[],"converter":{"type":"mapping_converter","entity":{"inputParams":[{"id":"query_c958c2fd-b97e-481f-8cff-55e7d8564d5d","from":"Reference","name":"query","type":"String","value":["query"],"referenceId":"input_ae2ffd6e-2b9e-4e73-9d7f-0e661ec3dbdb","referenceKey":"query","referenceNode":"jade6qm5eg"}],"outputParams":[{"id":"output_2d3a958f-ac5c-413f-bf27-e39425597f72","name":"output","type":"Object","value":[{"id":"b290d85f-2c2e-426d-9789-1ffbdd492a2b","name":"result","type":"String","value":"String"},{"id":"4b5ec0f1-33e5-4bb4-bf83-df410be25b14","name":"matched","type":"Boolean","value":"Boolean"},{"id":"92a77575-7d95-4e51-ab3b-7ce14385b2d4","name":"completeQuery","type":"String","value":"String"}]}]}}},"triggerMode":"auto"},"hideText":true,"backColor":"white","container":"elsa-page:tvp1s6","dashWidth":0,"namespace":"flowable","autoHeight":true,"rotateAble":false,"borderColor":"rgba(28,31,35,.08)","borderWidth":1,"focusShadow":"0 0 1px rgba(0,0,0,.3),0 4px 14px rgba(0,0,0,.1)","runningTask":0,"triggerMode":"auto","warningTask":0,"cornerRadius":8,"completedTask":0,"componentName":"toolInvokeComponent","focusBackColor":"white","enableAnimation":false,"outlineWidth":10,"outlineColor":"rgba(74,147,255,0.12)","mouseInBorderColor":"rgba(28,31,35,.08)"},{"x":1868.7896825396824,"y":343.9880952380952,"id":"jadecoarmv","pad":6,"bold":false,"text":"结果生成","type":"toolInvokeNodeState","dirty":true,"index":103,"width":360,"height":304,"italic":false,"shadow":"0 2px 4px 0 rgba(0,0,0,.1)","sourcePlatform":"official","flowMeta":{"jober":{"name":"","type":"STORE_JOBER","entity":{"params":[{"name":"condition"},{"name":"query"}],"return":{"type":"string"},"uniqueName":"24474301-937a-4335-a155-1e86d1a48de0"},"fitables":[],"converter":{"type":"mapping_converter","entity":{"inputParams":[{"id":"condition_b63e38ea-b27e-4895-b2d8-de84384fae2e","from":"Reference","name":"condition","type":"String","value":["output","llmOutput"],"referenceId":"8e900cd6-d151-402b-b6b2-194790edf467","referenceKey":"llmOutput","referenceNode":"jade5wc1ee"},{"id":"query_88827f8c-a610-46b7-8b50-4531bb87763f","from":"Reference","name":"query","type":"String","value":["query"],"referenceId":"input_ae2ffd6e-2b9e-4e73-9d7f-0e661ec3dbdb","referenceKey":"query","referenceNode":"jade6qm5eg"}],"outputParams":[{"id":"output_fc952038-1a14-442b-bd78-8515e69449fa","name":"output","type":"String","value":[]}]}}},"triggerMode":"auto"},"hideText":true,"backColor":"white","container":"elsa-page:tvp1s6","dashWidth":0,"namespace":"flowable","autoHeight":true,"rotateAble":false,"borderColor":"rgba(28,31,35,.08)","borderWidth":1,"focusShadow":"0 0 1px rgba(0,0,0,.3),0 4px 14px rgba(0,0,0,.1)","runningTask":0,"triggerMode":"auto","warningTask":0,"cornerRadius":8,"completedTask":0,"componentName":"toolInvokeComponent","focusBackColor":"white","enableAnimation":false,"outlineWidth":10,"outlineColor":"rgba(74,147,255,0.12)","mouseInBorderColor":"rgba(28,31,35,.08)"},{"x":726.2896825396825,"y":317.7380952380952,"id":"jadelh4543","pad":6,"bold":false,"text":"条件","type":"conditionNodeCondition","dirty":true,"index":104,"width":600,"height":357,"italic":false,"shadow":"0 2px 4px 0 rgba(0,0,0,.1)","sourcePlatform":"official","flowMeta":{"triggerMode":"auto","conditionParams":{"branches":[{"id":"ad2e05b6-593a-4d86-81e0-1b1b504c2795","conditions":[{"id":"5d96df3a-5192-4de8-9743-63cf9f0259ec","value":[{"id":"3fc094bc-8496-4e7e-a940-97b092d7e67d","from":"Reference","name":"left","type":"Boolean","value":["output","matched"],"referenceId":"4b5ec0f1-33e5-4bb4-bf83-df410be25b14","referenceKey":"matched","referenceNode":"jade3axbnw"},{"id":"f770e6fe-a612-4fb8-8c40-d51bcef05baf","from":"Reference","name":"right","type":"","value":"","referenceId":"","referenceKey":"","referenceNode":""}],"condition":"is true"}],"conditionRelation":"and"}]}},"hideText":true,"backColor":"white","container":"elsa-page:tvp1s6","dashWidth":0,"namespace":"flowable","autoHeight":true,"rotateAble":false,"borderColor":"rgba(28,31,35,.08)","borderWidth":1,"focusShadow":"0 0 1px rgba(0,0,0,.3),0 4px 14px rgba(0,0,0,.1)","runningTask":0,"triggerMode":"auto","warningTask":0,"cornerRadius":8,"completedTask":0,"componentName":"conditionComponent","focusBackColor":"white","enableAnimation":false,"outlineWidth":10,"outlineColor":"rgba(74,147,255,0.12)","mouseInBorderColor":"rgba(28,31,35,.08)"},{"x":1405.0396825396824,"y":56.488095238095184,"id":"jade5wc1ee","pad":6,"bold":false,"text":"财经问题专属模型","type":"llmNodeState","dirty":true,"index":105,"width":360,"height":851,"italic":false,"shadow":"0 2px 4px 0 rgba(0,0,0,.1)","sourcePlatform":"official","flowMeta":{"jober":{"name":"","type":"general_jober","isAsync":"true","fitables":["com.huawei.fit.jober.aipp.fitable.LLMComponent"],"converter":{"type":"mapping_converter","entity":{"inputParams":[{"id":"c490ace3-472c-4c95-bf29-760982f62c64","from":"Input","name":"model","type":"String","value":"Qwen-72B"},{"id":"c1ea0b9c-97c9-466e-bd42-b0eb6046dc3a","from":"Input","name":"temperature","type":"Number","value":"0"},{"id":"89cda9b5-f975-42ba-a426-a83a6cbdddb3","from":"Expand","name":"prompt","type":"Object","value":[{"id":"12fe982a-0fbd-4461-a159-51e09de31dc0","from":"Input","name":"template","type":"String","value":"{{query}}"},{"id":"6e78da7c-3d62-4df8-98cf-310b06691a4e","from":"Expand","name":"variables","type":"Object","value":[{"id":"1ec181db-eed1-4089-a580-f656de258322","from":"Reference","name":"query","type":"String","value":["output","result"],"referenceId":"b290d85f-2c2e-426d-9789-1ffbdd492a2b","referenceKey":"result","referenceNode":"jade3axbnw"}]}]},{"id":"a5f228f5-167e-4fbc-8114-69bcd9c76a4c","from":"Expand","name":"tools","type":"Array","value":[]},{"id":"f548ab63-9add-4053-a3a6-cb7682c362af","from":"Expand","name":"workflows","type":"Array","value":[]},{"id":"4ff72b6e-18b8-430c-a509-d1bf8a53bbe5","from":"Input","name":"systemPrompt","type":"String","value":""}],"outputParams":[{"id":"8cc96b96-765d-4f13-ba10-d9dff76a2615","from":"Expand","name":"output","type":"Object","value":[{"id":"8e900cd6-d151-402b-b6b2-194790edf467","from":"Input","name":"llmOutput","type":"string","value":"","description":""}]}]}}},"triggerMode":"auto"},"hideText":true,"backColor":"white","container":"elsa-page:tvp1s6","dashWidth":0,"namespace":"flowable","autoHeight":true,"rotateAble":false,"borderColor":"rgba(28,31,35,.08)","borderWidth":1,"focusShadow":"0 0 1px rgba(0,0,0,.3),0 4px 14px rgba(0,0,0,.1)","runningTask":0,"triggerMode":"auto","warningTask":0,"cornerRadius":8,"completedTask":0,"componentName":"llmComponent","focusBackColor":"white","enableAnimation":false,"outlineWidth":10,"outlineColor":"rgba(74,147,255,0.12)","mouseInBorderColor":"rgba(28,31,35,.08)"},{"x":1410.0396825396824,"y":1000.2380952380952,"id":"jaded1ufou","pad":6,"bold":false,"text":"普通问答模型","type":"llmNodeState","dirty":true,"index":106,"width":360,"height":851,"italic":false,"shadow":"0 2px 4px 0 rgba(0,0,0,.1)","sourcePlatform":"official","flowMeta":{"jober":{"name":"","type":"general_jober","isAsync":"true","fitables":["com.huawei.fit.jober.aipp.fitable.LLMComponent"],"converter":{"type":"mapping_converter","entity":{"inputParams":[{"id":"f9586db3-72f9-4d33-9f01-893bbfa61277","from":"Input","name":"model","type":"String","value":"Qwen1.5-32B-Chat"},{"id":"e0b992c2-739a-43b1-9cbc-b6747eb7592f","from":"Input","name":"temperature","type":"Number","value":"0.3"},{"id":"95ba86be-5c03-4258-b5ce-32b0eae17b5c","from":"Expand","name":"prompt","type":"Object","value":[{"id":"123d6c59-c525-4100-a66b-72b1a2c4e625","from":"Input","name":"template","type":"String","value":"{{query}}"},{"id":"892b3e12-2895-4e79-b668-5d6a6bd79fe6","from":"Expand","name":"variables","type":"Object","value":[{"id":"c779f80b-c15f-416d-ad1b-6628cb24fe8c","from":"Reference","name":"query","type":"String","value":["query"],"referenceId":"input_ae2ffd6e-2b9e-4e73-9d7f-0e661ec3dbdb","referenceKey":"query","referenceNode":"jade6qm5eg"}]}]},{"id":"a4e83ae4-4f4b-4407-a2bc-a9570886329e","from":"Expand","name":"tools","type":"Array","value":[]},{"id":"08297d4d-4f38-44c0-b049-638a2008a884","from":"Expand","name":"workflows","type":"Array","value":[]},{"id":"f4fd8b0a-aeaf-47e2-8914-5501ba5bb4b1","from":"Input","name":"systemPrompt","type":"String","value":""}],"outputParams":[{"id":"9024f034-bacc-4ac0-812f-e270fa6997b9","from":"Expand","name":"output","type":"Object","value":[{"id":"6f0fdf98-24ee-4ef0-bd62-9d4f1b1cb6ac","from":"Input","name":"llmOutput","type":"string","value":"","description":""}]}]}}},"triggerMode":"auto"},"hideText":true,"backColor":"white","container":"elsa-page:tvp1s6","dashWidth":0,"namespace":"flowable","autoHeight":true,"rotateAble":false,"borderColor":"rgba(28,31,35,.08)","borderWidth":1,"focusShadow":"0 0 1px rgba(0,0,0,.3),0 4px 14px rgba(0,0,0,.1)","runningTask":0,"triggerMode":"auto","warningTask":0,"cornerRadius":8,"completedTask":0,"componentName":"llmComponent","focusBackColor":"white","enableAnimation":false,"outlineWidth":10,"outlineColor":"rgba(74,147,255,0.12)","mouseInBorderColor":"rgba(28,31,35,.08)"},{"x":1901.2896825396824,"y":1336.4880952380952,"id":"jadela7k5y","pad":6,"bold":false,"text":"普通问答结束","type":"endNodeEnd","dirty":true,"index":107,"width":360,"height":214,"italic":false,"shadow":"0 2px 4px 0 rgba(0,0,0,.1)","sourcePlatform":"official","flowMeta":{"callback":{"name":"通知回调","type":"general_callback","fitables":["com.huawei.fit.jober.aipp.fitable.AippFlowEndCallback"],"converter":{"type":"mapping_converter","entity":{"inputParams":[{"id":"e09784cb-3ae9-4581-aa63-1b83f09fd7ed","from":"Reference","name":"finalOutput","type":"String","value":["output","llmOutput"],"referenceId":"6f0fdf98-24ee-4ef0-bd62-9d4f1b1cb6ac","referenceKey":"llmOutput","referenceNode":"jaded1ufou"}],"outputParams":[{}]}}},"triggerMode":"auto"},"hideText":true,"backColor":"white","container":"elsa-page:tvp1s6","dashWidth":0,"namespace":"flowable","autoHeight":true,"rotateAble":false,"borderColor":"rgba(28,31,35,.08)","borderWidth":1,"focusShadow":"0 0 1px rgba(0,0,0,.3),0 4px 14px rgba(0,0,0,.1)","runningTask":0,"triggerMode":"auto","warningTask":0,"cornerRadius":8,"completedTask":0,"componentName":"endComponent","focusBackColor":"white","enableAnimation":false,"outlineWidth":10,"outlineColor":"rgba(74,147,255,0.12)","mouseInBorderColor":"rgba(28,31,35,.08)"},{"x":214.1071428571429,"y":494,"id":"4iyvh1","pad":0,"bold":false,"text":"","type":"jadeEvent","dirty":true,"index":-92,"textX":0,"textY":0,"width":77.18253968253964,"hAlign":"center","height":1.988095238095184,"italic":false,"margin":20,"toShape":"jade3axbnw","endArrow":true,"hideText":true,"lineMode":{"type":"auto_curve"},"allowLink":false,"backColor":"white","container":"elsa-page:tvp1s6","fromShape":"jade6qm5eg","lineWidth":2,"namespace":"flowable","beginArrow":false,"borderColor":"#B1B1B7","borderWidth":1,"curvePoint1":{"x":0,"y":0},"curvePoint2":{"x":0,"y":0},"brokenPoints":[],"endArrowSize":4,"arrowEndPoint":{"x":0,"y":0},"endArrowEmpty":false,"beginArrowSize":4,"arrowBeginPoint":{"x":0,"y":0},"beginArrowEmpty":false,"definedToConnector":"W","mouseInBorderColor":"#B1B1B7","allowSwitchLineMode":false,"definedFromConnector":"E"},{"x":651.2896825396825,"y":495.9880952380952,"id":"6rh9x7","pad":0,"bold":false,"text":"","type":"jadeEvent","dirty":true,"index":-91,"textX":0,"textY":0,"width":75,"hAlign":"center","height":0.25,"italic":false,"margin":20,"toShape":"jadelh4543","endArrow":true,"hideText":true,"lineMode":{"type":"auto_curve"},"allowLink":false,"backColor":"white","container":"elsa-page:tvp1s6","fromShape":"jade3axbnw","lineWidth":2,"namespace":"flowable","beginArrow":false,"borderColor":"#B1B1B7","borderWidth":1,"curvePoint1":{"x":0,"y":0},"curvePoint2":{"x":0,"y":0},"brokenPoints":[],"endArrowSize":4,"arrowEndPoint":{"x":0,"y":0},"endArrowEmpty":false,"beginArrowSize":4,"arrowBeginPoint":{"x":0,"y":0},"beginArrowEmpty":false,"definedToConnector":"W","mouseInBorderColor":"#B1B1B7","allowSwitchLineMode":false,"definedFromConnector":"E"},{"x":1313.2897283160496,"y":512.7380952380952,"id":"vosd6p","pad":0,"bold":false,"text":"","type":"jadeEvent","dirty":true,"index":-90,"textX":0,"textY":0,"width":91.74995422363281,"hAlign":"center","height":-30.75,"italic":false,"margin":20,"toShape":"jade5wc1ee","endArrow":true,"hideText":true,"lineMode":{"type":"auto_curve"},"allowLink":false,"backColor":"white","container":"elsa-page:tvp1s6","fromShape":"jadelh4543","lineWidth":2,"namespace":"flowable","beginArrow":false,"borderColor":"#B1B1B7","borderWidth":1,"curvePoint1":{"x":0,"y":0},"curvePoint2":{"x":0,"y":0},"brokenPoints":[],"endArrowSize":4,"arrowEndPoint":{"x":0,"y":0},"endArrowEmpty":false,"beginArrowSize":4,"arrowBeginPoint":{"x":0,"y":0},"beginArrowEmpty":false,"definedToConnector":"W","mouseInBorderColor":"#B1B1B7","allowSwitchLineMode":false,"definedFromConnector":"dynamic-0"},{"x":1765.0396825396824,"y":481.9880952380952,"id":"4qny17","pad":0,"bold":false,"text":"","type":"jadeEvent","dirty":true,"index":-89,"textX":0,"textY":0,"width":103.75,"hAlign":"center","height":14,"italic":false,"margin":20,"toShape":"jadecoarmv","endArrow":true,"hideText":true,"lineMode":{"type":"auto_curve"},"allowLink":false,"backColor":"white","container":"elsa-page:tvp1s6","fromShape":"jade5wc1ee","lineWidth":2,"namespace":"flowable","beginArrow":false,"borderColor":"#B1B1B7","borderWidth":1,"curvePoint1":{"x":0,"y":0},"curvePoint2":{"x":0,"y":0},"brokenPoints":[],"endArrowSize":4,"arrowEndPoint":{"x":0,"y":0},"endArrowEmpty":false,"beginArrowSize":4,"arrowBeginPoint":{"x":0,"y":0},"beginArrowEmpty":false,"definedToConnector":"W","mouseInBorderColor":"#B1B1B7","allowSwitchLineMode":false,"definedFromConnector":"E"},{"x":2228.7896825396824,"y":495.9880952380952,"id":"0vxnrc","pad":0,"bold":false,"text":"","type":"jadeEvent","dirty":true,"index":-88,"textX":0,"textY":0,"width":105.67460317460245,"hAlign":"center","height":-10.05952380952391,"italic":false,"margin":20,"toShape":"jadesoux5i","endArrow":true,"hideText":true,"lineMode":{"type":"auto_curve"},"allowLink":false,"backColor":"white","container":"elsa-page:tvp1s6","fromShape":"jadecoarmv","lineWidth":2,"namespace":"flowable","beginArrow":false,"borderColor":"#B1B1B7","borderWidth":1,"curvePoint1":{"x":0,"y":0},"curvePoint2":{"x":0,"y":0},"brokenPoints":[],"endArrowSize":4,"arrowEndPoint":{"x":0,"y":0},"endArrowEmpty":false,"beginArrowSize":4,"arrowBeginPoint":{"x":0,"y":0},"beginArrowEmpty":false,"definedToConnector":"W","mouseInBorderColor":"#B1B1B7","allowSwitchLineMode":false,"definedFromConnector":"E"},{"x":1313.2897283160496,"y":632.1599778674897,"id":"v3a2mn","pad":0,"bold":false,"text":"","type":"jadeEvent","dirty":true,"index":-87,"textX":0,"textY":0,"width":96.74995422363281,"hAlign":"center","height":793.5781173706055,"italic":false,"margin":20,"toShape":"jaded1ufou","endArrow":true,"hideText":true,"lineMode":{"type":"auto_curve"},"allowLink":false,"backColor":"white","container":"elsa-page:tvp1s6","fromShape":"jadelh4543","lineWidth":2,"namespace":"flowable","beginArrow":false,"borderColor":"#B1B1B7","borderWidth":1,"curvePoint1":{"x":0,"y":0},"curvePoint2":{"x":0,"y":0},"brokenPoints":[],"endArrowSize":4,"arrowEndPoint":{"x":0,"y":0},"endArrowEmpty":false,"beginArrowSize":4,"arrowBeginPoint":{"x":0,"y":0},"beginArrowEmpty":false,"definedToConnector":"W","mouseInBorderColor":"#B1B1B7","allowSwitchLineMode":false,"definedFromConnector":"dynamic-2"},{"x":1770.0396825396824,"y":1425.7380952380952,"id":"fv8h4v","pad":0,"bold":false,"text":"","type":"jadeEvent","dirty":true,"index":-86,"textX":0,"textY":0,"width":131.25,"hAlign":"center","height":17.75,"italic":false,"margin":20,"toShape":"jadela7k5y","endArrow":true,"hideText":true,"lineMode":{"type":"auto_curve"},"allowLink":false,"backColor":"white","container":"elsa-page:tvp1s6","fromShape":"jaded1ufou","lineWidth":2,"namespace":"flowable","beginArrow":false,"borderColor":"#B1B1B7","borderWidth":1,"curvePoint1":{"x":0,"y":0},"curvePoint2":{"x":0,"y":0},"brokenPoints":[],"endArrowSize":4,"arrowEndPoint":{"x":0,"y":0},"endArrowEmpty":false,"beginArrowSize":4,"arrowBeginPoint":{"x":0,"y":0},"beginArrowEmpty":false,"definedToConnector":"W","mouseInBorderColor":"#B1B1B7","allowSwitchLineMode":false,"definedFromConnector":"E"}],"vAlign":"top","itemPad":[0,0,0,0],"division":-1,"dockMode":"none","fontFace":"arial","fontSize":18,"hideText":true,"moveable":true,"shapesAs":{},"backColor":"#fbfbfc","container":"elsa-page:tvp1s6","dockAlign":"top","fontColor":"#ECD0A7","fontStyle":"normal","itemSpace":5,"namespace":"jadeFlow","fontWeight":"bold","itemScroll":{"x":0,"y":0},"borderColor":"white","focusBackColor":"#fbfbfc"}],"title":"beefffd1168b4785a71f149a2a530d2f","source":"elsa","tenant":"default","setting":{"pad":10,"tag":{},"code":"","pDock":"none","hAlign":"center","margin":25,"shadow":"","shared":false,"vAlign":"top","itemPad":[5,5,5,5],"visible":true,"autoText":false,"dockMode":"none","dragable":true,"editable":true,"fontFace":"arial","fontSize":12,"infoType":{"name":"none","next":"INFORMATION"},"moveable":true,"priority":0,"allowLink":true,"autoWidth":false,"backAlpha":0.15,"backColor":"whitesmoke","dashWidth":0,"deletable":true,"fontColor":"steelblue","fontStyle":"normal","headColor":"steelblue","lineWidth":2,"underline":false,"autoHeight":false,"emphasized":false,"fontWeight":"lighter","itemScroll":{"x":0,"y":0},"lineHeight":1.5,"resizeable":true,"rotateAble":true,"scrollLock":{"x":false,"y":false},"selectable":true,"shadowData":"2px 2px 4px","borderColor":"#047bfc","borderWidth":1,"bulletSpeed":1,"focusMargin":0,"focusShadow":"","globalAlpha":1,"outstanding":false,"bulletedList":false,"cornerRadius":4,"enableSocial":true,"mouseInColor":"orange","numberedList":false,"rotateDegree":0,"captionhAlign":"center","strikethrough":false,"focusBackColor":"whitesmoke","focusFontColor":"darkorange","progressStatus":{"name":"NONE","next":"UNKNOWN","color":"gray"},"showedProgress":false,"captionfontFace":"arial black","captionfontSize":14,"enableAnimation":false,"progressPercent":0.65,"captionfontColor":"whitesmoke","captionfontStyle":"normal","focusBorderColor":"#047bfc","focusBorderWidth":1,"outlineWidth":10,"outlineColor":"rgba(74,147,255,0.12)","mouseInBackColor":"whitesmoke","mouseInFontColor":"orange","captionfontWeight":"lighter","captionlineHeight":1,"mouseInBorderColor":"#047bfc"},"flowMeta":{"enableOutputScope":true,"exceptionFitables":["com.huawei.fit.jober.aipp.fitable.AippFlowExceptionHandler","com.huawei.fit.jober.fitable.FlowInfoException"],"callback":{"fitables":["com.huawei.fit.jober.fitable.FlowInfoCallback"],"name":"通知回调","type":"general_callback"}},"enableText":false}') ON CONFLICT (id) DO NOTHING;
INSERT INTO "public"."app_builder_flow_graph" ("id", "name", "create_by", "create_at", "update_by", "update_at", "appearance") VALUES ('b2ecde0b919841f5867d2e89bb46095c', 'LLM模板', 'com.huawei.jade', '2024-05-24 18:29:52.043', 'com.huawei.jade', '2024-05-24 18:40:48.545', '{"id":"b2ecde0b919841f5867d2e89bb46095c","type":"jadeFlowGraph","pages":[{"x":297.46031746031747,"y":121.01190476190482,"id":"elsa-page:tvp1s6","bold":false,"mode":"configuration","text":"newFlowPage","type":"jadeFlowPage","dirty":false,"index":0,"width":1600,"hAlign":"left","height":800,"isPage":true,"italic":false,"scaleX":0.8,"scaleY":0.8,"shapes":[{"x":189.1071428571429,"y":296.5,"id":"jade2zanyx","pad":0,"bold":false,"text":"","type":"jadeEvent","dirty":true,"index":-100,"textX":0,"textY":0,"width":86.642857142857,"hAlign":"center","height":96.85714285714278,"italic":false,"margin":20,"toShape":"jade0pg2ag","endArrow":true,"hideText":true,"lineMode":{"type":"auto_curve"},"allowLink":false,"backColor":"white","container":"elsa-page:tvp1s6","fromShape":"jade6qm5eg","lineWidth":2,"namespace":"flowable","beginArrow":false,"borderColor":"#B1B1B7","borderWidth":1,"curvePoint1":{"x":0,"y":0},"curvePoint2":{"x":0,"y":0},"brokenPoints":[{"x":50,"y":0},{"x":50,"y":80}],"endArrowSize":4,"arrowEndPoint":{"x":96,"y":80,"direction":{"ax":"x","key":"W","color":"whitesmoke","value":"W","cursor":"ew-resize","vector":-1}},"endArrowEmpty":false,"beginArrowSize":4,"arrowBeginPoint":{"x":0,"y":0,"direction":{"ax":"x","key":"E","color":"whitesmoke","value":"E","cursor":"ew-resize","vector":1}},"beginArrowEmpty":false,"definedToConnector":"W","mouseInBorderColor":"#B1B1B7","allowSwitchLineMode":false,"definedFromConnector":"E"},{"x":635.7499999999999,"y":393.3571428571428,"id":"jade5c5urs","pad":0,"bold":false,"text":"","type":"jadeEvent","dirty":true,"index":-99,"textX":0,"textY":0,"width":83.39285714285722,"hAlign":"center","height":-0.5714285714285552,"italic":false,"margin":20,"toShape":"jadewdnjbq","endArrow":true,"hideText":true,"lineMode":{"type":"auto_curve"},"allowLink":false,"backColor":"white","container":"elsa-page:tvp1s6","fromShape":"jade0pg2ag","lineWidth":2,"namespace":"flowable","beginArrow":false,"borderColor":"#B1B1B7","borderWidth":1,"curvePoint1":{"x":0,"y":0},"curvePoint2":{"x":0,"y":0},"brokenPoints":[{"x":50,"y":0},{"x":50,"y":80}],"endArrowSize":4,"arrowEndPoint":{"x":96,"y":80,"direction":{"ax":"x","key":"W","color":"whitesmoke","value":"W","cursor":"ew-resize","vector":-1}},"endArrowEmpty":false,"beginArrowSize":4,"arrowBeginPoint":{"x":0,"y":0,"direction":{"ax":"x","key":"E","color":"whitesmoke","value":"E","cursor":"ew-resize","vector":1}},"beginArrowEmpty":false,"definedToConnector":"W","mouseInBorderColor":"#B1B1B7","allowSwitchLineMode":false,"definedFromConnector":"E"},{"x":1079.142857142857,"y":392.7857142857142,"id":"jade1p0cdu","pad":0,"bold":false,"text":"","type":"jadeEvent","dirty":true,"index":-98,"textX":0,"textY":0,"width":90.32142857142776,"hAlign":"center","height":20.642857142857054,"italic":false,"margin":20,"toShape":"jadesoux5i","endArrow":true,"hideText":true,"lineMode":{"type":"auto_curve"},"allowLink":false,"backColor":"white","container":"elsa-page:tvp1s6","fromShape":"jadewdnjbq","lineWidth":2,"namespace":"flowable","beginArrow":false,"borderColor":"#B1B1B7","borderWidth":1,"curvePoint1":{"x":0,"y":0},"curvePoint2":{"x":0,"y":0},"brokenPoints":[{"x":50,"y":0},{"x":50,"y":80}],"endArrowSize":4,"arrowEndPoint":{"x":96,"y":80,"direction":{"ax":"x","key":"W","color":"whitesmoke","value":"W","cursor":"ew-resize","vector":-1}},"endArrowEmpty":false,"beginArrowSize":4,"arrowBeginPoint":{"x":0,"y":0,"direction":{"ax":"x","key":"E","color":"whitesmoke","value":"E","cursor":"ew-resize","vector":1}},"beginArrowEmpty":false,"definedToConnector":"W","mouseInBorderColor":"#B1B1B7","allowSwitchLineMode":false,"definedFromConnector":"E"},{"x":-170.8928571428571,"y":32.5,"id":"jade6qm5eg","pad":6,"bold":false,"text":"开始","type":"startNodeStart","dirty":true,"index":103,"width":360,"height":528,"italic":false,"shadow":"0 2px 4px 0 rgba(0,0,0,.1)","sourcePlatform":"official","flowMeta":{"inputParams":[{"id":"91138f09-b635-43df-95c6-1fe3d1745829","from":"Expand","name":"input","type":"Object","value":[{"id":"input_ae2ffd6e-2b9e-4e73-9d7f-0e661ec3dbdb","from":"Input","name":"Question","type":"String","value":"","description":"这是用户输入的问题","disableModifiable":true}]},{"id":"4a770dc6-e3c9-475d-84c7-48dacc74a5b6","from":"Expand","name":"memory","type":"Object","value":[{"id":"cee9a31b-781c-4835-a616-ceed73be22f2","from":"Input","name":"type","type":"String","value":"NotUseMemory"},{"id":"69592622-4291-409d-9d65-9faea83db657","from":"Input","name":"value","type":""}]}],"triggerMode":"auto"},"hideText":true,"backColor":"white","container":"elsa-page:tvp1s6","dashWidth":0,"deletable":false,"namespace":"flowable","autoHeight":true,"rotateAble":false,"borderColor":"rgba(28,31,35,.08)","borderWidth":1,"focusShadow":"0 0 1px rgba(0,0,0,.3),0 4px 14px rgba(0,0,0,.1)","runningTask":0,"triggerMode":"auto","warningTask":0,"cornerRadius":8,"completedTask":0,"componentName":"startComponent","focusBackColor":"white","enableAnimation":false,"outlineWidth":10,"outlineColor":"rgba(74,147,255,0.12)","mouseInBorderColor":"rgba(28,31,35,.08)"},{"x":275.7499999999999,"y":192.3571428571428,"id":"jade0pg2ag","pad":6,"bold":false,"text":"普通检索","type":"retrievalNodeState","dirty":true,"index":104,"width":360,"height":402,"italic":false,"shadow":"0 2px 4px 0 rgba(0,0,0,.1)","sourcePlatform":"official","flowMeta":{"jober":{"name":"","type":"general_jober","fitables":["com.huawei.fit.jober.aipp.fitable.NaiveRAGComponent"],"converter":{"type":"mapping_converter","entity":{"inputParams":[{"id":"query_0ab55575-f21d-4b19-9676-57fcb4b0b783","from":"Reference","name":"query","type":"String","value":["Question"],"referenceId":"input_ae2ffd6e-2b9e-4e73-9d7f-0e661ec3dbdb","referenceKey":"Question","referenceNode":"jade6qm5eg"},{"id":"knowledge_01c41edd-a22b-4289-b1cf-8db835833261","from":"Expand","name":"knowledge","type":"Array","value":[]},{"id":"maximum_2da115cd-c1ce-485f-ba98-b4c995f3d6ff","from":"Input","name":"maximum","type":"Integer","value":3}],"outputParams":[{"id":"output_cd5cbe89-0d9f-4cf1-9e09-afb325576b84","from":"Expand","name":"output","type":"Object","value":[{"id":"5c9c6535-c127-445a-862a-966cf1083929","from":"Input","name":"retrievalOutput","type":"String","value":"String"}]}]}}},"triggerMode":"auto"},"hideText":true,"backColor":"white","container":"elsa-page:tvp1s6","dashWidth":0,"namespace":"flowable","autoHeight":true,"rotateAble":false,"borderColor":"rgba(28,31,35,.08)","borderWidth":1,"focusShadow":"0 0 1px rgba(0,0,0,.3),0 4px 14px rgba(0,0,0,.1)","runningTask":0,"triggerMode":"auto","warningTask":0,"cornerRadius":8,"completedTask":0,"componentName":"retrievalComponent","focusBackColor":"white","enableAnimation":false,"outlineWidth":10,"outlineColor":"rgba(74,147,255,0.12)","mouseInBorderColor":"rgba(28,31,35,.08)"},{"x":719.1428571428571,"y":-53.21428571428578,"id":"jadewdnjbq","pad":6,"bold":false,"text":"大模型","type":"llmNodeState","dirty":true,"index":105,"width":360,"height":892,"italic":false,"shadow":"0 2px 4px 0 rgba(0,0,0,.1)","sourcePlatform":"official","flowMeta":{"jober":{"name":"","type":"general_jober","isAsync":"true","fitables":["com.huawei.fit.jober.aipp.fitable.LLMComponent"],"converter":{"type":"mapping_converter","entity":{"inputParams":[{"id":"6c414e75-971e-403a-b2b1-c6850f128cc4","from":"Input","name":"model","type":"String","value":"Qwen1.5-32B-Chat"},{"id":"db5fdafa-4cbf-44ba-9cca-8a98f1f771f4","from":"Input","name":"temperature","type":"Number","value":0.0},{"id":"88f74d78-4711-4f81-a2e7-74d0034c5e88","from":"Expand","name":"prompt","type":"Object","value":[{"id":"35a710cf-1b79-4523-b16f-b50878d677fe","from":"Input","name":"template","type":"String","value":"请按照以下步骤生成您的回复：\n1. 递归地将问题分解为更小的问题。\n2. 对于每个原子问题，从上下文和对话历史记录中选择最相关的信息。\n3. 使用所选信息生成回复草稿。\n4. 删除回复草稿中的重复内容。\n5. 在调整后生成最终答案，以提高准确性和相关性。\n6. 请注意，只需要回复最终答案。\n-------------------------------------\n上下文信息：\n\n{{knowledge}}\n\n问题：{{query}}"},{"id":"38fb27a1-71f4-4fcc-87d5-9d8a880bc04d","from":"Expand","name":"variables","type":"Object","value":[{"id":"aeba7823-8d14-4750-9723-55265ae71c4e","from":"Reference","name":"knowledge","type":"String","value":["output","retrievalOutput"],"referenceId":"5c9c6535-c127-445a-862a-966cf1083929","referenceKey":"retrievalOutput","referenceNode":"jade0pg2ag"},{"id":"eee66922-4304-4209-89fc-b13ffa101630","from":"Reference","name":"query","type":"String","value":["Question"],"referenceId":"input_ae2ffd6e-2b9e-4e73-9d7f-0e661ec3dbdb","referenceKey":"Question","referenceNode":"jade6qm5eg"}]}]},{"id":"a6865419-867c-4bfb-855c-f5c1876c965a","from":"Expand","name":"tools","type":"Array","value":[]},{"id":"308e2023-a8e9-486e-9784-8680addbb786","from":"Expand","name":"workflows","type":"Array","value":[{"id":"ae0bd892-91fc-45ef-83ca-819294384386","from":"input","type":"String","value":"d613c69e-ad85-4edb-a126-8ccd6341cd64"}]},{"id":"68f92923-d5da-42ce-8478-d7ac7d90664e","from":"Input","name":"systemPrompt","type":"String","value":""}],"outputParams":[{"id":"95d84d67-3198-415e-a63c-bc9a2da8d821","from":"Expand","name":"output","type":"Object","value":[{"id":"272c927a-9e25-48b6-a921-6a8ab20267a4","from":"Input","name":"llmOutput","type":"string","value":"","description":""}]}]}}},"triggerMode":"auto"},"hideText":true,"backColor":"white","container":"elsa-page:tvp1s6","dashWidth":0,"namespace":"flowable","autoHeight":true,"rotateAble":false,"borderColor":"rgba(28,31,35,.08)","borderWidth":1,"focusShadow":"0 0 1px rgba(0,0,0,.3),0 4px 14px rgba(0,0,0,.1)","runningTask":0,"triggerMode":"auto","warningTask":0,"cornerRadius":8,"completedTask":0,"componentName":"llmComponent","focusBackColor":"white","enableAnimation":false,"outlineWidth":10,"outlineColor":"rgba(74,147,255,0.12)","mouseInBorderColor":"rgba(28,31,35,.08)"},{"x":1169.4642857142849,"y":306.4285714285713,"id":"jadesoux5i","pad":6,"bold":false,"text":"结束","type":"endNodeEnd","dirty":false,"index":106,"width":360,"height":214,"italic":false,"shadow":"0 2px 4px 0 rgba(0,0,0,.1)","sourcePlatform":"official","flowMeta":{"callback":{"name":"通知回调","type":"general_callback","fitables":["com.huawei.fit.jober.aipp.fitable.AippFlowEndCallback"],"converter":{"type":"mapping_converter","entity":{"inputParams":[{"id":"ffad80c2-3f60-4d57-93b2-c2362a5dab9c","from":"Reference","name":"finalOutput","type":"String","value":["output","llmOutput"],"referenceId":"272c927a-9e25-48b6-a921-6a8ab20267a4","referenceKey":"llmOutput","referenceNode":"jadewdnjbq"}],"outputParams":[{}]}}},"triggerMode":"auto"},"hideText":true,"backColor":"white","container":"elsa-page:tvp1s6","dashWidth":0,"deletable":false,"namespace":"flowable","autoHeight":true,"rotateAble":false,"borderColor":"rgba(28,31,35,.08)","borderWidth":1,"focusShadow":"0 0 1px rgba(0,0,0,.3),0 4px 14px rgba(0,0,0,.1)","runningTask":0,"triggerMode":"auto","warningTask":0,"cornerRadius":8,"completedTask":0,"componentName":"endComponent","focusBackColor":"white","enableAnimation":false,"outlineWidth":10,"outlineColor":"rgba(74,147,255,0.12)","mouseInBorderColor":"rgba(28,31,35,.08)"}],"vAlign":"top","itemPad":[0,0,0,0],"division":-1,"dockMode":"none","fontFace":"arial","fontSize":18,"hideText":true,"moveable":true,"shapesAs":{},"backColor":"#fbfbfc","container":"elsa-page:tvp1s6","dockAlign":"top","fontColor":"#ECD0A7","fontStyle":"normal","itemSpace":5,"namespace":"jadeFlow","fontWeight":"bold","itemScroll":{"x":0,"y":0},"borderColor":"white","focusBackColor":"#fbfbfc"}],"title":"b2ecde0b919841f5867d2e89bb46095c","source":"elsa","tenant":"default","setting":{"pad":10,"tag":{},"code":"","pDock":"none","hAlign":"center","margin":25,"shadow":"","shared":false,"vAlign":"top","itemPad":[5,5,5,5],"visible":true,"autoText":false,"dockMode":"none","dragable":true,"editable":true,"fontFace":"arial","fontSize":12,"infoType":{"name":"none","next":"INFORMATION"},"moveable":true,"priority":0,"allowLink":true,"autoWidth":false,"backAlpha":0.15,"backColor":"whitesmoke","dashWidth":0,"deletable":true,"fontColor":"steelblue","fontStyle":"normal","headColor":"steelblue","lineWidth":2,"underline":false,"autoHeight":false,"emphasized":false,"fontWeight":"lighter","itemScroll":{"x":0,"y":0},"lineHeight":1.5,"resizeable":true,"rotateAble":true,"scrollLock":{"x":false,"y":false},"selectable":true,"shadowData":"2px 2px 4px","borderColor":"#047bfc","borderWidth":1,"bulletSpeed":1,"focusMargin":0,"focusShadow":"","globalAlpha":1,"outstanding":false,"bulletedList":false,"cornerRadius":4,"enableSocial":true,"mouseInColor":"orange","numberedList":false,"rotateDegree":0,"captionhAlign":"center","strikethrough":false,"focusBackColor":"whitesmoke","focusFontColor":"darkorange","progressStatus":{"name":"NONE","next":"UNKNOWN","color":"gray"},"showedProgress":false,"captionfontFace":"arial black","captionfontSize":14,"enableAnimation":false,"progressPercent":0.65,"captionfontColor":"whitesmoke","captionfontStyle":"normal","focusBorderColor":"#047bfc","focusBorderWidth":1,"outlineWidth":10,"outlineColor":"rgba(74,147,255,0.12)","mouseInBackColor":"whitesmoke","mouseInFontColor":"orange","captionfontWeight":"lighter","captionlineHeight":1,"mouseInBorderColor":"#047bfc"},"flowMeta":{"enableOutputScope":true,"exceptionFitables":["com.huawei.fit.jober.aipp.fitable.AippFlowExceptionHandler","com.huawei.fit.jober.fitable.FlowInfoException"],"callback":{"fitables":["com.huawei.fit.jober.fitable.FlowInfoCallback"],"name":"通知回调","type":"general_callback"}},"enableText":false}') ON CONFLICT (id) DO NOTHING;
INSERT INTO "public"."app_builder_flow_graph" ("id", "name", "create_by", "create_at", "update_by", "update_at", "appearance") VALUES ('3bb39bed81f44549b84d20cc6e3b530b', 'tool模板', 'com.huawei.jade', '2024-05-24 18:49:42.516', 'com.huawei.jade', '2024-05-24 19:15:53.08', '{"id":"3bb39bed81f44549b84d20cc6e3b530b","type":"jadeFlowGraph","pages":[{"x":297.46031746031747,"y":121.01190476190482,"id":"elsa-page:tvp1s6","bold":false,"mode":"configuration","text":"newFlowPage","type":"jadeFlowPage","dirty":false,"index":0,"width":1600,"hAlign":"left","height":800,"isPage":true,"italic":false,"scaleX":0.8,"scaleY":0.8,"shapes":[{"x":-10.89285714285711,"y":90,"id":"jade6qm5eg","pad":6,"bold":false,"text":"开始","type":"startNodeStart","dirty":true,"index":101,"width":360,"height":528,"italic":false,"shadow":"0 2px 4px 0 rgba(0,0,0,.1)","sourcePlatform":"official","flowMeta":{"inputParams":[{"id":"91138f09-b635-43df-95c6-1fe3d1745829","from":"Expand","name":"input","type":"Object","value":[{"id":"input_ae2ffd6e-2b9e-4e73-9d7f-0e661ec3dbdb","from":"Input","name":"query","type":"String","value":"","description":"这是用户输入的问题"}],"config":[{"allowAdd":true}]},{"id":"4a770dc6-e3c9-475d-84c7-48dacc74a5b6","from":"Expand","name":"memory","type":"Object","value":[{"id":"cee9a31b-781c-4835-a616-ceed73be22f2","from":"Input","name":"type","type":"String","value":"NotUseMemory"},{"id":"69592622-4291-409d-9d65-9faea83db657","from":"Input","name":"value","type":""}]}],"triggerMode":"auto"},"hideText":true,"backColor":"white","container":"elsa-page:tvp1s6","dashWidth":0,"deletable":false,"namespace":"flowable","autoHeight":true,"rotateAble":false,"borderColor":"rgba(28,31,35,.08)","borderWidth":1,"focusShadow":"0 0 1px rgba(0,0,0,.3),0 4px 14px rgba(0,0,0,.1)","runningTask":0,"triggerMode":"auto","warningTask":0,"cornerRadius":8,"completedTask":0,"componentName":"startComponent","focusBackColor":"white","enableAnimation":false,"outlineWidth":10,"outlineColor":"rgba(74,147,255,0.12)","mouseInBorderColor":"rgba(28,31,35,.08)"},{"x":1466.9642857142849,"y":247.67857142857127,"id":"jadesoux5i","pad":6,"bold":false,"text":"结束","type":"endNodeEnd","dirty":true,"index":102,"width":360,"height":214,"italic":false,"shadow":"0 2px 4px 0 rgba(0,0,0,.1)","sourcePlatform":"official","flowMeta":{"callback":{"name":"通知回调","type":"general_callback","fitables":["com.huawei.fit.jober.aipp.fitable.AippFlowEndCallback"],"converter":{"type":"mapping_converter","entity":{"inputParams":[{"id":"ffad80c2-3f60-4d57-93b2-c2362a5dab9c","from":"Reference","name":"finalOutput","type":"String","value":["output"],"referenceId":"output_48507a00-8836-43bc-b6eb-46ef08d447e7","referenceKey":"output","referenceNode":"jadeka3h5h"}],"outputParams":[{}]}}},"triggerMode":"auto"},"hideText":true,"backColor":"white","container":"elsa-page:tvp1s6","dashWidth":0,"deletable":false,"namespace":"flowable","autoHeight":true,"rotateAble":false,"borderColor":"rgba(28,31,35,.08)","borderWidth":1,"focusShadow":"0 0 1px rgba(0,0,0,.3),0 4px 14px rgba(0,0,0,.1)","runningTask":0,"triggerMode":"auto","warningTask":0,"cornerRadius":8,"completedTask":0,"componentName":"endComponent","focusBackColor":"white","enableAnimation":false,"outlineWidth":10,"outlineColor":"rgba(74,147,255,0.12)","mouseInBorderColor":"rgba(28,31,35,.08)"},{"x":486.28968253968253,"y":-66.01190476190482,"id":"jadeknt9h5","pad":6,"bold":false,"text":"大模型","type":"llmNodeState","dirty":true,"index":102,"width":360,"height":851,"italic":false,"shadow":"0 2px 4px 0 rgba(0,0,0,.1)","sourcePlatform":"official","flowMeta":{"jober":{"name":"","type":"general_jober","isAsync":"true","fitables":["com.huawei.fit.jober.aipp.fitable.LLMComponent"],"converter":{"type":"mapping_converter","entity":{"inputParams":[{"id":"a3800516-3671-4720-a11c-0ed0e3c28f30","from":"Input","name":"model","type":"String","value":"Qwen1.5-32B-Chat"},{"id":"d0ab103a-7d39-4fa9-8503-166f3f8b798a","from":"Input","name":"temperature","type":"Number","value":"0.9"},{"id":"ed08bc34-f6af-4ca4-b92f-74d582d06fdf","from":"Expand","name":"prompt","type":"Object","value":[{"id":"8c4e7ca8-0940-4441-bd05-bb3957641c9b","from":"Input","name":"template","type":"String","value":"{{query}}"},{"id":"427a5184-a179-4d16-91ca-9ec9a460ed73","from":"Expand","name":"variables","type":"Object","value":[{"id":"f244780e-0c2a-4e63-95ec-63c2c27073c9","from":"Reference","name":"query","type":"String","value":["query"],"referenceId":"input_ae2ffd6e-2b9e-4e73-9d7f-0e661ec3dbdb","referenceKey":"query","referenceNode":"jade6qm5eg"}]}]},{"id":"74221011-c679-4c10-8df7-8c3f850720d9","from":"Expand","name":"tools","type":"Array","value":[]},{"id":"04f7b230-a00e-442c-b1ee-5f07ef3054cf","from":"Expand","name":"workflows","type":"Array","value":[]},{"id":"098b6f9b-cba8-482c-898c-dd6b49054c51","from":"Input","name":"systemPrompt","type":"String","value":"- Role: 应用配置专家\n- Background: 用户需要为他们的应用程序创建一个吸引人的名称、描述和开场白，并希望应用能够通过提示词来引导用户进行交互。\n- Profile: 您是一位经验丰富的应用配置专家，擅长为各种类型的应用程序提供创意和专业的命名、描述和交互方案。\n- Skills: 应用命名、创意写作、用户交互设计、市场营销。\n- Goals: 设计一个能够体现应用核心价值和功能的名称，创建一个简洁明了的描述，以及一个友好的开场白，同时制定应用自身的提示词，以增强用户体验。\n- Constrains: 名称应简洁易记，描述应准确反映应用功能，开场白应友好且具有吸引力，提示词应引导用户进行有效互动。\n- OutputFormat: 以json格式返回名称（name）、描述（description）、开场白（greeting）和应用系统提示词模板（systemPrompt）。\n- Workflow:\n  1. 确定应用的核心功能和目标用户群体。\n  2. 创造性地生成应用名称，并确保名称独特且易于记忆。\n  3. 编写简洁明了的应用描述，突出其主要功能和优势。\n  4. 设计一个友好且具有吸引力的应用开场白。\n  5. 制定系统提示词模板，以引导应用如何有效响应应用问题。\n\n- Examples:\n  应用名称：智慧生活助手\n  描述：智慧生活助手是一款集成智能家居控制、日程管理、健康监测等功能的全能型应用，旨在为用户提供便捷、智能的生活方式。\n  开场白：欢迎来到智慧生活助手，您的智能生活从此开始！\n  应用系统提示词模板：\n   “ -角色：你是一个智能生活助手  \\n -背景：作为一款集成多种智能功能的应用程序，你需要熟悉各种智能家居设备、日程安排、健康数据等相关知识。 \\n -技能：智能家居控制(照明、温控、安防等)、日程管理(提醒、安排等)、健康监测(睡眠、运动、饮食等)、信息查询、语音交互等。 \\n -信息：你可以访问用户的智能家居设备、日历、健康数据等相关信息,并根据需要进行操作和响应。\\n -目标：为用户提供便捷、智能、个性化的生活体验,通过整合多种功能,满足用户在家居、工作、健康等多方面的需求。“\n\n\n-限制：你是一个JSON API,当收到请求时,必须直接返回JSON格式的数据,不需要任何其他文字说明或```json代码块。如：\n{\n  \"name\": \"行迹未来旅行规划大师\",\n  \"description\": \"行迹未来，您的智慧旅行伙伴，专注于为您打造独一无二的旅行体验。从梦幻目的地选择到详尽行程安排，一切尽在掌握。\",\n  \"greeting\": \"欢迎探索未知的旅程！我是您的旅行规划大师，让我们一起规划您的梦想之旅，每一步都充满惊喜。\",\n  \"systemPrompt\": \"-角色：智慧旅行规划与咨询 \\n -背景：基于先进的旅行算法，结合用户个人喜好，提供定制化服务\\n -技能：目的地推荐、行程优化、票务预订、文化背景介绍\\n -信息：分析用户的旅行日期、兴趣、预算，创造个性化体验\\n -目标：确保旅行轻松愉快，从规划到回忆，每一步都贴心相伴。\"\n}"}],"outputParams":[{"id":"2499b972-8615-4be9-b818-7dba8101b424","from":"Expand","name":"output","type":"Object","value":[{"id":"48de507a-83ce-47c1-848f-ed1519527830","from":"Input","name":"llmOutput","type":"string","value":"","description":""}]}]}}},"triggerMode":"auto"},"hideText":true,"backColor":"white","container":"elsa-page:tvp1s6","dashWidth":0,"namespace":"flowable","autoHeight":true,"rotateAble":false,"borderColor":"rgba(28,31,35,.08)","borderWidth":1,"focusShadow":"0 0 1px rgba(0,0,0,.3),0 4px 14px rgba(0,0,0,.1)","runningTask":0,"triggerMode":"auto","warningTask":0,"cornerRadius":8,"completedTask":0,"componentName":"llmComponent","focusBackColor":"white","enableAnimation":false,"outlineWidth":10,"outlineColor":"rgba(74,147,255,0.12)","mouseInBorderColor":"rgba(28,31,35,.08)"},{"x":1007.5396825396824,"y":150.23809523809518,"id":"jadeka3h5h","pad":6,"bold":false,"text":"工具调用","type":"toolInvokeNodeState","dirty":true,"index":103,"width":360,"height":259,"italic":false,"shadow":"0 2px 4px 0 rgba(0,0,0,.1)","sourcePlatform":"official","flowMeta":{"jober":{"name":"","type":"STORE_JOBER","entity":{"params":[{"name":"appInfo"}],"return":{"type":"string"},"uniqueName":"1afdab63-62e3-4965-ac91-a7a66099f068"},"fitables":[],"converter":{"type":"mapping_converter","entity":{"inputParams":[{"id":"appInfo_93af9c5d-3eff-4b67-90c4-5eed4a582206","from":"Reference","name":"appInfo","type":"String","value":["output","llmOutput"],"referenceId":"48de507a-83ce-47c1-848f-ed1519527830","referenceKey":"llmOutput","referenceNode":"jadeknt9h5"}],"outputParams":[{"id":"output_48507a00-8836-43bc-b6eb-46ef08d447e7","name":"output","type":"String","value":[]}]}}},"triggerMode":"auto"},"hideText":true,"backColor":"white","container":"elsa-page:tvp1s6","dashWidth":0,"namespace":"flowable","autoHeight":true,"rotateAble":false,"borderColor":"rgba(28,31,35,.08)","borderWidth":1,"focusShadow":"0 0 1px rgba(0,0,0,.3),0 4px 14px rgba(0,0,0,.1)","runningTask":0,"triggerMode":"auto","warningTask":0,"cornerRadius":8,"completedTask":0,"componentName":"toolInvokeComponent","focusBackColor":"white","enableAnimation":false,"outlineWidth":10,"outlineColor":"rgba(74,147,255,0.12)","mouseInBorderColor":"rgba(28,31,35,.08)"},{"x":349.1071428571429,"y":354,"id":"z5r92y","pad":0,"bold":false,"text":"","type":"jadeEvent","dirty":true,"index":-96,"textX":0,"textY":0,"width":137.18253968253964,"hAlign":"center","height":5.488095238095184,"italic":false,"margin":20,"toShape":"jadeknt9h5","endArrow":true,"hideText":true,"lineMode":{"type":"auto_curve"},"allowLink":false,"backColor":"white","container":"elsa-page:tvp1s6","fromShape":"jade6qm5eg","lineWidth":2,"namespace":"flowable","beginArrow":false,"borderColor":"#B1B1B7","borderWidth":1,"curvePoint1":{"x":0,"y":0},"curvePoint2":{"x":0,"y":0},"brokenPoints":[],"endArrowSize":4,"arrowEndPoint":{"x":0,"y":0},"endArrowEmpty":false,"beginArrowSize":4,"arrowBeginPoint":{"x":0,"y":0},"beginArrowEmpty":false,"definedToConnector":"W","mouseInBorderColor":"#B1B1B7","allowSwitchLineMode":false,"definedFromConnector":"E"},{"x":846.2896825396825,"y":359.4880952380952,"id":"zu2xwx","pad":0,"bold":false,"text":"","type":"jadeEvent","dirty":true,"index":-95,"textX":0,"textY":0,"width":161.2499999999999,"hAlign":"center","height":-79.75,"italic":false,"margin":20,"toShape":"jadeka3h5h","endArrow":true,"hideText":true,"lineMode":{"type":"auto_curve"},"allowLink":false,"backColor":"white","container":"elsa-page:tvp1s6","fromShape":"jadeknt9h5","lineWidth":2,"namespace":"flowable","beginArrow":false,"borderColor":"#B1B1B7","borderWidth":1,"curvePoint1":{"x":0,"y":0},"curvePoint2":{"x":0,"y":0},"brokenPoints":[],"endArrowSize":4,"arrowEndPoint":{"x":0,"y":0},"endArrowEmpty":false,"beginArrowSize":4,"arrowBeginPoint":{"x":0,"y":0},"beginArrowEmpty":false,"definedToConnector":"W","mouseInBorderColor":"#B1B1B7","allowSwitchLineMode":false,"definedFromConnector":"E"},{"x":1367.5396825396824,"y":279.7380952380952,"id":"1k1udc","pad":0,"bold":false,"text":"","type":"jadeEvent","dirty":true,"index":-94,"textX":0,"textY":0,"width":99.42460317460245,"hAlign":"center","height":74.94047619047609,"italic":false,"margin":20,"toShape":"jadesoux5i","endArrow":true,"hideText":true,"lineMode":{"type":"auto_curve"},"allowLink":false,"backColor":"white","container":"elsa-page:tvp1s6","fromShape":"jadeka3h5h","lineWidth":2,"namespace":"flowable","beginArrow":false,"borderColor":"#B1B1B7","borderWidth":1,"curvePoint1":{"x":0,"y":0},"curvePoint2":{"x":0,"y":0},"brokenPoints":[],"endArrowSize":4,"arrowEndPoint":{"x":0,"y":0},"endArrowEmpty":false,"beginArrowSize":4,"arrowBeginPoint":{"x":0,"y":0},"beginArrowEmpty":false,"definedToConnector":"W","mouseInBorderColor":"#B1B1B7","allowSwitchLineMode":false,"definedFromConnector":"E"}],"vAlign":"top","itemPad":[0,0,0,0],"division":-1,"dockMode":"none","fontFace":"arial","fontSize":18,"hideText":true,"moveable":true,"shapesAs":{},"backColor":"#fbfbfc","container":"elsa-page:tvp1s6","dockAlign":"top","fontColor":"#ECD0A7","fontStyle":"normal","itemSpace":5,"namespace":"jadeFlow","fontWeight":"bold","itemScroll":{"x":0,"y":0},"borderColor":"white","focusBackColor":"#fbfbfc"}],"title":"3bb39bed81f44549b84d20cc6e3b530b","source":"elsa","tenant":"default","setting":{"pad":10,"tag":{},"code":"","pDock":"none","hAlign":"center","margin":25,"shadow":"","shared":false,"vAlign":"top","itemPad":[5,5,5,5],"visible":true,"autoText":false,"dockMode":"none","dragable":true,"editable":true,"fontFace":"arial","fontSize":12,"infoType":{"name":"none","next":"INFORMATION"},"moveable":true,"priority":0,"allowLink":true,"autoWidth":false,"backAlpha":0.15,"backColor":"whitesmoke","dashWidth":0,"deletable":true,"fontColor":"steelblue","fontStyle":"normal","headColor":"steelblue","lineWidth":2,"underline":false,"autoHeight":false,"emphasized":false,"fontWeight":"lighter","itemScroll":{"x":0,"y":0},"lineHeight":1.5,"resizeable":true,"rotateAble":true,"scrollLock":{"x":false,"y":false},"selectable":true,"shadowData":"2px 2px 4px","borderColor":"#047bfc","borderWidth":1,"bulletSpeed":1,"focusMargin":0,"focusShadow":"","globalAlpha":1,"outstanding":false,"bulletedList":false,"cornerRadius":4,"enableSocial":true,"mouseInColor":"orange","numberedList":false,"rotateDegree":0,"captionhAlign":"center","strikethrough":false,"focusBackColor":"whitesmoke","focusFontColor":"darkorange","progressStatus":{"name":"NONE","next":"UNKNOWN","color":"gray"},"showedProgress":false,"captionfontFace":"arial black","captionfontSize":14,"enableAnimation":false,"progressPercent":0.65,"captionfontColor":"whitesmoke","captionfontStyle":"normal","focusBorderColor":"#047bfc","focusBorderWidth":1,"outlineWidth":10,"outlineColor":"rgba(74,147,255,0.12)","mouseInBackColor":"whitesmoke","mouseInFontColor":"orange","captionfontWeight":"lighter","captionlineHeight":1,"mouseInBorderColor":"#047bfc"},"flowMeta":{"enableOutputScope":true,"exceptionFitables":["com.huawei.fit.jober.aipp.fitable.AippFlowExceptionHandler","com.huawei.fit.jober.fitable.FlowInfoException"],"callback":{"fitables":["com.huawei.fit.jober.fitable.FlowInfoCallback"],"name":"通知回调","type":"general_callback"}},"enableText":false}') ON CONFLICT (id) DO NOTHING;

-- 租户信息（不确定是否需要）
INSERT INTO "public"."tenant" ("id", "name", "description", "avatar_id", "created_by", "updated_by", "created_at", "updated_at", "access_level") VALUES ('31f20efc7e0848deab6a6bc10fc3021e', 'appbuilder默认租户', '', '                                ', '180875152679256', '180875152679256', '2023-12-29 06:46:55.681', '2023-12-29 06:49:49.632', 'PUBLIC') ON CONFLICT (id) DO NOTHING;
INSERT INTO "public"."tenant" ("id", "name", "description", "avatar_id", "created_by", "updated_by", "created_at", "updated_at", "access_level") VALUES ('727d7157b3d24209aefd59eb7d1c49ff', 'appbuilder默认租户1', '', '                                ', '180875152679256', '180875152679256', '2023-12-29 06:46:55.681', '2023-12-29 06:49:49.632', 'PUBLIC') ON CONFLICT (id) DO NOTHING;

-- 添加工具相关的task数据
INSERT INTO "task" ("id", "name", "tenant_id", "attributes", "created_by", "created_at", "updated_by", "updated_at", "template_id", "category") VALUES ('226e559109444d348c30cef26b8957a3', '财经收入问题|1.0.0', '31f20efc7e0848deab6a6bc10fc3021e', '{"aipp_type":"NORMAL","meta_status":"active","description":"这是一个用于回答财经类收入问题的工具，以下是工具限制： 1、您可以指定时间范围，如2023年、本年、去年、12月、1-12月、本年累积、12月累积、本月、当月等进行提问，未指定默认数据库最大会计期累积； 2、您可以指定具体的指标，如净销售收入/收入/总收入/设备收入/服务收入，未指定默认净销售收入； 3、您可以指定具体的口径和单位：经营双算、经营口径、人民币、美金，未指定默认经营双算、人民币； 4、您可以指定具体空间范围：国内、中国区、海外、全球等，未指定默认全球； 5、您在提问不同维度时能够带上相应的关键字和全称，如北京代表处、青岛办事处、拉美地区部、闪存存储SPDT/LV2、全闪存LV3、移动系统部/移动大T/STC系统部、阿拉伯联合酋长国； 6、您可以在提问时使用一些惯用术语：如存储/协作/协作终端/智真、存储重点国、企业/政企/EBG/运营商/CNBG、大办/中办/小办等；行业如：金融/ISP/机轨/公水口/教育/医疗/交通/政府（不含交通）/泛政府等； 7、您提问趋势变化时，可以增加这些关键字：分别、趋势、增速/增长率/同比增长、体量/规模，TOP3/前3/最快/最慢/最大/后3/bottom3等； 8、您在提问以下维度时，需要您使用中文双引号和关键字，如： “XXX”子行业 “XXX”客户群 “XXX”父客户（父客户需要全称） “XXX”最终客户|客户 “XXX”签约客户 “XXX”合同名 “XXX”华为合同号 “XXX”框架合同号 “XXX”项目名称 “XXX”项目编码 “XXX”产品名称 “XXX”产品编码","meta_icon":"null","app_id":"610a3921c61b45aa8ed185d42e37817e","flow_config_id":"beefffd1168b4785a71f149a2a530d2f","version":"1.0.0","flow_definition_id":"45befdde3d794a368e3619e2c464ddbc","publish_at":"2024-05-24T18:34:54.060"}', 'com.huawei.jade', '2024-05-24 18:34:52.48', 'com.huawei.jade', '2024-05-24 18:34:54.143', '57ffd62fe9f847a7b9c38a5e51e1ca52', 'AIPP') ON CONFLICT (id) DO NOTHING;
INSERT INTO "task" ("id", "name", "tenant_id", "attributes", "created_by", "created_at", "updated_by", "updated_at", "template_id", "category") VALUES ('dc27c37e6a1143e9a628d41026dd6703', '创建应用|1.0.0', '31f20efc7e0848deab6a6bc10fc3021e', '{"aipp_type":"NORMAL","meta_status":"active","description":"根据用户问题智能生成应用配置信息，并自动创建应用，支持创建助手、数字人、智能体、机器人等。","meta_icon":"null","app_id":"4a1d6b117b7d4c8f8c5b6c3358608c9c","flow_config_id":"3bb39bed81f44549b84d20cc6e3b530b","version":"1.0.0","flow_definition_id":"0a3bd341d945405bb4148f23c1748ddc","publish_at":"2024-05-24T19:15:53.214"}', 'com.huawei.jade', '2024-05-24 19:15:53.131', 'com.huawei.jade', '2024-05-24 19:15:53.221', 'a35828ed08974b1b96be55f4e0f47bbe', 'AIPP') ON CONFLICT (id) DO NOTHING;

INSERT INTO "task_property" ("id", "task_id", "name", "required", "identifiable", "description", "scope", "data_type", "sequence", "appearance", "template_id") VALUES ('b432955ca1074ccaac1ca9fc1d03a7ad', '226e559109444d348c30cef26b8957a3', 'aipp_instance_name', 'f', 'f', 'meta实例名称', 'PUBLIC', 'TEXT', 1, '{}', '00000000000000000000000000000000') ON CONFLICT (id) DO NOTHING;
INSERT INTO "task_property" ("id", "task_id", "name", "required", "identifiable", "description", "scope", "data_type", "sequence", "appearance", "template_id") VALUES ('301c288c07544aeb88dbd044290f0445', '226e559109444d348c30cef26b8957a3', 'create_by', 'f', 'f', '创建人', 'PUBLIC', 'TEXT', 2, '{}', '00000000000000000000000000000000') ON CONFLICT (id) DO NOTHING;
INSERT INTO "task_property" ("id", "task_id", "name", "required", "identifiable", "description", "scope", "data_type", "sequence", "appearance", "template_id") VALUES ('d52365968e584ace8e54feee97511bbe', '226e559109444d348c30cef26b8957a3', 'created_at', 'f', 'f', '创建时间', 'PUBLIC', 'DATETIME', 1, '{}', '00000000000000000000000000000000') ON CONFLICT (id) DO NOTHING;
INSERT INTO "task_property" ("id", "task_id", "name", "required", "identifiable", "description", "scope", "data_type", "sequence", "appearance", "template_id") VALUES ('c7d2b91bdd474ba98dcb02f976c33b69', '226e559109444d348c30cef26b8957a3', 'modified_by', 'f', 'f', '更新人', 'PUBLIC', 'TEXT', 3, '{}', '00000000000000000000000000000000') ON CONFLICT (id) DO NOTHING;
INSERT INTO "task_property" ("id", "task_id", "name", "required", "identifiable", "description", "scope", "data_type", "sequence", "appearance", "template_id") VALUES ('6fb53783898e47a4bd19554e74a22976', '226e559109444d348c30cef26b8957a3', 'modified_at', 'f', 'f', '更新时间', 'PUBLIC', 'DATETIME', 2, '{}', '00000000000000000000000000000000') ON CONFLICT (id) DO NOTHING;
INSERT INTO "task_property" ("id", "task_id", "name", "required", "identifiable", "description", "scope", "data_type", "sequence", "appearance", "template_id") VALUES ('3746fc5e72e34a0f994103bd998a79f4', '226e559109444d348c30cef26b8957a3', 'finish_at', 'f', 'f', '完成时间', 'PUBLIC', 'DATETIME', 3, '{}', '00000000000000000000000000000000') ON CONFLICT (id) DO NOTHING;
INSERT INTO "task_property" ("id", "task_id", "name", "required", "identifiable", "description", "scope", "data_type", "sequence", "appearance", "template_id") VALUES ('b57e5c3efcb346609669ba3b21975e79', '226e559109444d348c30cef26b8957a3', 'flow_trans_id', 'f', 'f', 'flow实例id', 'PUBLIC', 'TEXT', 4, '{}', '00000000000000000000000000000000') ON CONFLICT (id) DO NOTHING;
INSERT INTO "task_property" ("id", "task_id", "name", "required", "identifiable", "description", "scope", "data_type", "sequence", "appearance", "template_id") VALUES ('f8d7e3f010fe4564a9580d81f4ef0b4e', '226e559109444d348c30cef26b8957a3', 'curr_form_id', 'f', 'f', '当前表单id', 'PUBLIC', 'TEXT', 5, '{}', '00000000000000000000000000000000') ON CONFLICT (id) DO NOTHING;
INSERT INTO "task_property" ("id", "task_id", "name", "required", "identifiable", "description", "scope", "data_type", "sequence", "appearance", "template_id") VALUES ('df2ee82aafa74f79b50eeeb0a7621bdf', '226e559109444d348c30cef26b8957a3', 'curr_form_version', 'f', 'f', '当前表单版本', 'PUBLIC', 'TEXT', 6, '{}', '00000000000000000000000000000000') ON CONFLICT (id) DO NOTHING;
INSERT INTO "task_property" ("id", "task_id", "name", "required", "identifiable", "description", "scope", "data_type", "sequence", "appearance", "template_id") VALUES ('8c4e610150ad484e8a393859f66c0063', '226e559109444d348c30cef26b8957a3', 'curr_form_data', 'f', 'f', '当前表单数据', 'PUBLIC', 'TEXT', 7, '{}', '00000000000000000000000000000000') ON CONFLICT (id) DO NOTHING;
INSERT INTO "task_property" ("id", "task_id", "name", "required", "identifiable", "description", "scope", "data_type", "sequence", "appearance", "template_id") VALUES ('b4593515614445b9b99bd0dabd3677ee', '226e559109444d348c30cef26b8957a3', 'inst_status', 'f', 'f', '实例状态', 'PUBLIC', 'TEXT', 8, '{}', '00000000000000000000000000000000') ON CONFLICT (id) DO NOTHING;
INSERT INTO "task_property" ("id", "task_id", "name", "required", "identifiable", "description", "scope", "data_type", "sequence", "appearance", "template_id") VALUES ('3a9ab8476326483ca874366685571088', '226e559109444d348c30cef26b8957a3', 'progress', 'f', 'f', '实例进度', 'PUBLIC', 'TEXT', 9, '{}', '00000000000000000000000000000000') ON CONFLICT (id) DO NOTHING;
INSERT INTO "task_property" ("id", "task_id", "name", "required", "identifiable", "description", "scope", "data_type", "sequence", "appearance", "template_id") VALUES ('9f3adffc65644c0ab63a919697e395cc', '226e559109444d348c30cef26b8957a3', 'agentResult', 'f', 'f', 'aipp agent结果', 'PUBLIC', 'TEXT', 10, '{}', '00000000000000000000000000000000') ON CONFLICT (id) DO NOTHING;
INSERT INTO "task_property" ("id", "task_id", "name", "required", "identifiable", "description", "scope", "data_type", "sequence", "appearance", "template_id") VALUES ('ea07f4c1d1b04f97848b87a9995c88c0', '226e559109444d348c30cef26b8957a3', 'childInstanceId', 'f', 'f', 'aipp子流程instanceId', 'PUBLIC', 'TEXT', 11, '{}', '00000000000000000000000000000000') ON CONFLICT (id) DO NOTHING;
INSERT INTO "task_property" ("id", "task_id", "name", "required", "identifiable", "description", "scope", "data_type", "sequence", "appearance", "template_id") VALUES ('7b5d71d0c62447d5b6bf00bfe30488e2', '226e559109444d348c30cef26b8957a3', 'curr_node_id', 'f', 'f', '当前节点id', 'PUBLIC', 'TEXT', 12, '{}', '00000000000000000000000000000000') ON CONFLICT (id) DO NOTHING;

INSERT INTO "task_property" ("id", "task_id", "name", "required", "identifiable", "description", "scope", "data_type", "sequence", "appearance", "template_id") VALUES ('0f84a164353b4bc6b06b240e99d2bf3b', 'dc27c37e6a1143e9a628d41026dd6703', 'aipp_instance_name', 'f', 'f', 'meta实例名称', 'PUBLIC', 'TEXT', 1, '{}', '00000000000000000000000000000000') ON CONFLICT (id) DO NOTHING;
INSERT INTO "task_property" ("id", "task_id", "name", "required", "identifiable", "description", "scope", "data_type", "sequence", "appearance", "template_id") VALUES ('073111f3d8ca47d18abe6cc9cd702608', 'dc27c37e6a1143e9a628d41026dd6703', 'create_by', 'f', 'f', '创建人', 'PUBLIC', 'TEXT', 2, '{}', '00000000000000000000000000000000') ON CONFLICT (id) DO NOTHING;
INSERT INTO "task_property" ("id", "task_id", "name", "required", "identifiable", "description", "scope", "data_type", "sequence", "appearance", "template_id") VALUES ('8f8e5fa8a26f43a8b2f74fadfab625c0', 'dc27c37e6a1143e9a628d41026dd6703', 'created_at', 'f', 'f', '创建时间', 'PUBLIC', 'DATETIME', 1, '{}', '00000000000000000000000000000000') ON CONFLICT (id) DO NOTHING;
INSERT INTO "task_property" ("id", "task_id", "name", "required", "identifiable", "description", "scope", "data_type", "sequence", "appearance", "template_id") VALUES ('8f0b04c2daba4f56b09b9fe996aa7b8a', 'dc27c37e6a1143e9a628d41026dd6703', 'modified_by', 'f', 'f', '更新人', 'PUBLIC', 'TEXT', 3, '{}', '00000000000000000000000000000000') ON CONFLICT (id) DO NOTHING;
INSERT INTO "task_property" ("id", "task_id", "name", "required", "identifiable", "description", "scope", "data_type", "sequence", "appearance", "template_id") VALUES ('a5e7e27d04634748aa11df45c4ed041c', 'dc27c37e6a1143e9a628d41026dd6703', 'modified_at', 'f', 'f', '更新时间', 'PUBLIC', 'DATETIME', 2, '{}', '00000000000000000000000000000000') ON CONFLICT (id) DO NOTHING;
INSERT INTO "task_property" ("id", "task_id", "name", "required", "identifiable", "description", "scope", "data_type", "sequence", "appearance", "template_id") VALUES ('b2627e174a4f4502a055a267daa787c4', 'dc27c37e6a1143e9a628d41026dd6703', 'finish_at', 'f', 'f', '完成时间', 'PUBLIC', 'DATETIME', 3, '{}', '00000000000000000000000000000000') ON CONFLICT (id) DO NOTHING;
INSERT INTO "task_property" ("id", "task_id", "name", "required", "identifiable", "description", "scope", "data_type", "sequence", "appearance", "template_id") VALUES ('a70b799abb704d06802c9cca00eac0ae', 'dc27c37e6a1143e9a628d41026dd6703', 'flow_trans_id', 'f', 'f', 'flow实例id', 'PUBLIC', 'TEXT', 4, '{}', '00000000000000000000000000000000') ON CONFLICT (id) DO NOTHING;
INSERT INTO "task_property" ("id", "task_id", "name", "required", "identifiable", "description", "scope", "data_type", "sequence", "appearance", "template_id") VALUES ('47d93bc975734701b365ebaaf6db8e64', 'dc27c37e6a1143e9a628d41026dd6703', 'curr_form_id', 'f', 'f', '当前表单id', 'PUBLIC', 'TEXT', 5, '{}', '00000000000000000000000000000000') ON CONFLICT (id) DO NOTHING;
INSERT INTO "task_property" ("id", "task_id", "name", "required", "identifiable", "description", "scope", "data_type", "sequence", "appearance", "template_id") VALUES ('5da52459842e4681aebb503dff0372eb', 'dc27c37e6a1143e9a628d41026dd6703', 'curr_form_version', 'f', 'f', '当前表单版本', 'PUBLIC', 'TEXT', 6, '{}', '00000000000000000000000000000000') ON CONFLICT (id) DO NOTHING;
INSERT INTO "task_property" ("id", "task_id", "name", "required", "identifiable", "description", "scope", "data_type", "sequence", "appearance", "template_id") VALUES ('17466cc6b32643fd8a1afc9ca92d2f8a', 'dc27c37e6a1143e9a628d41026dd6703', 'curr_form_data', 'f', 'f', '当前表单数据', 'PUBLIC', 'TEXT', 7, '{}', '00000000000000000000000000000000') ON CONFLICT (id) DO NOTHING;
INSERT INTO "task_property" ("id", "task_id", "name", "required", "identifiable", "description", "scope", "data_type", "sequence", "appearance", "template_id") VALUES ('b180873b7ffb4beb9b78fe898887f62f', 'dc27c37e6a1143e9a628d41026dd6703', 'inst_status', 'f', 'f', '实例状态', 'PUBLIC', 'TEXT', 8, '{}', '00000000000000000000000000000000') ON CONFLICT (id) DO NOTHING;
INSERT INTO "task_property" ("id", "task_id", "name", "required", "identifiable", "description", "scope", "data_type", "sequence", "appearance", "template_id") VALUES ('17d100aa485e402aa2d9a92c89ec7751', 'dc27c37e6a1143e9a628d41026dd6703', 'progress', 'f', 'f', '实例进度', 'PUBLIC', 'TEXT', 9, '{}', '00000000000000000000000000000000') ON CONFLICT (id) DO NOTHING;
INSERT INTO "task_property" ("id", "task_id", "name", "required", "identifiable", "description", "scope", "data_type", "sequence", "appearance", "template_id") VALUES ('e744afef22714bfc923cff7ec6b68328', 'dc27c37e6a1143e9a628d41026dd6703', 'agentResult', 'f', 'f', 'aipp agent结果', 'PUBLIC', 'TEXT', 10, '{}', '00000000000000000000000000000000') ON CONFLICT (id) DO NOTHING;
INSERT INTO "task_property" ("id", "task_id", "name", "required", "identifiable", "description", "scope", "data_type", "sequence", "appearance", "template_id") VALUES ('3e0e0cbad33f4f34a29865aa17b2fa15', 'dc27c37e6a1143e9a628d41026dd6703', 'childInstanceId', 'f', 'f', 'aipp子流程instanceId', 'PUBLIC', 'TEXT', 11, '{}', '00000000000000000000000000000000') ON CONFLICT (id) DO NOTHING;
INSERT INTO "task_property" ("id", "task_id", "name", "required", "identifiable", "description", "scope", "data_type", "sequence", "appearance", "template_id") VALUES ('03fb15bed7dc4edc95948cd89d7028ce', 'dc27c37e6a1143e9a628d41026dd6703', 'curr_node_id', 'f', 'f', '当前节点id', 'PUBLIC', 'TEXT', 12, '{}', '00000000000000000000000000000000') ON CONFLICT (id) DO NOTHING;

INSERT INTO "task_template" ("id", "name", "description", "tenant_id") VALUES ('57ffd62fe9f847a7b9c38a5e51e1ca52', '财经收入问题', '', '31f20efc7e0848deab6a6bc10fc3021e') ON CONFLICT (id) DO NOTHING;
INSERT INTO "task_template" ("id", "name", "description", "tenant_id") VALUES ('a35828ed08974b1b96be55f4e0f47bbe', '创建应用', '', '31f20efc7e0848deab6a6bc10fc3021e') ON CONFLICT (id) DO NOTHING;

INSERT INTO "flow_graph" ("id", "version", "tenant", "status", "name", "data", "created_by", "created_at", "updated_by", "updated_at", "previous", "is_deleted") VALUES ('beefffd1168b4785a71f149a2a530d2f', '1.0.0', '31f20efc7e0848deab6a6bc10fc3021e', 'active', 'beefffd1168b4785a71f149a2a530d2f', '{"id":"beefffd1168b4785a71f149a2a530d2f","title":"beefffd1168b4785a71f149a2a530d2f","source":"elsa","type":"jadeFlowGraph","tenant":"default","setting":{"borderColor":"#047bfc","shadow":"","underline":false,"selectable":true,"fontFace":"arial","pDock":"none","headColor":"steelblue","itemScroll":{"x":0,"y":0},"vAlign":"top","cornerRadius":4,"rotateAble":true,"pad":10,"infoType":{"next":"INFORMATION","name":"none"},"focusMargin":0,"progressStatus":{"next":"UNKNOWN","color":"gray","name":"NONE"},"focusBackColor":"whitesmoke","tag":{},"captionfontColor":"whitesmoke","fontWeight":"lighter","captionlineHeight":1,"margin":25,"itemPad":[5,5,5,5],"autoHeight":false,"visible":true,"rotateDegree":0,"focusBorderColor":"#047bfc","priority":0,"fontStyle":"normal","backColor":"whitesmoke","captionfontFace":"arial black","dockMode":"none","dashWidth":0,"fontSize":12,"mouseInFontColor":"orange","resizeable":true,"captionfontWeight":"lighter","mouseInBorderColor":"#047bfc","autoText":false,"showedProgress":false,"shared":false,"code":"","hAlign":"center","deletable":true,"numberedList":false,"shadowData":"2px 2px 4px","focusBorderWidth":1,"allowLink":true,"lineWidth":2,"captionhAlign":"center","dragable":true,"focusShadow":"","emphasized":false,"borderWidth":1,"globalAlpha":1,"bulletedList":false,"enableAnimation":false,"autoWidth":false,"captionfontSize":14,"progressPercent":0.65,"strikethrough":false,"backAlpha":0.15,"focusFontColor":"darkorange","outstanding":false,"editable":true,"moveable":true,"captionfontStyle":"normal","mouseInColor":"orange","bulletSpeed":1,"enableSocial":true,"scrollLock":{"x":false,"y":false},"lineHeight":1.5,"fontColor":"steelblue","mouseInBackColor":"whitesmoke"},"pages":[{"container":"elsa-page:tvp1s6","borderColor":"white","hAlign":"left","itemSpace":5,"fontFace":"arial","itemScroll":{"x":0,"y":0},"hideText":true,"shapesAs":{},"type":"jadeFlowPage","italic":false,"vAlign":"top","mode":"configuration","scaleX":0.8,"division":-1,"scaleY":0.8,"dockAlign":"top","focusBackColor":"#fbfbfc","id":"elsa-page:tvp1s6","text":"newFlowPage","fontWeight":"bold","height":800,"dirty":true,"itemPad":[0,0,0,0],"moveable":true,"index":0,"bold":false,"fontStyle":"normal","backColor":"#fbfbfc","dockMode":"none","x":176.21031746031747,"width":1600,"namespace":"jadeFlow","y":-46.488095238095184,"fontSize":18,"isPage":true,"fontColor":"#ECD0A7","shapes":[{"container":"elsa-page:tvp1s6","borderColor":"rgba(28,31,35,.08)","shadow":"0 2px 4px 0 rgba(0,0,0,.1)","sourcePlatform":"official","deletable":false,"focusBorderWidth":2,"hideText":true,"type":"startNodeStart","italic":false,"completedTask":0,"cornerRadius":8,"rotateAble":false,"pad":6,"focusShadow":"0 0 1px rgba(0,0,0,.3),0 4px 14px rgba(0,0,0,.1)","warningTask":0,"borderWidth":1,"enableAnimation":false,"focusBackColor":"white","id":"jade6qm5eg","text":"开始","componentName":"startComponent","triggerMode":"auto","height":528,"dirty":true,"autoHeight":true,"runningTask":0,"flowMeta":{"inputParams":[{"name":"input","from":"Expand","id":"91138f09-b635-43df-95c6-1fe3d1745829","type":"Object","config":[{"allowAdd":true}],"value":[{"name":"query","description":"用户问题。","from":"Input","id":"input_ae2ffd6e-2b9e-4e73-9d7f-0e661ec3dbdb","type":"String","value":""}]},{"name":"memory","from":"Expand","id":"4a770dc6-e3c9-475d-84c7-48dacc74a5b6","type":"Object","value":[{"name":"type","from":"Input","id":"cee9a31b-781c-4835-a616-ceed73be22f2","type":"String","value":"NotUseMemory"},{"name":"value","from":"Input","id":"69592622-4291-409d-9d65-9faea83db657","type":"","value":null}]}],"triggerMode":"auto"},"index":101,"bold":false,"backColor":"white","x":-145.8928571428571,"width":360,"namespace":"flowable","y":230,"dashWidth":0,"mouseInBorderColor":"rgba(28,31,35,.08)"},{"container":"elsa-page:tvp1s6","borderColor":"rgba(28,31,35,.08)","shadow":"0 2px 4px 0 rgba(0,0,0,.1)","sourcePlatform":"official","deletable":false,"focusBorderWidth":2,"hideText":true,"type":"endNodeEnd","italic":false,"completedTask":0,"cornerRadius":8,"rotateAble":false,"pad":6,"focusShadow":"0 0 1px rgba(0,0,0,.3),0 4px 14px rgba(0,0,0,.1)","warningTask":0,"borderWidth":1,"enableAnimation":false,"focusBackColor":"white","id":"jadesoux5i","text":"财经问答结束","componentName":"endComponent","triggerMode":"auto","height":214,"dirty":true,"autoHeight":true,"runningTask":0,"flowMeta":{"callback":{"fitables":["com.huawei.fit.jober.aipp.fitable.AippFlowEndCallback"],"converter":{"type":"mapping_converter","entity":{"outputParams":[{}],"inputParams":[{"referenceNode":"jadecoarmv","name":"finalOutput","from":"Reference","id":"ffad80c2-3f60-4d57-93b2-c2362a5dab9c","type":"String","value":["output"],"referenceId":"output_fc952038-1a14-442b-bd78-8515e69449fa","referenceKey":"output"}]}},"name":"通知回调","type":"general_callback"},"triggerMode":"auto"},"index":102,"bold":false,"backColor":"white","x":2334.464285714285,"width":360,"namespace":"flowable","y":378.9285714285713,"dashWidth":0,"mouseInBorderColor":"rgba(28,31,35,.08)"},{"type":"toolInvokeNodeState","container":"elsa-page:tvp1s6","id":"jade3axbnw","text":"问题路由","namespace":"flowable","x":291.28968253968253,"y":366.4880952380952,"width":360,"height":259,"bold":false,"italic":false,"pad":6,"rotateAble":false,"triggerMode":"auto","enableAnimation":false,"warningTask":0,"runningTask":0,"completedTask":0,"hideText":true,"autoHeight":true,"borderColor":"rgba(28,31,35,.08)","mouseInBorderColor":"rgba(28,31,35,.08)","shadow":"0 2px 4px 0 rgba(0,0,0,.1)","sourcePlatform":"official","focusShadow":"0 0 1px rgba(0,0,0,.3),0 4px 14px rgba(0,0,0,.1)","borderWidth":1,"focusBorderWidth":2,"dashWidth":0,"backColor":"white","focusBackColor":"white","cornerRadius":8,"flowMeta":{"triggerMode":"auto","jober":{"type":"STORE_JOBER","name":"","fitables":[],"converter":{"type":"mapping_converter","entity":{"outputParams":[{"id":"output_2d3a958f-ac5c-413f-bf27-e39425597f72","name":"output","type":"Object","value":[{"id":"b290d85f-2c2e-426d-9789-1ffbdd492a2b","name":"result","type":"String","value":"String"},{"id":"4b5ec0f1-33e5-4bb4-bf83-df410be25b14","name":"matched","type":"Boolean","value":"Boolean"},{"id":"92a77575-7d95-4e51-ab3b-7ce14385b2d4","name":"completeQuery","type":"String","value":"String"}]}],"inputParams":[{"id":"query_c958c2fd-b97e-481f-8cff-55e7d8564d5d","name":"query","type":"String","from":"Reference","referenceNode":"jade6qm5eg","referenceId":"input_ae2ffd6e-2b9e-4e73-9d7f-0e661ec3dbdb","referenceKey":"query","value":["query"]}]}},"entity":{"uniqueName":"c6c2d272-90e5-4c06-b8fa-5d94930b7532","params":[{"name":"query"}],"return":{"type":"object"}}}},"componentName":"toolInvokeComponent","index":102,"dirty":true},{"type":"toolInvokeNodeState","container":"elsa-page:tvp1s6","id":"jadecoarmv","text":"结果生成","namespace":"flowable","x":1868.7896825396824,"y":343.9880952380952,"width":360,"height":304,"bold":false,"italic":false,"pad":6,"rotateAble":false,"triggerMode":"auto","enableAnimation":false,"warningTask":0,"runningTask":0,"completedTask":0,"hideText":true,"autoHeight":true,"borderColor":"rgba(28,31,35,.08)","mouseInBorderColor":"rgba(28,31,35,.08)","shadow":"0 2px 4px 0 rgba(0,0,0,.1)","sourcePlatform":"official","focusShadow":"0 0 1px rgba(0,0,0,.3),0 4px 14px rgba(0,0,0,.1)","borderWidth":1,"focusBorderWidth":2,"dashWidth":0,"backColor":"white","focusBackColor":"white","cornerRadius":8,"flowMeta":{"triggerMode":"auto","jober":{"type":"STORE_JOBER","name":"","fitables":[],"converter":{"type":"mapping_converter","entity":{"outputParams":[{"id":"output_fc952038-1a14-442b-bd78-8515e69449fa","name":"output","type":"String","value":[]}],"inputParams":[{"id":"condition_b63e38ea-b27e-4895-b2d8-de84384fae2e","name":"condition","type":"String","from":"Reference","referenceNode":"jade5wc1ee","referenceId":"8e900cd6-d151-402b-b6b2-194790edf467","referenceKey":"llmOutput","value":["output","llmOutput"]},{"id":"query_88827f8c-a610-46b7-8b50-4531bb87763f","name":"query","type":"String","from":"Reference","referenceNode":"jade6qm5eg","referenceId":"input_ae2ffd6e-2b9e-4e73-9d7f-0e661ec3dbdb","referenceKey":"query","value":["query"]}]}},"entity":{"uniqueName":"24474301-937a-4335-a155-1e86d1a48de0","params":[{"name":"condition"},{"name":"query"}],"return":{"type":"string"}}}},"componentName":"toolInvokeComponent","index":103,"dirty":true},{"type":"conditionNodeCondition","container":"elsa-page:tvp1s6","id":"jadelh4543","text":"条件","namespace":"flowable","x":726.2896825396825,"y":317.7380952380952,"width":600,"height":357,"bold":false,"italic":false,"pad":6,"rotateAble":false,"triggerMode":"auto","enableAnimation":false,"warningTask":0,"runningTask":0,"completedTask":0,"hideText":true,"autoHeight":true,"borderColor":"rgba(28,31,35,.08)","mouseInBorderColor":"rgba(28,31,35,.08)","shadow":"0 2px 4px 0 rgba(0,0,0,.1)","sourcePlatform":"official","focusShadow":"0 0 1px rgba(0,0,0,.3),0 4px 14px rgba(0,0,0,.1)","borderWidth":1,"focusBorderWidth":2,"dashWidth":0,"backColor":"white","focusBackColor":"white","cornerRadius":8,"flowMeta":{"triggerMode":"auto","conditionParams":{"branches":[{"id":"ad2e05b6-593a-4d86-81e0-1b1b504c2795","conditionRelation":"and","conditions":[{"id":"5d96df3a-5192-4de8-9743-63cf9f0259ec","condition":"is true","value":[{"id":"3fc094bc-8496-4e7e-a940-97b092d7e67d","name":"left","type":"Boolean","from":"Reference","value":["output","matched"],"referenceNode":"jade3axbnw","referenceId":"4b5ec0f1-33e5-4bb4-bf83-df410be25b14","referenceKey":"matched"},{"id":"f770e6fe-a612-4fb8-8c40-d51bcef05baf","name":"right","type":"","from":"Reference","value":"","referenceNode":"","referenceId":"","referenceKey":""}]}]}]}},"componentName":"conditionComponent","index":104,"dirty":true},{"type":"llmNodeState","container":"elsa-page:tvp1s6","id":"jade5wc1ee","text":"财经问题专属模型","namespace":"flowable","x":1405.0396825396824,"y":56.488095238095184,"width":360,"height":851,"bold":false,"italic":false,"pad":6,"rotateAble":false,"triggerMode":"auto","enableAnimation":false,"warningTask":0,"runningTask":0,"completedTask":0,"hideText":true,"autoHeight":true,"borderColor":"rgba(28,31,35,.08)","mouseInBorderColor":"rgba(28,31,35,.08)","shadow":"0 2px 4px 0 rgba(0,0,0,.1)","sourcePlatform":"official","focusShadow":"0 0 1px rgba(0,0,0,.3),0 4px 14px rgba(0,0,0,.1)","borderWidth":1,"focusBorderWidth":2,"dashWidth":0,"backColor":"white","focusBackColor":"white","cornerRadius":8,"flowMeta":{"triggerMode":"auto","jober":{"type":"general_jober","name":"","fitables":["com.huawei.fit.jober.aipp.fitable.LLMComponent"],"converter":{"type":"mapping_converter","entity":{"inputParams":[{"id":"c490ace3-472c-4c95-bf29-760982f62c64","name":"model","type":"String","from":"Input","value":"Qwen-72B"},{"id":"c1ea0b9c-97c9-466e-bd42-b0eb6046dc3a","name":"temperature","type":"Number","from":"Input","value":"0"},{"id":"89cda9b5-f975-42ba-a426-a83a6cbdddb3","name":"prompt","type":"Object","from":"Expand","value":[{"id":"12fe982a-0fbd-4461-a159-51e09de31dc0","name":"template","type":"String","from":"Input","value":"{{query}}"},{"id":"6e78da7c-3d62-4df8-98cf-310b06691a4e","name":"variables","type":"Object","from":"Expand","value":[{"id":"1ec181db-eed1-4089-a580-f656de258322","name":"query","type":"String","from":"Reference","value":["output","result"],"referenceNode":"jade3axbnw","referenceId":"b290d85f-2c2e-426d-9789-1ffbdd492a2b","referenceKey":"result"}]}]},{"id":"a5f228f5-167e-4fbc-8114-69bcd9c76a4c","name":"tools","type":"Array","from":"Expand","value":[]},{"id":"f548ab63-9add-4053-a3a6-cb7682c362af","name":"workflows","type":"Array","from":"Expand","value":[]},{"id":"4ff72b6e-18b8-430c-a509-d1bf8a53bbe5","name":"systemPrompt","type":"String","from":"Input","value":""}],"outputParams":[{"id":"8cc96b96-765d-4f13-ba10-d9dff76a2615","name":"output","type":"Object","from":"Expand","value":[{"id":"8e900cd6-d151-402b-b6b2-194790edf467","name":"llmOutput","type":"string","from":"Input","description":"","value":""}]}]}},"isAsync":"true"}},"componentName":"llmComponent","index":105,"dirty":true},{"type":"llmNodeState","container":"elsa-page:tvp1s6","id":"jaded1ufou","text":"普通问答模型","namespace":"flowable","x":1410.0396825396824,"y":1000.2380952380952,"width":360,"height":851,"bold":false,"italic":false,"pad":6,"rotateAble":false,"triggerMode":"auto","enableAnimation":false,"warningTask":0,"runningTask":0,"completedTask":0,"hideText":true,"autoHeight":true,"borderColor":"rgba(28,31,35,.08)","mouseInBorderColor":"rgba(28,31,35,.08)","shadow":"0 2px 4px 0 rgba(0,0,0,.1)","sourcePlatform":"official","focusShadow":"0 0 1px rgba(0,0,0,.3),0 4px 14px rgba(0,0,0,.1)","borderWidth":1,"focusBorderWidth":2,"dashWidth":0,"backColor":"white","focusBackColor":"white","cornerRadius":8,"flowMeta":{"triggerMode":"auto","jober":{"type":"general_jober","name":"","fitables":["com.huawei.fit.jober.aipp.fitable.LLMComponent"],"converter":{"type":"mapping_converter","entity":{"inputParams":[{"id":"f9586db3-72f9-4d33-9f01-893bbfa61277","name":"model","type":"String","from":"Input","value":"Qwen1.5-32B-Chat"},{"id":"e0b992c2-739a-43b1-9cbc-b6747eb7592f","name":"temperature","type":"Number","from":"Input","value":"0.3"},{"id":"95ba86be-5c03-4258-b5ce-32b0eae17b5c","name":"prompt","type":"Object","from":"Expand","value":[{"id":"123d6c59-c525-4100-a66b-72b1a2c4e625","name":"template","type":"String","from":"Input","value":"{{query}}"},{"id":"892b3e12-2895-4e79-b668-5d6a6bd79fe6","name":"variables","type":"Object","from":"Expand","value":[{"id":"c779f80b-c15f-416d-ad1b-6628cb24fe8c","name":"query","type":"String","from":"Reference","value":["query"],"referenceNode":"jade6qm5eg","referenceId":"input_ae2ffd6e-2b9e-4e73-9d7f-0e661ec3dbdb","referenceKey":"query"}]}]},{"id":"a4e83ae4-4f4b-4407-a2bc-a9570886329e","name":"tools","type":"Array","from":"Expand","value":[]},{"id":"08297d4d-4f38-44c0-b049-638a2008a884","name":"workflows","type":"Array","from":"Expand","value":[]},{"id":"f4fd8b0a-aeaf-47e2-8914-5501ba5bb4b1","name":"systemPrompt","type":"String","from":"Input","value":""}],"outputParams":[{"id":"9024f034-bacc-4ac0-812f-e270fa6997b9","name":"output","type":"Object","from":"Expand","value":[{"id":"6f0fdf98-24ee-4ef0-bd62-9d4f1b1cb6ac","name":"llmOutput","type":"string","from":"Input","description":"","value":""}]}]}},"isAsync":"true"}},"componentName":"llmComponent","index":106,"dirty":true},{"type":"endNodeEnd","container":"elsa-page:tvp1s6","id":"jadela7k5y","text":"普通问答结束","namespace":"flowable","x":1901.2896825396824,"y":1336.4880952380952,"width":360,"height":214,"bold":false,"italic":false,"pad":6,"rotateAble":false,"triggerMode":"auto","enableAnimation":false,"warningTask":0,"runningTask":0,"completedTask":0,"hideText":true,"autoHeight":true,"borderColor":"rgba(28,31,35,.08)","mouseInBorderColor":"rgba(28,31,35,.08)","shadow":"0 2px 4px 0 rgba(0,0,0,.1)","sourcePlatform":"official","focusShadow":"0 0 1px rgba(0,0,0,.3),0 4px 14px rgba(0,0,0,.1)","borderWidth":1,"focusBorderWidth":2,"dashWidth":0,"backColor":"white","focusBackColor":"white","cornerRadius":8,"flowMeta":{"triggerMode":"auto","callback":{"type":"general_callback","name":"通知回调","fitables":["com.huawei.fit.jober.aipp.fitable.AippFlowEndCallback"],"converter":{"type":"mapping_converter","entity":{"inputParams":[{"id":"e09784cb-3ae9-4581-aa63-1b83f09fd7ed","name":"finalOutput","type":"String","from":"Reference","referenceNode":"jaded1ufou","referenceId":"6f0fdf98-24ee-4ef0-bd62-9d4f1b1cb6ac","referenceKey":"llmOutput","value":["output","llmOutput"]}],"outputParams":[{}]}}}},"componentName":"endComponent","index":107,"dirty":true},{"type":"jadeEvent","container":"elsa-page:tvp1s6","id":"4iyvh1","text":"","namespace":"flowable","x":214.1071428571429,"y":494,"width":77.18253968253964,"height":1.988095238095184,"bold":false,"italic":false,"pad":0,"margin":20,"backColor":"white","hideText":true,"beginArrow":false,"beginArrowEmpty":false,"beginArrowSize":4,"endArrow":true,"endArrowEmpty":false,"endArrowSize":4,"textX":0,"textY":0,"hAlign":"center","lineWidth":2,"fromShape":"jade6qm5eg","toShape":"jade3axbnw","definedFromConnector":"E","definedToConnector":"W","arrowBeginPoint":{"x":0,"y":0},"arrowEndPoint":{"x":0,"y":0},"curvePoint1":{"x":0,"y":0},"curvePoint2":{"x":0,"y":0},"brokenPoints":[],"lineMode":{"type":"auto_curve"},"allowSwitchLineMode":false,"allowLink":false,"borderWidth":1,"borderColor":"#B1B1B7","mouseInBorderColor":"#B1B1B7","index":-92,"dirty":true},{"type":"jadeEvent","container":"elsa-page:tvp1s6","id":"6rh9x7","text":"","namespace":"flowable","x":651.2896825396825,"y":495.9880952380952,"width":75,"height":0.25,"bold":false,"italic":false,"pad":0,"margin":20,"backColor":"white","hideText":true,"beginArrow":false,"beginArrowEmpty":false,"beginArrowSize":4,"endArrow":true,"endArrowEmpty":false,"endArrowSize":4,"textX":0,"textY":0,"hAlign":"center","lineWidth":2,"fromShape":"jade3axbnw","toShape":"jadelh4543","definedFromConnector":"E","definedToConnector":"W","arrowBeginPoint":{"x":0,"y":0},"arrowEndPoint":{"x":0,"y":0},"curvePoint1":{"x":0,"y":0},"curvePoint2":{"x":0,"y":0},"brokenPoints":[],"lineMode":{"type":"auto_curve"},"allowSwitchLineMode":false,"allowLink":false,"borderWidth":1,"borderColor":"#B1B1B7","mouseInBorderColor":"#B1B1B7","index":-91,"dirty":true},{"type":"jadeEvent","container":"elsa-page:tvp1s6","id":"vosd6p","text":"","namespace":"flowable","x":1313.2897283160496,"y":512.7380952380952,"width":91.74995422363281,"height":-30.75,"bold":false,"italic":false,"pad":0,"margin":20,"backColor":"white","hideText":true,"beginArrow":false,"beginArrowEmpty":false,"beginArrowSize":4,"endArrow":true,"endArrowEmpty":false,"endArrowSize":4,"textX":0,"textY":0,"hAlign":"center","lineWidth":2,"fromShape":"jadelh4543","toShape":"jade5wc1ee","definedFromConnector":"dynamic-0","definedToConnector":"W","arrowBeginPoint":{"x":0,"y":0},"arrowEndPoint":{"x":0,"y":0},"curvePoint1":{"x":0,"y":0},"curvePoint2":{"x":0,"y":0},"brokenPoints":[],"lineMode":{"type":"auto_curve"},"allowSwitchLineMode":false,"allowLink":false,"borderWidth":1,"borderColor":"#B1B1B7","mouseInBorderColor":"#B1B1B7","index":-90,"dirty":true},{"type":"jadeEvent","container":"elsa-page:tvp1s6","id":"4qny17","text":"","namespace":"flowable","x":1765.0396825396824,"y":481.9880952380952,"width":103.75,"height":14,"bold":false,"italic":false,"pad":0,"margin":20,"backColor":"white","hideText":true,"beginArrow":false,"beginArrowEmpty":false,"beginArrowSize":4,"endArrow":true,"endArrowEmpty":false,"endArrowSize":4,"textX":0,"textY":0,"hAlign":"center","lineWidth":2,"fromShape":"jade5wc1ee","toShape":"jadecoarmv","definedFromConnector":"E","definedToConnector":"W","arrowBeginPoint":{"x":0,"y":0},"arrowEndPoint":{"x":0,"y":0},"curvePoint1":{"x":0,"y":0},"curvePoint2":{"x":0,"y":0},"brokenPoints":[],"lineMode":{"type":"auto_curve"},"allowSwitchLineMode":false,"allowLink":false,"borderWidth":1,"borderColor":"#B1B1B7","mouseInBorderColor":"#B1B1B7","index":-89,"dirty":true},{"type":"jadeEvent","container":"elsa-page:tvp1s6","id":"0vxnrc","text":"","namespace":"flowable","x":2228.7896825396824,"y":495.9880952380952,"width":105.67460317460245,"height":-10.05952380952391,"bold":false,"italic":false,"pad":0,"margin":20,"backColor":"white","hideText":true,"beginArrow":false,"beginArrowEmpty":false,"beginArrowSize":4,"endArrow":true,"endArrowEmpty":false,"endArrowSize":4,"textX":0,"textY":0,"hAlign":"center","lineWidth":2,"fromShape":"jadecoarmv","toShape":"jadesoux5i","definedFromConnector":"E","definedToConnector":"W","arrowBeginPoint":{"x":0,"y":0},"arrowEndPoint":{"x":0,"y":0},"curvePoint1":{"x":0,"y":0},"curvePoint2":{"x":0,"y":0},"brokenPoints":[],"lineMode":{"type":"auto_curve"},"allowSwitchLineMode":false,"allowLink":false,"borderWidth":1,"borderColor":"#B1B1B7","mouseInBorderColor":"#B1B1B7","index":-88,"dirty":true},{"type":"jadeEvent","container":"elsa-page:tvp1s6","id":"v3a2mn","text":"","namespace":"flowable","x":1313.2897283160496,"y":632.1599778674897,"width":96.74995422363281,"height":793.5781173706055,"bold":false,"italic":false,"pad":0,"margin":20,"backColor":"white","hideText":true,"beginArrow":false,"beginArrowEmpty":false,"beginArrowSize":4,"endArrow":true,"endArrowEmpty":false,"endArrowSize":4,"textX":0,"textY":0,"hAlign":"center","lineWidth":2,"fromShape":"jadelh4543","toShape":"jaded1ufou","definedFromConnector":"dynamic-2","definedToConnector":"W","arrowBeginPoint":{"x":0,"y":0},"arrowEndPoint":{"x":0,"y":0},"curvePoint1":{"x":0,"y":0},"curvePoint2":{"x":0,"y":0},"brokenPoints":[],"lineMode":{"type":"auto_curve"},"allowSwitchLineMode":false,"allowLink":false,"borderWidth":1,"borderColor":"#B1B1B7","mouseInBorderColor":"#B1B1B7","index":-87,"dirty":true},{"type":"jadeEvent","container":"elsa-page:tvp1s6","id":"fv8h4v","text":"","namespace":"flowable","x":1770.0396825396824,"y":1425.7380952380952,"width":131.25,"height":17.75,"bold":false,"italic":false,"pad":0,"margin":20,"backColor":"white","hideText":true,"beginArrow":false,"beginArrowEmpty":false,"beginArrowSize":4,"endArrow":true,"endArrowEmpty":false,"endArrowSize":4,"textX":0,"textY":0,"hAlign":"center","lineWidth":2,"fromShape":"jaded1ufou","toShape":"jadela7k5y","definedFromConnector":"E","definedToConnector":"W","arrowBeginPoint":{"x":0,"y":0},"arrowEndPoint":{"x":0,"y":0},"curvePoint1":{"x":0,"y":0},"curvePoint2":{"x":0,"y":0},"brokenPoints":[],"lineMode":{"type":"auto_curve"},"allowSwitchLineMode":false,"allowLink":false,"borderWidth":1,"borderColor":"#B1B1B7","mouseInBorderColor":"#B1B1B7","index":-86,"dirty":true}]}],"enableText":false,"flowMeta":{"exceptionFitables":["com.huawei.fit.jober.aipp.fitable.AippFlowExceptionHandler"],"enableOutputScope":true},"version":"1.0.0"}', 'com.huawei.jade', '2024-05-24 18:34:49.019', 'com.huawei.jade', '2024-05-24 18:34:53.724', NULL, 'f') ON CONFLICT (id, version) DO NOTHING;
INSERT INTO "flow_graph" ("id", "version", "tenant", "status", "name", "data", "created_by", "created_at", "updated_by", "updated_at", "previous", "is_deleted") VALUES ('3bb39bed81f44549b84d20cc6e3b530b', '1.0.0', '31f20efc7e0848deab6a6bc10fc3021e', 'active', '3bb39bed81f44549b84d20cc6e3b530b', '{"id":"3bb39bed81f44549b84d20cc6e3b530b","title":"3bb39bed81f44549b84d20cc6e3b530b","source":"elsa","type":"jadeFlowGraph","tenant":"default","setting":{"borderColor":"#047bfc","shadow":"","underline":false,"selectable":true,"fontFace":"arial","pDock":"none","headColor":"steelblue","itemScroll":{"x":0,"y":0},"vAlign":"top","cornerRadius":4,"rotateAble":true,"pad":10,"infoType":{"next":"INFORMATION","name":"none"},"focusMargin":0,"progressStatus":{"next":"UNKNOWN","color":"gray","name":"NONE"},"focusBackColor":"whitesmoke","tag":{},"captionfontColor":"whitesmoke","fontWeight":"lighter","captionlineHeight":1,"margin":25,"itemPad":[5,5,5,5],"autoHeight":false,"visible":true,"rotateDegree":0,"focusBorderColor":"#047bfc","priority":0,"fontStyle":"normal","backColor":"whitesmoke","captionfontFace":"arial black","dockMode":"none","dashWidth":0,"fontSize":12,"mouseInFontColor":"orange","resizeable":true,"captionfontWeight":"lighter","mouseInBorderColor":"#047bfc","autoText":false,"showedProgress":false,"shared":false,"code":"","hAlign":"center","deletable":true,"numberedList":false,"shadowData":"2px 2px 4px","focusBorderWidth":1,"allowLink":true,"lineWidth":2,"captionhAlign":"center","dragable":true,"focusShadow":"","emphasized":false,"borderWidth":1,"globalAlpha":1,"bulletedList":false,"enableAnimation":false,"autoWidth":false,"captionfontSize":14,"progressPercent":0.65,"strikethrough":false,"backAlpha":0.15,"focusFontColor":"darkorange","outstanding":false,"editable":true,"moveable":true,"captionfontStyle":"normal","mouseInColor":"orange","bulletSpeed":1,"enableSocial":true,"scrollLock":{"x":false,"y":false},"lineHeight":1.5,"fontColor":"steelblue","mouseInBackColor":"whitesmoke"},"pages":[{"container":"elsa-page:tvp1s6","borderColor":"white","hAlign":"left","itemSpace":5,"fontFace":"arial","itemScroll":{"x":0,"y":0},"hideText":true,"shapesAs":{},"type":"jadeFlowPage","italic":false,"vAlign":"top","mode":"configuration","scaleX":0.8,"division":-1,"scaleY":0.8,"dockAlign":"top","focusBackColor":"#fbfbfc","id":"elsa-page:tvp1s6","text":"newFlowPage","fontWeight":"bold","height":800,"dirty":false,"itemPad":[0,0,0,0],"moveable":true,"index":0,"bold":false,"fontStyle":"normal","backColor":"#fbfbfc","dockMode":"none","x":297.46031746031747,"width":1600,"namespace":"jadeFlow","y":121.01190476190482,"fontSize":18,"isPage":true,"fontColor":"#ECD0A7","shapes":[{"container":"elsa-page:tvp1s6","borderColor":"rgba(28,31,35,.08)","shadow":"0 2px 4px 0 rgba(0,0,0,.1)","sourcePlatform":"official","deletable":false,"focusBorderWidth":2,"hideText":true,"type":"startNodeStart","italic":false,"completedTask":0,"cornerRadius":8,"rotateAble":false,"pad":6,"focusShadow":"0 0 1px rgba(0,0,0,.3),0 4px 14px rgba(0,0,0,.1)","warningTask":0,"borderWidth":1,"enableAnimation":false,"focusBackColor":"white","id":"jade6qm5eg","text":"开始","componentName":"startComponent","triggerMode":"auto","height":528,"dirty":true,"autoHeight":true,"runningTask":0,"flowMeta":{"inputParams":[{"name":"input","from":"Expand","id":"91138f09-b635-43df-95c6-1fe3d1745829","type":"Object","config":[{"allowAdd":true}],"value":[{"name":"query","description":"这是用户输入的问题","from":"Input","id":"input_ae2ffd6e-2b9e-4e73-9d7f-0e661ec3dbdb","type":"String","value":""}]},{"name":"memory","from":"Expand","id":"4a770dc6-e3c9-475d-84c7-48dacc74a5b6","type":"Object","value":[{"name":"type","from":"Input","id":"cee9a31b-781c-4835-a616-ceed73be22f2","type":"String","value":"NotUseMemory"},{"name":"value","from":"Input","id":"69592622-4291-409d-9d65-9faea83db657","type":"","value":null}]}],"triggerMode":"auto"},"index":101,"bold":false,"backColor":"white","x":-10.89285714285711,"width":360,"namespace":"flowable","y":90,"dashWidth":0,"mouseInBorderColor":"rgba(28,31,35,.08)"},{"container":"elsa-page:tvp1s6","borderColor":"rgba(28,31,35,.08)","shadow":"0 2px 4px 0 rgba(0,0,0,.1)","sourcePlatform":"official","deletable":false,"focusBorderWidth":2,"hideText":true,"type":"endNodeEnd","italic":false,"completedTask":0,"cornerRadius":8,"rotateAble":false,"pad":6,"focusShadow":"0 0 1px rgba(0,0,0,.3),0 4px 14px rgba(0,0,0,.1)","warningTask":0,"borderWidth":1,"enableAnimation":false,"focusBackColor":"white","id":"jadesoux5i","text":"结束","componentName":"endComponent","triggerMode":"auto","height":214,"dirty":true,"autoHeight":true,"runningTask":0,"flowMeta":{"callback":{"fitables":["com.huawei.fit.jober.aipp.fitable.AippFlowEndCallback"],"converter":{"type":"mapping_converter","entity":{"outputParams":[{}],"inputParams":[{"referenceNode":"jadeka3h5h","name":"finalOutput","from":"Reference","id":"ffad80c2-3f60-4d57-93b2-c2362a5dab9c","type":"String","value":["output"],"referenceId":"output_48507a00-8836-43bc-b6eb-46ef08d447e7","referenceKey":"output"}]}},"name":"通知回调","type":"general_callback"},"triggerMode":"auto"},"index":102,"bold":false,"backColor":"white","x":1466.9642857142849,"width":360,"namespace":"flowable","y":247.67857142857127,"dashWidth":0,"mouseInBorderColor":"rgba(28,31,35,.08)"},{"type":"llmNodeState","container":"elsa-page:tvp1s6","id":"jadeknt9h5","text":"大模型","namespace":"flowable","x":486.28968253968253,"y":-66.01190476190482,"width":360,"height":851,"bold":false,"italic":false,"pad":6,"rotateAble":false,"triggerMode":"auto","enableAnimation":false,"warningTask":0,"runningTask":0,"completedTask":0,"hideText":true,"autoHeight":true,"borderColor":"rgba(28,31,35,.08)","mouseInBorderColor":"rgba(28,31,35,.08)","shadow":"0 2px 4px 0 rgba(0,0,0,.1)","sourcePlatform":"official","focusShadow":"0 0 1px rgba(0,0,0,.3),0 4px 14px rgba(0,0,0,.1)","borderWidth":1,"focusBorderWidth":2,"dashWidth":0,"backColor":"white","focusBackColor":"white","cornerRadius":8,"flowMeta":{"triggerMode":"auto","jober":{"type":"general_jober","name":"","fitables":["com.huawei.fit.jober.aipp.fitable.LLMComponent"],"converter":{"type":"mapping_converter","entity":{"inputParams":[{"id":"a3800516-3671-4720-a11c-0ed0e3c28f30","name":"model","type":"String","from":"Input","value":"Qwen1.5-32B-Chat"},{"id":"d0ab103a-7d39-4fa9-8503-166f3f8b798a","name":"temperature","type":"Number","from":"Input","value":"0.9"},{"id":"ed08bc34-f6af-4ca4-b92f-74d582d06fdf","name":"prompt","type":"Object","from":"Expand","value":[{"id":"8c4e7ca8-0940-4441-bd05-bb3957641c9b","name":"template","type":"String","from":"Input","value":"{{query}}"},{"id":"427a5184-a179-4d16-91ca-9ec9a460ed73","name":"variables","type":"Object","from":"Expand","value":[{"id":"f244780e-0c2a-4e63-95ec-63c2c27073c9","name":"query","type":"String","from":"Reference","value":["query"],"referenceNode":"jade6qm5eg","referenceId":"input_ae2ffd6e-2b9e-4e73-9d7f-0e661ec3dbdb","referenceKey":"query"}]}]},{"id":"74221011-c679-4c10-8df7-8c3f850720d9","name":"tools","type":"Array","from":"Expand","value":[]},{"id":"04f7b230-a00e-442c-b1ee-5f07ef3054cf","name":"workflows","type":"Array","from":"Expand","value":[]},{"id":"098b6f9b-cba8-482c-898c-dd6b49054c51","name":"systemPrompt","type":"String","from":"Input","value":"- Role: 应用配置专家\n- Background: 用户需要为他们的应用程序创建一个吸引人的名称、描述和开场白，并希望应用能够通过提示词来引导用户进行交互。\n- Profile: 您是一位经验丰富的应用配置专家，擅长为各种类型的应用程序提供创意和专业的命名、描述和交互方案。\n- Skills: 应用命名、创意写作、用户交互设计、市场营销。\n- Goals: 设计一个能够体现应用核心价值和功能的名称，创建一个简洁明了的描述，以及一个友好的开场白，同时制定应用自身的提示词，以增强用户体验。\n- Constrains: 名称应简洁易记，描述应准确反映应用功能，开场白应友好且具有吸引力，提示词应引导用户进行有效互动。\n- OutputFormat: 以json格式返回名称（name）、描述（description）、开场白（greeting）和应用系统提示词模板（systemPrompt）。\n- Workflow:\n  1. 确定应用的核心功能和目标用户群体。\n  2. 创造性地生成应用名称，并确保名称独特且易于记忆。\n  3. 编写简洁明了的应用描述，突出其主要功能和优势。\n  4. 设计一个友好且具有吸引力的应用开场白。\n  5. 制定系统提示词模板，以引导应用如何有效响应应用问题。\n\n- Examples:\n  应用名称：智慧生活助手\n  描述：智慧生活助手是一款集成智能家居控制、日程管理、健康监测等功能的全能型应用，旨在为用户提供便捷、智能的生活方式。\n  开场白：欢迎来到智慧生活助手，您的智能生活从此开始！\n  应用系统提示词模板：\n   “ -角色：你是一个智能生活助手  \\n -背景：作为一款集成多种智能功能的应用程序，你需要熟悉各种智能家居设备、日程安排、健康数据等相关知识。 \\n -技能：智能家居控制(照明、温控、安防等)、日程管理(提醒、安排等)、健康监测(睡眠、运动、饮食等)、信息查询、语音交互等。 \\n -信息：你可以访问用户的智能家居设备、日历、健康数据等相关信息,并根据需要进行操作和响应。\\n -目标：为用户提供便捷、智能、个性化的生活体验,通过整合多种功能,满足用户在家居、工作、健康等多方面的需求。“\n\n\n-限制：你是一个JSON API,当收到请求时,必须直接返回JSON格式的数据,不需要任何其他文字说明或```json代码块。如：\n{\n  \"name\": \"行迹未来旅行规划大师\",\n  \"description\": \"行迹未来，您的智慧旅行伙伴，专注于为您打造独一无二的旅行体验。从梦幻目的地选择到详尽行程安排，一切尽在掌握。\",\n  \"greeting\": \"欢迎探索未知的旅程！我是您的旅行规划大师，让我们一起规划您的梦想之旅，每一步都充满惊喜。\",\n  \"systemPrompt\": \"-角色：智慧旅行规划与咨询 \\n -背景：基于先进的旅行算法，结合用户个人喜好，提供定制化服务\\n -技能：目的地推荐、行程优化、票务预订、文化背景介绍\\n -信息：分析用户的旅行日期、兴趣、预算，创造个性化体验\\n -目标：确保旅行轻松愉快，从规划到回忆，每一步都贴心相伴。\"\n}"}],"outputParams":[{"id":"2499b972-8615-4be9-b818-7dba8101b424","name":"output","type":"Object","from":"Expand","value":[{"id":"48de507a-83ce-47c1-848f-ed1519527830","name":"llmOutput","type":"string","from":"Input","description":"","value":""}]}]}},"isAsync":"true"}},"componentName":"llmComponent","index":102,"dirty":true},{"type":"toolInvokeNodeState","container":"elsa-page:tvp1s6","id":"jadeka3h5h","text":"工具调用","namespace":"flowable","x":1007.5396825396824,"y":150.23809523809518,"width":360,"height":259,"bold":false,"italic":false,"pad":6,"rotateAble":false,"triggerMode":"auto","enableAnimation":false,"warningTask":0,"runningTask":0,"completedTask":0,"hideText":true,"autoHeight":true,"borderColor":"rgba(28,31,35,.08)","mouseInBorderColor":"rgba(28,31,35,.08)","shadow":"0 2px 4px 0 rgba(0,0,0,.1)","sourcePlatform":"official","focusShadow":"0 0 1px rgba(0,0,0,.3),0 4px 14px rgba(0,0,0,.1)","borderWidth":1,"focusBorderWidth":2,"dashWidth":0,"backColor":"white","focusBackColor":"white","cornerRadius":8,"flowMeta":{"triggerMode":"auto","jober":{"type":"STORE_JOBER","name":"","fitables":[],"converter":{"type":"mapping_converter","entity":{"outputParams":[{"id":"output_48507a00-8836-43bc-b6eb-46ef08d447e7","name":"output","type":"String","value":[]}],"inputParams":[{"id":"appInfo_93af9c5d-3eff-4b67-90c4-5eed4a582206","name":"appInfo","type":"String","from":"Reference","referenceNode":"jadeknt9h5","referenceId":"48de507a-83ce-47c1-848f-ed1519527830","referenceKey":"llmOutput","value":["output","llmOutput"]}]}},"entity":{"uniqueName":"1afdab63-62e3-4965-ac91-a7a66099f068","params":[{"name":"appInfo"}],"return":{"type":"string"}}}},"componentName":"toolInvokeComponent","index":103,"dirty":true},{"type":"jadeEvent","container":"elsa-page:tvp1s6","id":"z5r92y","text":"","namespace":"flowable","x":349.1071428571429,"y":354,"width":137.18253968253964,"height":5.488095238095184,"bold":false,"italic":false,"pad":0,"margin":20,"backColor":"white","hideText":true,"beginArrow":false,"beginArrowEmpty":false,"beginArrowSize":4,"endArrow":true,"endArrowEmpty":false,"endArrowSize":4,"textX":0,"textY":0,"hAlign":"center","lineWidth":2,"fromShape":"jade6qm5eg","toShape":"jadeknt9h5","definedFromConnector":"E","definedToConnector":"W","arrowBeginPoint":{"x":0,"y":0},"arrowEndPoint":{"x":0,"y":0},"curvePoint1":{"x":0,"y":0},"curvePoint2":{"x":0,"y":0},"brokenPoints":[],"lineMode":{"type":"auto_curve"},"allowSwitchLineMode":false,"allowLink":false,"borderWidth":1,"borderColor":"#B1B1B7","mouseInBorderColor":"#B1B1B7","index":-96,"dirty":true},{"type":"jadeEvent","container":"elsa-page:tvp1s6","id":"zu2xwx","text":"","namespace":"flowable","x":846.2896825396825,"y":359.4880952380952,"width":161.2499999999999,"height":-79.75,"bold":false,"italic":false,"pad":0,"margin":20,"backColor":"white","hideText":true,"beginArrow":false,"beginArrowEmpty":false,"beginArrowSize":4,"endArrow":true,"endArrowEmpty":false,"endArrowSize":4,"textX":0,"textY":0,"hAlign":"center","lineWidth":2,"fromShape":"jadeknt9h5","toShape":"jadeka3h5h","definedFromConnector":"E","definedToConnector":"W","arrowBeginPoint":{"x":0,"y":0},"arrowEndPoint":{"x":0,"y":0},"curvePoint1":{"x":0,"y":0},"curvePoint2":{"x":0,"y":0},"brokenPoints":[],"lineMode":{"type":"auto_curve"},"allowSwitchLineMode":false,"allowLink":false,"borderWidth":1,"borderColor":"#B1B1B7","mouseInBorderColor":"#B1B1B7","index":-95,"dirty":true},{"type":"jadeEvent","container":"elsa-page:tvp1s6","id":"1k1udc","text":"","namespace":"flowable","x":1367.5396825396824,"y":279.7380952380952,"width":99.42460317460245,"height":74.94047619047609,"bold":false,"italic":false,"pad":0,"margin":20,"backColor":"white","hideText":true,"beginArrow":false,"beginArrowEmpty":false,"beginArrowSize":4,"endArrow":true,"endArrowEmpty":false,"endArrowSize":4,"textX":0,"textY":0,"hAlign":"center","lineWidth":2,"fromShape":"jadeka3h5h","toShape":"jadesoux5i","definedFromConnector":"E","definedToConnector":"W","arrowBeginPoint":{"x":0,"y":0},"arrowEndPoint":{"x":0,"y":0},"curvePoint1":{"x":0,"y":0},"curvePoint2":{"x":0,"y":0},"brokenPoints":[],"lineMode":{"type":"auto_curve"},"allowSwitchLineMode":false,"allowLink":false,"borderWidth":1,"borderColor":"#B1B1B7","mouseInBorderColor":"#B1B1B7","index":-94,"dirty":true}]}],"enableText":false,"flowMeta":{"exceptionFitables":["com.huawei.fit.jober.aipp.fitable.AippFlowExceptionHandler"],"enableOutputScope":true},"version":"1.0.0"}', 'com.huawei.jade', '2024-05-24 19:15:53.116', 'com.huawei.jade', '2024-05-24 19:15:53.18', NULL, 'f') ON CONFLICT (id, version) DO NOTHING;

INSERT INTO "flow_definition" ("definition_id", "meta_id", "name", "tenant", "version", "status", "graph", "created_by", "created_at") VALUES ('45befdde3d794a368e3619e2c464ddbc', 'beefffd1168b4785a71f149a2a530d2f', 'beefffd1168b4785a71f149a2a530d2f', '31f20efc7e0848deab6a6bc10fc3021e', '1.0.0', 'active', '{"name": "beefffd1168b4785a71f149a2a530d2f", "nodes": [{"name": "开始", "type": "startNodeStart", "metaId": "jade6qm5eg", "inputParams": [{"id": "91138f09-b635-43df-95c6-1fe3d1745829", "from": "Expand", "name": "input", "type": "Object", "value": [{"id": "input_ae2ffd6e-2b9e-4e73-9d7f-0e661ec3dbdb", "from": "Input", "name": "query", "type": "String", "value": "", "description": "用户问题。"}], "config": [{"allowAdd": true}]}, {"id": "4a770dc6-e3c9-475d-84c7-48dacc74a5b6", "from": "Expand", "name": "memory", "type": "Object", "value": [{"id": "cee9a31b-781c-4835-a616-ceed73be22f2", "from": "Input", "name": "type", "type": "String", "value": "NotUseMemory"}, {"id": "69592622-4291-409d-9d65-9faea83db657", "from": "Input", "name": "value", "type": ""}]}], "triggerMode": "auto"}, {"name": "财经问答结束", "type": "endNodeEnd", "metaId": "jadesoux5i", "callback": {"name": "通知回调", "type": "general_callback", "fitables": ["com.huawei.fit.jober.aipp.fitable.AippFlowEndCallback"], "converter": {"type": "mapping_converter", "entity": {"inputParams": [{"id": "ffad80c2-3f60-4d57-93b2-c2362a5dab9c", "from": "Reference", "name": "finalOutput", "type": "String", "value": ["output"], "referenceId": "output_fc952038-1a14-442b-bd78-8515e69449fa", "referenceKey": "output", "referenceNode": "jadecoarmv"}], "outputParams": [{}]}}}, "triggerMode": "auto"}, {"name": "问题路由", "type": "toolInvokeNodeState", "jober": {"name": "", "type": "STORE_JOBER", "entity": {"params": [{"name": "query"}], "return": {"type": "object"}, "uniqueName": "c6c2d272-90e5-4c06-b8fa-5d94930b7532"}, "fitables": [], "converter": {"type": "mapping_converter", "entity": {"inputParams": [{"id": "query_c958c2fd-b97e-481f-8cff-55e7d8564d5d", "from": "Reference", "name": "query", "type": "String", "value": ["query"], "referenceId": "input_ae2ffd6e-2b9e-4e73-9d7f-0e661ec3dbdb", "referenceKey": "query", "referenceNode": "jade6qm5eg"}], "outputParams": [{"id": "output_2d3a958f-ac5c-413f-bf27-e39425597f72", "name": "output", "type": "Object", "value": [{"id": "b290d85f-2c2e-426d-9789-1ffbdd492a2b", "name": "result", "type": "String", "value": "String"}, {"id": "4b5ec0f1-33e5-4bb4-bf83-df410be25b14", "name": "matched", "type": "Boolean", "value": "Boolean"}, {"id": "92a77575-7d95-4e51-ab3b-7ce14385b2d4", "name": "completeQuery", "type": "String", "value": "String"}]}]}}}, "metaId": "jade3axbnw", "triggerMode": "auto"}, {"name": "结果生成", "type": "toolInvokeNodeState", "jober": {"name": "", "type": "STORE_JOBER", "entity": {"params": [{"name": "condition"}, {"name": "query"}], "return": {"type": "string"}, "uniqueName": "24474301-937a-4335-a155-1e86d1a48de0"}, "fitables": [], "converter": {"type": "mapping_converter", "entity": {"inputParams": [{"id": "condition_b63e38ea-b27e-4895-b2d8-de84384fae2e", "from": "Reference", "name": "condition", "type": "String", "value": ["output", "llmOutput"], "referenceId": "8e900cd6-d151-402b-b6b2-194790edf467", "referenceKey": "llmOutput", "referenceNode": "jade5wc1ee"}, {"id": "query_88827f8c-a610-46b7-8b50-4531bb87763f", "from": "Reference", "name": "query", "type": "String", "value": ["query"], "referenceId": "input_ae2ffd6e-2b9e-4e73-9d7f-0e661ec3dbdb", "referenceKey": "query", "referenceNode": "jade6qm5eg"}], "outputParams": [{"id": "output_fc952038-1a14-442b-bd78-8515e69449fa", "name": "output", "type": "String", "value": []}]}}}, "metaId": "jadecoarmv", "triggerMode": "auto"}, {"name": "条件", "type": "conditionNodeCondition", "metaId": "jadelh4543", "triggerMode": "auto", "conditionParams": {"branches": [{"id": "ad2e05b6-593a-4d86-81e0-1b1b504c2795", "conditions": [{"id": "5d96df3a-5192-4de8-9743-63cf9f0259ec", "value": [{"id": "3fc094bc-8496-4e7e-a940-97b092d7e67d", "from": "Reference", "name": "left", "type": "Boolean", "value": ["output", "matched"], "referenceId": "4b5ec0f1-33e5-4bb4-bf83-df410be25b14", "referenceKey": "matched", "referenceNode": "jade3axbnw"}, {"id": "f770e6fe-a612-4fb8-8c40-d51bcef05baf", "from": "Reference", "name": "right", "type": "", "value": "", "referenceId": "", "referenceKey": "", "referenceNode": ""}], "condition": "is true"}], "conditionRelation": "and"}]}}, {"name": "财经问题专属模型", "type": "llmNodeState", "jober": {"name": "", "type": "general_jober", "isAsync": "true", "fitables": ["com.huawei.fit.jober.aipp.fitable.LLMComponent"], "converter": {"type": "mapping_converter", "entity": {"inputParams": [{"id": "c490ace3-472c-4c95-bf29-760982f62c64", "from": "Input", "name": "model", "type": "String", "value": "Qwen-72B"}, {"id": "c1ea0b9c-97c9-466e-bd42-b0eb6046dc3a", "from": "Input", "name": "temperature", "type": "Number", "value": "0"}, {"id": "89cda9b5-f975-42ba-a426-a83a6cbdddb3", "from": "Expand", "name": "prompt", "type": "Object", "value": [{"id": "12fe982a-0fbd-4461-a159-51e09de31dc0", "from": "Input", "name": "template", "type": "String", "value": "{{query}}"}, {"id": "6e78da7c-3d62-4df8-98cf-310b06691a4e", "from": "Expand", "name": "variables", "type": "Object", "value": [{"id": "1ec181db-eed1-4089-a580-f656de258322", "from": "Reference", "name": "query", "type": "String", "value": ["output", "result"], "referenceId": "b290d85f-2c2e-426d-9789-1ffbdd492a2b", "referenceKey": "result", "referenceNode": "jade3axbnw"}]}]}, {"id": "a5f228f5-167e-4fbc-8114-69bcd9c76a4c", "from": "Expand", "name": "tools", "type": "Array", "value": []}, {"id": "f548ab63-9add-4053-a3a6-cb7682c362af", "from": "Expand", "name": "workflows", "type": "Array", "value": []}, {"id": "4ff72b6e-18b8-430c-a509-d1bf8a53bbe5", "from": "Input", "name": "systemPrompt", "type": "String", "value": ""}], "outputParams": [{"id": "8cc96b96-765d-4f13-ba10-d9dff76a2615", "from": "Expand", "name": "output", "type": "Object", "value": [{"id": "8e900cd6-d151-402b-b6b2-194790edf467", "from": "Input", "name": "llmOutput", "type": "string", "value": "", "description": ""}]}]}}}, "metaId": "jade5wc1ee", "triggerMode": "auto"}, {"name": "普通问答模型", "type": "llmNodeState", "jober": {"name": "", "type": "general_jober", "isAsync": "true", "fitables": ["com.huawei.fit.jober.aipp.fitable.LLMComponent"], "converter": {"type": "mapping_converter", "entity": {"inputParams": [{"id": "f9586db3-72f9-4d33-9f01-893bbfa61277", "from": "Input", "name": "model", "type": "String", "value": "Qwen1.5-32B-Chat"}, {"id": "e0b992c2-739a-43b1-9cbc-b6747eb7592f", "from": "Input", "name": "temperature", "type": "Number", "value": "0.3"}, {"id": "95ba86be-5c03-4258-b5ce-32b0eae17b5c", "from": "Expand", "name": "prompt", "type": "Object", "value": [{"id": "123d6c59-c525-4100-a66b-72b1a2c4e625", "from": "Input", "name": "template", "type": "String", "value": "{{query}}"}, {"id": "892b3e12-2895-4e79-b668-5d6a6bd79fe6", "from": "Expand", "name": "variables", "type": "Object", "value": [{"id": "c779f80b-c15f-416d-ad1b-6628cb24fe8c", "from": "Reference", "name": "query", "type": "String", "value": ["query"], "referenceId": "input_ae2ffd6e-2b9e-4e73-9d7f-0e661ec3dbdb", "referenceKey": "query", "referenceNode": "jade6qm5eg"}]}]}, {"id": "a4e83ae4-4f4b-4407-a2bc-a9570886329e", "from": "Expand", "name": "tools", "type": "Array", "value": []}, {"id": "08297d4d-4f38-44c0-b049-638a2008a884", "from": "Expand", "name": "workflows", "type": "Array", "value": []}, {"id": "f4fd8b0a-aeaf-47e2-8914-5501ba5bb4b1", "from": "Input", "name": "systemPrompt", "type": "String", "value": ""}], "outputParams": [{"id": "9024f034-bacc-4ac0-812f-e270fa6997b9", "from": "Expand", "name": "output", "type": "Object", "value": [{"id": "6f0fdf98-24ee-4ef0-bd62-9d4f1b1cb6ac", "from": "Input", "name": "llmOutput", "type": "string", "value": "", "description": ""}]}]}}}, "metaId": "jaded1ufou", "triggerMode": "auto"}, {"name": "普通问答结束", "type": "endNodeEnd", "metaId": "jadela7k5y", "callback": {"name": "通知回调", "type": "general_callback", "fitables": ["com.huawei.fit.jober.aipp.fitable.AippFlowEndCallback"], "converter": {"type": "mapping_converter", "entity": {"inputParams": [{"id": "e09784cb-3ae9-4581-aa63-1b83f09fd7ed", "from": "Reference", "name": "finalOutput", "type": "String", "value": ["output", "llmOutput"], "referenceId": "6f0fdf98-24ee-4ef0-bd62-9d4f1b1cb6ac", "referenceKey": "llmOutput", "referenceNode": "jaded1ufou"}], "outputParams": [{}]}}}, "triggerMode": "auto"}, {"to": "jade3axbnw", "from": "jade6qm5eg", "name": "", "type": "jadeEvent", "metaId": "4iyvh1", "fromConnector": "E"}, {"to": "jadelh4543", "from": "jade3axbnw", "name": "", "type": "jadeEvent", "metaId": "6rh9x7", "fromConnector": "E"}, {"to": "jade5wc1ee", "from": "jadelh4543", "name": "", "type": "jadeEvent", "metaId": "vosd6p", "fromConnector": "dynamic-0"}, {"to": "jadecoarmv", "from": "jade5wc1ee", "name": "", "type": "jadeEvent", "metaId": "4qny17", "fromConnector": "E"}, {"to": "jadesoux5i", "from": "jadecoarmv", "name": "", "type": "jadeEvent", "metaId": "0vxnrc", "fromConnector": "E"}, {"to": "jaded1ufou", "from": "jadelh4543", "name": "", "type": "jadeEvent", "metaId": "v3a2mn", "fromConnector": "dynamic-2"}, {"to": "jadela7k5y", "from": "jaded1ufou", "name": "", "type": "jadeEvent", "metaId": "fv8h4v", "fromConnector": "E"}], "metaId": "beefffd1168b4785a71f149a2a530d2f", "status": "active", "version": "1.0.0", "enableOutputScope": true, "exceptionFitables": ["com.huawei.fit.jober.aipp.fitable.AippFlowExceptionHandler"]}', 'com.huawei.jade', '2024-05-24 18:34:53.189') ON CONFLICT (definition_id) DO NOTHING;
INSERT INTO "flow_definition" ("definition_id", "meta_id", "name", "tenant", "version", "status", "graph", "created_by", "created_at") VALUES ('0a3bd341d945405bb4148f23c1748ddc', '3bb39bed81f44549b84d20cc6e3b530b', '3bb39bed81f44549b84d20cc6e3b530b', '31f20efc7e0848deab6a6bc10fc3021e', '1.0.0', 'active', '{"name": "3bb39bed81f44549b84d20cc6e3b530b", "nodes": [{"name": "开始", "type": "startNodeStart", "metaId": "jade6qm5eg", "inputParams": [{"id": "91138f09-b635-43df-95c6-1fe3d1745829", "from": "Expand", "name": "input", "type": "Object", "value": [{"id": "input_ae2ffd6e-2b9e-4e73-9d7f-0e661ec3dbdb", "from": "Input", "name": "query", "type": "String", "value": "", "description": "这是用户输入的问题"}], "config": [{"allowAdd": true}]}, {"id": "4a770dc6-e3c9-475d-84c7-48dacc74a5b6", "from": "Expand", "name": "memory", "type": "Object", "value": [{"id": "cee9a31b-781c-4835-a616-ceed73be22f2", "from": "Input", "name": "type", "type": "String", "value": "NotUseMemory"}, {"id": "69592622-4291-409d-9d65-9faea83db657", "from": "Input", "name": "value", "type": ""}]}], "triggerMode": "auto"}, {"name": "结束", "type": "endNodeEnd", "metaId": "jadesoux5i", "callback": {"name": "通知回调", "type": "general_callback", "fitables": ["com.huawei.fit.jober.aipp.fitable.AippFlowEndCallback"], "converter": {"type": "mapping_converter", "entity": {"inputParams": [{"id": "ffad80c2-3f60-4d57-93b2-c2362a5dab9c", "from": "Reference", "name": "finalOutput", "type": "String", "value": ["output"], "referenceId": "output_48507a00-8836-43bc-b6eb-46ef08d447e7", "referenceKey": "output", "referenceNode": "jadeka3h5h"}], "outputParams": [{}]}}}, "triggerMode": "auto"}, {"name": "大模型", "type": "llmNodeState", "jober": {"name": "", "type": "general_jober", "isAsync": "true", "fitables": ["com.huawei.fit.jober.aipp.fitable.LLMComponent"], "converter": {"type": "mapping_converter", "entity": {"inputParams": [{"id": "a3800516-3671-4720-a11c-0ed0e3c28f30", "from": "Input", "name": "model", "type": "String", "value": "Qwen1.5-32B-Chat"}, {"id": "d0ab103a-7d39-4fa9-8503-166f3f8b798a", "from": "Input", "name": "temperature", "type": "Number", "value": "0.9"}, {"id": "ed08bc34-f6af-4ca4-b92f-74d582d06fdf", "from": "Expand", "name": "prompt", "type": "Object", "value": [{"id": "8c4e7ca8-0940-4441-bd05-bb3957641c9b", "from": "Input", "name": "template", "type": "String", "value": "{{query}}"}, {"id": "427a5184-a179-4d16-91ca-9ec9a460ed73", "from": "Expand", "name": "variables", "type": "Object", "value": [{"id": "f244780e-0c2a-4e63-95ec-63c2c27073c9", "from": "Reference", "name": "query", "type": "String", "value": ["query"], "referenceId": "input_ae2ffd6e-2b9e-4e73-9d7f-0e661ec3dbdb", "referenceKey": "query", "referenceNode": "jade6qm5eg"}]}]}, {"id": "74221011-c679-4c10-8df7-8c3f850720d9", "from": "Expand", "name": "tools", "type": "Array", "value": []}, {"id": "04f7b230-a00e-442c-b1ee-5f07ef3054cf", "from": "Expand", "name": "workflows", "type": "Array", "value": []}, {"id": "098b6f9b-cba8-482c-898c-dd6b49054c51", "from": "Input", "name": "systemPrompt", "type": "String", "value": "- Role: 应用配置专家\n- Background: 用户需要为他们的应用程序创建一个吸引人的名称、描述和开场白，并希望应用能够通过提示词来引导用户进行交互。\n- Profile: 您是一位经验丰富的应用配置专家，擅长为各种类型的应用程序提供创意和专业的命名、描述和交互方案。\n- Skills: 应用命名、创意写作、用户交互设计、市场营销。\n- Goals: 设计一个能够体现应用核心价值和功能的名称，创建一个简洁明了的描述，以及一个友好的开场白，同时制定应用自身的提示词，以增强用户体验。\n- Constrains: 名称应简洁易记，描述应准确反映应用功能，开场白应友好且具有吸引力，提示词应引导用户进行有效互动。\n- OutputFormat: 以json格式返回名称（name）、描述（description）、开场白（greeting）和应用系统提示词模板（systemPrompt）。\n- Workflow:\n  1. 确定应用的核心功能和目标用户群体。\n  2. 创造性地生成应用名称，并确保名称独特且易于记忆。\n  3. 编写简洁明了的应用描述，突出其主要功能和优势。\n  4. 设计一个友好且具有吸引力的应用开场白。\n  5. 制定系统提示词模板，以引导应用如何有效响应应用问题。\n\n- Examples:\n  应用名称：智慧生活助手\n  描述：智慧生活助手是一款集成智能家居控制、日程管理、健康监测等功能的全能型应用，旨在为用户提供便捷、智能的生活方式。\n  开场白：欢迎来到智慧生活助手，您的智能生活从此开始！\n  应用系统提示词模板：\n   “ -角色：你是一个智能生活助手  \\n -背景：作为一款集成多种智能功能的应用程序，你需要熟悉各种智能家居设备、日程安排、健康数据等相关知识。 \\n -技能：智能家居控制(照明、温控、安防等)、日程管理(提醒、安排等)、健康监测(睡眠、运动、饮食等)、信息查询、语音交互等。 \\n -信息：你可以访问用户的智能家居设备、日历、健康数据等相关信息,并根据需要进行操作和响应。\\n -目标：为用户提供便捷、智能、个性化的生活体验,通过整合多种功能,满足用户在家居、工作、健康等多方面的需求。“\n\n\n-限制：你是一个JSON API,当收到请求时,必须直接返回JSON格式的数据,不需要任何其他文字说明或```json代码块。如：\n{\n  \"name\": \"行迹未来旅行规划大师\",\n  \"description\": \"行迹未来，您的智慧旅行伙伴，专注于为您打造独一无二的旅行体验。从梦幻目的地选择到详尽行程安排，一切尽在掌握。\",\n  \"greeting\": \"欢迎探索未知的旅程！我是您的旅行规划大师，让我们一起规划您的梦想之旅，每一步都充满惊喜。\",\n  \"systemPrompt\": \"-角色：智慧旅行规划与咨询 \\n -背景：基于先进的旅行算法，结合用户个人喜好，提供定制化服务\\n -技能：目的地推荐、行程优化、票务预订、文化背景介绍\\n -信息：分析用户的旅行日期、兴趣、预算，创造个性化体验\\n -目标：确保旅行轻松愉快，从规划到回忆，每一步都贴心相伴。\"\n}"}], "outputParams": [{"id": "2499b972-8615-4be9-b818-7dba8101b424", "from": "Expand", "name": "output", "type": "Object", "value": [{"id": "48de507a-83ce-47c1-848f-ed1519527830", "from": "Input", "name": "llmOutput", "type": "string", "value": "", "description": ""}]}]}}}, "metaId": "jadeknt9h5", "triggerMode": "auto"}, {"name": "工具调用", "type": "toolInvokeNodeState", "jober": {"name": "", "type": "STORE_JOBER", "entity": {"params": [{"name": "appInfo"}], "return": {"type": "string"}, "uniqueName": "1afdab63-62e3-4965-ac91-a7a66099f068"}, "fitables": [], "converter": {"type": "mapping_converter", "entity": {"inputParams": [{"id": "appInfo_93af9c5d-3eff-4b67-90c4-5eed4a582206", "from": "Reference", "name": "appInfo", "type": "String", "value": ["output", "llmOutput"], "referenceId": "48de507a-83ce-47c1-848f-ed1519527830", "referenceKey": "llmOutput", "referenceNode": "jadeknt9h5"}], "outputParams": [{"id": "output_48507a00-8836-43bc-b6eb-46ef08d447e7", "name": "output", "type": "String", "value": []}]}}}, "metaId": "jadeka3h5h", "triggerMode": "auto"}, {"to": "jadeknt9h5", "from": "jade6qm5eg", "name": "", "type": "jadeEvent", "metaId": "z5r92y", "fromConnector": "E"}, {"to": "jadeka3h5h", "from": "jadeknt9h5", "name": "", "type": "jadeEvent", "metaId": "zu2xwx", "fromConnector": "E"}, {"to": "jadesoux5i", "from": "jadeka3h5h", "name": "", "type": "jadeEvent", "metaId": "1k1udc", "fromConnector": "E"}], "metaId": "3bb39bed81f44549b84d20cc6e3b530b", "status": "active", "version": "1.0.0", "enableOutputScope": true, "exceptionFitables": ["com.huawei.fit.jober.aipp.fitable.AippFlowExceptionHandler"]}', 'com.huawei.jade', '2024-05-24 19:15:53.177') ON CONFLICT (definition_id) DO NOTHING;

INSERT INTO "task_type" ("id", "tree_id", "parent_id", "name", "created_by", "created_at", "updated_by", "updated_at", "task_id") VALUES ('067ed1edb07d4b4ebe803b9f1535566e', '226e559109444d348c30cef26b8957a3', '00000000000000000000000000000000', '财经收入问题|1.0.0', 'com.huawei.jade', '2024-05-24 18:34:52.996', 'com.huawei.jade', '2024-05-24 18:34:52.996', '226e559109444d348c30cef26b8957a3') ON CONFLICT (id) DO NOTHING;
INSERT INTO "task_type" ("id", "tree_id", "parent_id", "name", "created_by", "created_at", "updated_by", "updated_at", "task_id") VALUES ('592a34adb55341c58f6909dc97158609', 'dc27c37e6a1143e9a628d41026dd6703', '00000000000000000000000000000000', '创建应用|1.0.0', 'com.huawei.jade', '2024-05-24 19:15:53.142', 'com.huawei.jade', '2024-05-24 19:15:53.142', 'dc27c37e6a1143e9a628d41026dd6703') ON CONFLICT (id) DO NOTHING;
